# 3ds Max Wavefront OBJ Exporter v0.99 - (c)2007 guruware
# ´´½¨µÄÎÄ¼ş:11.05.2026 21:38:25

mtllib É³·¢2.mtl

#
# object model001
#

v  0.9836 0.4322 -2.9831
v  0.9879 0.4300 -2.9785
v  0.9879 0.4238 -2.9794
v  0.9843 0.4237 -2.9841
v  0.9829 0.2457 -2.9046
v  0.9823 0.2436 -2.9216
v  0.9879 0.2480 -2.9223
v  0.9879 0.2543 -2.9070
v  0.9830 0.2668 -2.8958
v  0.9825 0.2573 -2.8947
v  0.9879 0.2662 -2.9048
v  0.9791 0.2486 -2.8937
v  0.9829 0.2346 -2.9045
v  0.9859 0.2331 -2.8946
v  0.9879 0.2312 -2.8939
v  0.9879 0.2320 -2.9045
v  0.9879 0.1265 -2.7380
v  0.9862 0.1242 -2.7384
v  0.9879 0.1241 -2.7453
v  0.9872 0.1258 -2.7427
v  0.1225 0.1233 -2.5271
v  0.1252 0.1209 -2.5266
v  0.1280 0.1216 -2.5295
v  0.1257 0.1245 -2.5263
v  0.1283 0.1239 -2.5241
v  0.1302 0.1212 -2.5270
v  0.1280 0.1206 -2.5239
v  0.1289 0.1211 -2.5210
v  0.1287 0.2322 -2.5362
v  0.1313 0.2319 -2.5355
v  0.1321 0.2336 -2.5342
v  0.1287 0.2345 -2.5355
v  0.1247 0.2354 -2.5296
v  0.1286 0.2341 -2.5271
v  0.1279 0.2304 -2.5280
v  0.1241 0.2304 -2.5308
v  0.2992 0.2503 -2.2599
v  0.3129 0.2498 -2.2553
v  0.3225 0.2550 -2.2883
v  0.2963 0.2549 -2.2981
v  0.3386 0.2559 -2.3223
v  0.3167 0.2586 -2.3346
v  0.2907 0.2576 -2.3554
v  0.2688 0.2530 -2.3296
v  0.2756 0.2487 -2.2860
v  0.2866 0.2484 -2.2652
v  0.2530 0.2466 -2.3176
v  0.3803 0.3976 -2.7882
v  0.4020 0.3977 -2.8055
v  0.3954 0.4017 -2.8085
v  0.3697 0.4011 -2.7887
v  0.3736 0.4071 -2.7830
v  0.3991 0.4065 -2.8020
v  0.4243 0.4059 -2.8198
v  0.4256 0.3983 -2.8212
v  0.4211 0.4015 -2.8264
v  0.6759 0.3729 -2.9737
v  0.6690 0.3822 -2.9758
v  0.6855 0.3805 -2.9829
v  0.6916 0.3687 -2.9853
v  0.6494 0.3762 -2.9638
v  0.6467 0.3825 -2.9675
v  0.6752 0.3731 -2.9675
v  0.6481 0.3741 -2.9570
v  0.6859 0.3526 -2.9839
v  0.6788 0.3530 -2.9773
v  0.9792 0.1274 -2.9798
v  0.9826 0.1329 -2.9831
v  0.9849 0.1342 -2.9749
v  0.9788 0.1252 -2.9750
v  0.9846 0.1422 -2.9829
v  0.9879 0.1437 -2.9724
v  0.9879 0.1370 -2.9650
v  0.9819 0.1260 -2.9654
v  0.9836 0.1327 -2.9892
v  0.9879 0.1406 -2.9897
v  0.9879 0.2160 -2.9730
v  0.9851 0.2134 -2.9780
v  0.9840 0.2262 -2.9715
v  0.9879 0.2236 -2.9692
v  0.9802 0.2136 -2.9876
v  0.9779 0.2224 -2.9880
v  0.9879 0.2276 -2.9557
v  0.9830 0.2299 -2.9554
v  0.9449 0.2305 -2.9806
v  0.9371 0.2314 -2.9811
v  0.9361 0.2346 -2.9775
v  0.9450 0.2362 -2.9768
v  0.9450 0.2329 -2.9872
v  0.9372 0.2330 -2.9860
v  0.9451 0.2376 -2.9834
v  0.9373 0.2369 -2.9824
v  0.9735 0.2360 -2.9704
v  0.9750 0.2342 -2.9656
v  0.9744 0.2292 -2.9780
v  0.9713 0.2294 -2.9788
v  0.9760 0.2308 -2.9889
v  0.9654 0.2293 -2.9804
v  0.9694 0.2367 -2.9762
v  0.9561 0.2364 -2.9763
v  0.9565 0.2384 -2.9837
v  0.9708 0.2390 -2.9835
v  0.9833 0.2403 -2.9754
v  0.9853 0.2448 -2.9786
v  0.9827 0.2393 -2.9705
v  0.9554 0.2301 -2.9799
v  0.9655 0.2317 -2.9882
v  0.9814 0.2437 -2.9891
v  0.9879 0.2328 -2.9895
v  0.9879 0.2445 -2.9899
v  0.9879 0.2238 -2.9890
v  0.9879 0.2455 -2.9735
v  0.9879 0.2474 -2.9767
v  0.9879 0.2581 -2.9822
v  0.9847 0.2528 -2.9852
v  0.9879 0.2534 -2.9900
v  0.6855 0.4066 -2.9502
v  0.6867 0.3991 -2.9515
v  0.6752 0.3946 -2.9454
v  0.6748 0.4047 -2.9436
v  0.6865 0.3984 -2.9552
v  0.6724 0.3951 -2.9493
v  0.6692 0.3825 -2.9478
v  0.6737 0.3803 -2.9451
v  0.6676 0.3937 -2.9385
v  0.6672 0.4034 -2.9383
v  0.6707 0.3808 -2.9386
v  0.6705 0.4020 -2.9552
v  0.6549 0.4018 -2.9491
v  0.6594 0.3955 -2.9419
v  0.6659 0.3816 -2.9423
v  0.6855 0.4022 -2.9614
v  0.6563 0.4042 -2.9399
v  0.6737 0.3669 -2.9463
v  0.6734 0.3764 -2.9504
v  0.6766 0.3683 -2.9514
v  0.6634 0.3745 -2.9514
v  0.6768 0.3689 -2.9517
v  0.6670 0.3673 -2.9428
v  0.6605 0.3693 -2.9499
v  0.6549 0.3641 -2.9511
v  0.6449 0.3687 -2.9493
v  0.6423 0.3595 -2.9480
v  0.9759 0.2400 -2.8927
v  0.9779 0.2393 -2.8818
v  0.9879 0.2331 -2.8845
v  0.9772 0.2402 -2.9044
v  0.7185 0.3805 -2.9920
v  0.7471 0.3806 -2.9994
v  0.7480 0.3750 -2.9939
v  0.7204 0.3745 -2.9863
v  0.7487 0.3693 -2.9889
v  0.7295 0.3696 -2.9845
v  0.6763 0.2433 -2.9254
v  0.6735 0.2446 -2.9443
v  0.6810 0.2400 -2.9383
v  0.6782 0.2389 -2.9242
v  0.6715 0.2398 -2.9245
v  0.6677 0.2370 -2.9393
v  0.6713 0.2705 -2.9505
v  0.6750 0.2712 -2.9572
v  0.6765 0.2463 -2.9545
v  0.6819 0.2406 -2.9461
v  0.6613 0.2418 -2.9521
v  0.6665 0.2493 -2.9524
v  0.6640 0.2702 -2.9527
v  0.6738 0.2337 -2.9356
v  0.6703 0.2352 -2.9239
v  0.6604 0.2335 -2.9353
v  0.4518 0.3709 -2.8566
v  0.4466 0.3752 -2.8610
v  0.4759 0.3748 -2.8794
v  0.4797 0.3710 -2.8739
v  0.4198 0.3717 -2.8344
v  0.4159 0.3751 -2.8397
v  0.4804 0.3637 -2.8731
v  0.4512 0.3633 -2.8556
v  0.4198 0.3636 -2.8341
v  0.6720 0.2381 -2.9053
v  0.6775 0.2405 -2.9057
v  0.6729 0.2427 -2.9060
v  0.9693 0.2513 -2.8910
v  0.9674 0.2447 -2.8884
v  0.9692 0.2438 -2.8799
v  0.6719 0.2650 -2.8608
v  0.6710 0.2545 -2.8598
v  0.6769 0.2553 -2.8637
v  0.6784 0.2672 -2.8605
v  0.6903 0.2598 -2.8570
v  0.6906 0.2682 -2.8563
v  0.6906 0.2538 -2.8579
v  0.6801 0.2512 -2.8616
v  0.6780 0.2492 -2.8738
v  0.6728 0.2502 -2.8753
v  0.6563 0.2683 -2.9528
v  0.6679 0.2440 -2.8602
v  0.6695 0.2434 -2.8670
v  0.6696 0.2411 -2.8747
v  0.6770 0.2314 -2.9474
v  0.6659 0.2291 -2.9363
v  0.6657 0.2270 -2.9426
v  0.6817 0.2413 -2.9627
v  0.6808 0.2163 -2.9621
v  0.6726 0.2165 -2.9555
v  0.6794 0.2433 -2.8733
v  0.6824 0.2459 -2.8617
v  0.6909 0.2488 -2.8567
v  0.6806 0.2441 -2.8513
v  0.6901 0.2477 -2.8488
v  0.6772 0.2440 -2.9719
v  0.6771 0.2177 -2.9714
v  0.6788 0.2712 -2.9637
v  0.6772 0.2743 -2.9715
v  0.6565 0.2354 -2.9461
v  0.6486 0.2300 -2.9464
v  0.6407 0.2651 -2.9472
v  0.6495 0.2673 -2.9505
v  0.6728 0.2465 -2.8878
v  0.6710 0.2402 -2.8870
v  0.6775 0.2415 -2.8868
v  0.6653 0.2365 -2.8690
v  0.6722 0.2397 -2.8650
v  0.6714 0.2397 -2.8552
v  0.6651 0.2353 -2.8583
v  0.6620 0.1448 -2.9464
v  0.6665 0.1485 -2.9538
v  0.6678 0.1208 -2.9459
v  0.6679 0.1218 -2.9384
v  0.6633 0.1895 -2.9501
v  0.6691 0.1875 -2.9568
v  0.6572 0.1307 -2.9392
v  0.6510 0.1342 -2.9488
v  0.6518 0.1567 -2.9496
v  0.6670 0.1216 -2.9216
v  0.6631 0.1329 -2.9213
v  0.6572 0.1288 -2.9211
v  0.6641 0.2363 -2.8126
v  0.6660 0.2370 -2.8315
v  0.6565 0.2360 -2.8335
v  0.6461 0.2428 -2.8113
v  0.6508 0.2396 -2.8370
v  0.6378 0.2455 -2.8213
v  0.6216 0.2497 -2.8102
v  0.6273 0.2487 -2.8008
v  0.6495 0.2419 -2.7921
v  0.6602 0.2349 -2.7921
v  0.6343 0.2476 -2.7886
v  0.6730 0.1505 -2.9598
v  0.6783 0.1500 -2.9670
v  0.6796 0.1201 -2.9613
v  0.6698 0.1199 -2.9523
v  0.6766 0.0970 -2.9595
v  0.6649 0.0974 -2.9555
v  0.6481 0.1187 -2.9480
v  0.6531 0.1203 -2.9442
v  0.1226 0.4017 -2.5392
v  0.1168 0.4007 -2.5293
v  0.1209 0.3916 -2.5253
v  0.1283 0.3962 -2.5352
v  0.1095 0.3988 -2.5196
v  0.1100 0.3907 -2.5171
v  0.1333 0.3902 -2.5332
v  0.1270 0.3875 -2.5234
v  0.6417 0.1352 -2.9464
v  0.6246 0.1131 -2.9407
v  0.6217 0.1360 -2.9395
v  0.1488 0.4508 -2.4832
v  0.1450 0.4479 -2.4777
v  0.1501 0.4472 -2.4756
v  0.1544 0.4485 -2.4786
v  0.1578 0.4434 -2.4733
v  0.1502 0.4424 -2.4711
v  0.1424 0.4408 -2.4731
v  0.1102 0.4034 -2.5335
v  0.1030 0.4001 -2.5214
v  0.1007 0.3891 -2.5177
v  0.0962 0.3881 -2.5234
v  0.0982 0.3985 -2.5262
v  0.0958 0.3952 -2.5312
v  0.0946 0.3864 -2.5321
v  0.1037 0.4019 -2.5377
v  0.0990 0.3952 -2.5413
v  0.0987 0.3834 -2.5437
v  0.1201 0.4358 -2.5014
v  0.1202 0.4361 -2.4924
v  0.1226 0.4422 -2.4924
v  0.1240 0.4436 -2.4991
v  0.1291 0.4473 -2.4957
v  0.1262 0.4440 -2.4890
v  0.1248 0.4366 -2.4871
v  0.1223 0.3756 -2.5185
v  0.1175 0.3804 -2.5098
v  0.1242 0.3913 -2.5191
v  0.1167 0.3984 -2.5057
v  0.1218 0.4014 -2.5145
v  0.1135 0.3792 -2.4966
v  0.1140 0.3992 -2.4956
v  0.1140 0.3552 -2.5063
v  0.1110 0.3539 -2.4956
v  0.1180 0.3549 -2.5150
v  0.9879 0.1366 -2.6451
v  0.9879 0.1390 -2.6420
v  0.9844 0.1358 -2.6368
v  0.9847 0.1318 -2.6430
v  0.9879 0.1453 -2.6394
v  0.9852 0.1440 -2.6347
v  0.9806 0.1424 -2.6282
v  0.9810 0.1365 -2.6301
v  0.9709 0.1424 -2.6243
v  0.9717 0.1345 -2.6267
v  0.9722 0.1294 -2.6313
v  0.6780 0.0470 -2.9631
v  0.6765 0.0337 -2.9628
v  0.6692 0.0363 -2.9584
v  0.6690 0.0481 -2.9583
v  0.6605 0.0258 -2.9565
v  0.6567 0.0362 -2.9538
v  0.2763 0.2402 -2.2529
v  0.2905 0.2399 -2.2362
v  0.2609 0.2402 -2.2787
v  0.1077 0.3684 -2.5471
v  0.0983 0.3718 -2.5429
v  0.1108 0.3777 -2.5543
v  0.1074 0.3913 -2.5537
v  0.1186 0.3892 -2.5687
v  0.1205 0.3790 -2.5684
v  0.1183 0.3731 -2.5537
v  0.1150 0.3664 -2.5469
v  0.1255 0.3744 -2.5652
v  0.7242 0.0252 -2.9832
v  0.7101 0.0345 -2.9796
v  0.7171 0.0374 -2.9807
v  0.7280 0.0356 -2.9833
v  0.6744 0.0228 -2.9719
v  0.6798 0.0341 -2.9791
v  0.6939 0.0336 -2.9856
v  0.7083 0.0217 -2.9854
v  0.7058 0.0112 -2.9880
v  0.6706 0.0128 -2.9761
v  0.6646 0.0238 -2.9642
v  0.6776 0.0345 -2.9706
v  0.9734 0.1257 -2.6378
v  0.9766 0.1220 -2.6460
v  0.9848 0.1294 -2.6499
v  0.9849 0.1273 -2.6648
v  0.9830 0.1225 -2.6645
v  0.9525 0.1256 -2.6328
v  0.9521 0.1230 -2.6389
v  0.9879 0.1180 -2.6433
v  0.9879 0.1201 -2.6478
v  0.9728 0.1168 -2.6431
v  0.9511 0.1166 -2.6415
v  0.2585 0.2617 -2.5442
v  0.2619 0.2732 -2.5437
v  0.2420 0.2728 -2.5191
v  0.2401 0.2632 -2.5212
v  0.2807 0.2655 -2.5715
v  0.2840 0.2745 -2.5701
v  0.2645 0.2611 -2.5383
v  0.2850 0.2622 -2.5650
v  0.2453 0.2595 -2.5167
v  0.7034 0.0329 -2.9832
v  0.7182 0.0233 -2.9855
v  0.9879 0.1203 -2.6644
v  0.1296 0.3689 -2.5629
v  0.1223 0.3696 -2.5551
v  0.1216 0.3630 -2.5530
v  0.1304 0.3601 -2.5630
v  0.6594 0.1261 -2.6530
v  0.6590 0.1247 -2.6632
v  0.6627 0.1241 -2.6636
v  0.6639 0.1259 -2.6533
v  0.6622 0.1211 -2.6531
v  0.6613 0.1220 -2.6633
v  0.6573 0.1217 -2.6528
v  0.6585 0.1213 -2.6636
v  0.3131 0.2001 -2.2081
v  0.3208 0.1965 -2.2171
v  0.3221 0.2069 -2.2202
v  0.3171 0.2136 -2.2149
v  0.3250 0.2216 -2.2282
v  0.3284 0.2100 -2.2296
v  0.3300 0.1967 -2.2297
v  0.6647 0.1314 -2.5853
v  0.6648 0.1286 -2.6016
v  0.6655 0.1211 -2.6012
v  0.6703 0.1238 -2.5842
v  0.6728 0.1290 -2.5735
v  0.6646 0.1350 -2.5758
v  0.6563 0.1213 -2.6008
v  0.6548 0.1253 -2.5805
v  0.6808 0.1237 -2.5802
v  0.6572 0.1187 -2.5716
v  0.6766 0.1177 -2.5794
v  0.6591 0.1363 -2.5751
v  0.6551 0.1298 -2.5685
v  0.6586 0.1323 -2.5837
v  0.6481 0.1281 -2.5623
v  0.6477 0.1225 -2.5692
v  0.6830 0.1281 -2.5736
v  0.1077 0.2412 -2.5062
v  0.1045 0.2550 -2.5024
v  0.1092 0.2543 -2.5110
v  0.1130 0.2402 -2.5146
v  0.1092 0.2514 -2.5164
v  0.1104 0.2273 -2.5184
v  0.1194 0.2360 -2.5190
v  0.1184 0.2268 -2.5236
v  0.1135 0.2355 -2.5078
v  0.6337 0.1242 -2.5564
v  0.6332 0.1173 -2.5575
v  0.6572 0.1108 -2.5696
v  0.6748 0.1106 -2.5780
v  0.6341 0.1093 -2.5576
v  0.1612 0.2420 -2.4435
v  0.1586 0.2343 -2.4362
v  0.1700 0.2399 -2.4378
v  0.1679 0.2437 -2.4430
v  0.1674 0.2303 -2.4092
v  0.1755 0.2365 -2.4148
v  0.1429 0.2347 -2.4588
v  0.1383 0.2299 -2.4558
v  0.1039 0.2485 -2.5161
v  0.1046 0.2235 -2.5159
v  0.1233 0.2296 -2.5193
v  0.1178 0.2283 -2.5088
v  0.1146 0.2233 -2.5113
v  0.1123 0.2138 -2.5093
v  0.3405 0.1219 -2.2772
v  0.3482 0.1271 -2.2768
v  0.3352 0.1280 -2.2547
v  0.3300 0.1231 -2.2572
v  0.3331 0.1187 -2.2553
v  0.3473 0.1180 -2.2756
v  0.3445 0.1209 -2.2829
v  0.3611 0.1237 -2.3027
v  0.3653 0.1291 -2.2984
v  0.3633 0.1174 -2.3003
v  0.1123 0.1923 -2.5149
v  0.1094 0.1901 -2.5068
v  0.3059 0.0224 -2.2077
v  0.2989 0.0219 -2.2038
v  0.2988 0.0127 -2.2055
v  0.3040 0.0111 -2.2082
v  0.2987 0.0063 -2.2115
v  0.2934 0.0107 -2.2077
v  0.2914 0.0223 -2.2069
v  0.2927 0.1201 -2.2160
v  0.2861 0.1163 -2.2128
v  0.2926 0.1183 -2.2055
v  0.2986 0.1200 -2.2063
v  0.3003 0.1075 -2.2035
v  0.2927 0.1073 -2.2054
v  0.2863 0.1072 -2.2126
v  0.3066 0.1169 -2.2088
v  0.3023 0.1205 -2.2167
v  0.3004 0.1237 -2.2198
v  0.2948 0.1243 -2.2200
v  0.2902 0.1240 -2.2246
v  0.2861 0.1199 -2.2234
v  0.2808 0.1157 -2.2204
v  0.2132 0.1281 -2.3336
v  0.1986 0.1287 -2.3553
v  0.2043 0.1232 -2.3582
v  0.2189 0.1217 -2.3371
v  0.2354 0.1207 -2.3096
v  0.2319 0.1272 -2.3072
v  0.2144 0.1180 -2.3288
v  0.2305 0.1197 -2.3035
v  0.2000 0.1181 -2.3533
v  0.1127 0.1331 -2.5188
v  0.1160 0.1262 -2.5221
v  0.1165 0.1302 -2.5169
v  0.1134 0.1378 -2.5136
v  0.1091 0.1396 -2.5035
v  0.1112 0.1333 -2.5056
v  0.1151 0.1280 -2.5057
v  0.1217 0.1256 -2.5154
v  0.1175 0.1207 -2.5212
v  0.1251 0.1236 -2.5137
v  0.1239 0.1204 -2.5152
v  0.1107 0.1265 -2.5190
v  0.1112 0.1440 -2.5170
v  0.1072 0.1385 -2.5164
v  0.1048 0.1326 -2.5160
v  0.1140 0.1199 -2.5006
v  0.1855 0.1181 -2.3773
v  0.1903 0.1214 -2.3827
v  0.1737 0.1238 -2.4049
v  0.1713 0.1195 -2.4015
v  0.1835 0.1294 -2.3781
v  0.1671 0.1305 -2.4013
v  0.1885 0.0001 -2.4184
v  0.2027 0.0001 -2.4172
v  0.2080 0.0001 -2.4167
v  0.1947 0.0001 -2.4224
v  0.2300 0.0001 -2.4148
v  0.2221 0.0001 -2.4067
v  0.1077 0.1119 -2.4984
v  0.1177 0.1060 -2.4800
v  0.1190 0.1160 -2.4799
v  0.1209 0.1242 -2.5063
v  0.1201 0.1233 -2.4954
v  0.1237 0.1202 -2.4810
v  0.1007 0.1234 -2.5150
v  0.0945 0.1219 -2.5258
v  0.0953 0.0968 -2.5220
v  0.1003 0.0975 -2.5110
v  0.1076 0.0955 -2.4977
v  0.1268 0.0355 -2.5581
v  0.1243 0.0250 -2.5568
v  0.1178 0.0358 -2.5482
v  0.1214 0.0380 -2.5521
v  0.1492 0.0000 -2.5259
v  0.1384 0.0000 -2.5161
v  0.1350 0.0000 -2.5255
v  0.1410 0.0000 -2.5356
v  0.1286 0.0001 -2.5128
v  0.1265 0.0001 -2.5260
v  0.1321 0.0000 -2.5416
v  0.1077 0.0220 -2.5491
v  0.1063 0.0101 -2.5523
v  0.0947 0.0124 -2.5306
v  0.0944 0.0247 -2.5292
v  0.0946 0.0374 -2.5262
v  0.0972 0.0364 -2.5406
v  0.1049 0.0354 -2.5461
v  0.1139 0.0226 -2.5546
v  0.2098 0.0001 -2.4478
v  0.1854 0.0001 -2.4539
v  0.2291 0.0001 -2.4931
v  0.2566 0.0001 -2.4719
v  0.2404 0.0001 -2.4367
v  0.2540 0.0000 -2.5301
v  0.2773 0.0000 -2.5087
v  0.3092 0.0000 -2.4902
v  0.2923 0.0001 -2.4549
v  0.2778 0.0001 -2.4218
v  0.3234 0.0000 -2.4368
v  0.3057 0.0001 -2.4026
v  0.2853 0.0001 -2.3729
v  0.2628 0.0001 -2.3946
v  0.2658 0.0001 -2.3534
v  0.2462 0.0001 -2.3772
v  0.2503 0.0001 -2.3416
v  0.2309 0.0001 -2.3665
v  0.2086 0.0001 -2.3912
v  0.1888 0.0001 -2.4210
v  0.2196 0.0002 -2.3594
v  0.2002 0.0004 -2.3848
v  0.1798 0.0004 -2.4136
v  0.1717 0.0004 -2.4290
v  0.1845 0.0001 -2.4264
v  0.1920 0.0014 -2.3793
v  0.1739 0.0017 -2.4064
v  0.1630 0.0013 -2.4258
v  0.1508 0.0006 -2.4480
v  0.1604 0.0003 -2.4512
v  0.1685 0.0062 -2.4010
v  0.1558 0.0054 -2.4225
v  0.1427 0.0049 -2.4453
v  0.1285 0.0036 -2.4702
v  0.1368 0.0004 -2.4738
v  0.1530 0.0147 -2.4216
v  0.1388 0.0140 -2.4448
v  0.1240 0.0123 -2.4693
v  0.1122 0.0097 -2.4902
v  0.1177 0.0026 -2.4915
v  0.1377 0.0246 -2.4460
v  0.1229 0.0226 -2.4705
v  0.1109 0.0196 -2.4914
v  0.1004 0.0160 -2.5101
v  0.1026 0.0064 -2.5082
v  0.1221 0.0337 -2.4719
v  0.1100 0.0305 -2.4928
v  0.0998 0.0269 -2.5113
v  0.1092 0.0434 -2.4943
v  0.0997 0.0399 -2.5116
v  0.1087 0.0592 -2.4953
v  0.0999 0.0556 -2.5114
v  0.0949 0.0522 -2.5237
v  0.0950 0.0504 -2.5362
v  0.1003 0.0750 -2.5107
v  0.0952 0.0724 -2.5220
v  0.0946 0.0698 -2.5338
v  0.0943 0.0942 -2.5335
v  0.0983 0.0930 -2.5431
v  0.0988 0.0681 -2.5433
v  0.1010 0.0493 -2.5445
v  0.1077 0.0666 -2.5469
v  0.1092 0.0488 -2.5469
v  0.1109 0.0355 -2.5460
v  0.1163 0.0482 -2.5466
v  0.1196 0.0239 -2.5567
v  0.1398 0.0285 -2.5726
v  0.1359 0.0239 -2.5751
v  0.1304 0.0211 -2.5784
v  0.1592 0.0243 -2.5987
v  0.1539 0.0214 -2.6030
v  0.1511 0.0154 -2.6048
v  0.1279 0.0167 -2.5789
v  0.1509 0.0078 -2.6042
v  0.1279 0.0080 -2.5786
v  0.1536 0.0017 -2.6007
v  0.1311 0.0021 -2.5762
v  0.1104 0.0027 -2.5523
v  0.1362 0.0003 -2.5712
v  0.1170 0.0003 -2.5496
v  0.1074 0.0006 -2.5288
v  0.0992 0.0034 -2.5302
v  0.1096 0.0011 -2.5093
v  0.1171 0.0001 -2.5274
v  0.1189 0.0002 -2.5112
v  0.1259 0.0004 -2.4948
v  0.1348 0.0001 -2.4987
v  0.1456 0.0002 -2.4780
v  0.1442 0.0001 -2.5038
v  0.1550 0.0001 -2.4831
v  0.1722 0.0002 -2.4543
v  0.1682 0.0001 -2.4912
v  0.1569 0.0000 -2.5130
v  0.1718 0.0000 -2.5273
v  0.1853 0.0000 -2.5002
v  0.1934 0.0000 -2.5495
v  0.2068 0.0000 -2.5268
v  0.2195 0.0000 -2.5774
v  0.2342 0.0000 -2.5567
v  0.2467 0.0001 -2.6069
v  0.2633 0.0001 -2.5871
v  0.2833 0.0001 -2.5630
v  0.2918 0.0001 -2.6148
v  0.3128 0.0001 -2.5906
v  0.3347 0.0001 -2.5661
v  0.3047 0.0000 -2.5409
v  0.3582 0.0000 -2.5406
v  0.3315 0.0000 -2.5173
v  0.3843 0.0000 -2.5129
v  0.3612 0.0000 -2.4903
v  0.3415 0.0000 -2.4667
v  0.3859 0.0000 -2.4646
v  0.3655 0.0000 -2.4402
v  0.3461 0.0000 -2.4133
v  0.3798 0.0000 -2.4246
v  0.3595 0.0000 -2.3975
v  0.3392 0.0001 -2.3673
v  0.3253 0.0001 -2.3823
v  0.3183 0.0001 -2.3371
v  0.3035 0.0001 -2.3522
v  0.2998 0.0001 -2.3130
v  0.2845 0.0001 -2.3302
v  0.2853 0.0001 -2.2960
v  0.2689 0.0001 -2.3167
v  0.2744 0.0002 -2.2859
v  0.2571 0.0002 -2.3086
v  0.2390 0.0002 -2.3342
v  0.2476 0.0005 -2.3030
v  0.2292 0.0006 -2.3283
v  0.2104 0.0008 -2.3536
v  0.2211 0.0036 -2.3233
v  0.2031 0.0048 -2.3490
v  0.1856 0.0058 -2.3751
v  0.1997 0.0134 -2.3468
v  0.1830 0.0147 -2.3734
v  0.1669 0.0152 -2.3991
v  0.1828 0.0253 -2.3731
v  0.1668 0.0258 -2.3986
v  0.1525 0.0256 -2.4220
v  0.1669 0.0371 -2.3985
v  0.1521 0.0372 -2.4225
v  0.1369 0.0362 -2.4473
v  0.1518 0.0509 -2.4231
v  0.1360 0.0498 -2.4487
v  0.1212 0.0470 -2.4735
v  0.1351 0.0649 -2.4501
v  0.1201 0.0626 -2.4752
v  0.1344 0.0785 -2.4512
v  0.1191 0.0784 -2.4770
v  0.1081 0.0769 -2.4965
v  0.1183 0.0930 -2.4785
v  0.1339 0.0908 -2.4521
v  0.1335 0.1018 -2.4530
v  0.1509 0.0912 -2.4250
v  0.1506 0.1017 -2.4257
v  0.1504 0.1118 -2.4268
v  0.1330 0.1119 -2.4545
v  0.1528 0.1198 -2.4297
v  0.1359 0.1193 -2.4564
v  0.1543 0.1248 -2.4311
v  0.1359 0.1258 -2.4569
v  0.1225 0.1257 -2.4801
v  0.1313 0.1313 -2.4547
v  0.1181 0.1305 -2.4781
v  0.1172 0.1260 -2.4940
v  0.1125 0.1297 -2.4933
v  0.1195 0.1250 -2.5047
v  0.1137 0.1366 -2.4766
v  0.1086 0.1340 -2.4927
v  0.1121 0.1440 -2.4761
v  0.1067 0.1416 -2.4909
v  0.1112 0.1547 -2.4750
v  0.1059 0.1520 -2.4893
v  0.1063 0.1501 -2.5010
v  0.1062 0.1689 -2.4874
v  0.1049 0.1671 -2.4981
v  0.1089 0.1648 -2.5074
v  0.1106 0.1478 -2.5100
v  0.1119 0.1626 -2.5144
v  0.1061 0.1915 -2.5161
v  0.1060 0.1604 -2.5160
v  0.0983 0.1889 -2.5182
v  0.0993 0.1568 -2.5173
v  0.0944 0.1880 -2.5248
v  0.0955 0.1548 -2.5221
v  0.0941 0.1875 -2.5330
v  0.0939 0.1536 -2.5311
v  0.0965 0.1870 -2.5409
v  0.0956 0.1542 -2.5393
v  0.0947 0.1221 -2.5361
v  0.1016 0.1540 -2.5454
v  0.0998 0.1220 -2.5442
v  0.1108 0.1536 -2.5466
v  0.1090 0.1217 -2.5469
v  0.1075 0.0922 -2.5469
v  0.1182 0.1212 -2.5471
v  0.1173 0.0913 -2.5464
v  0.1165 0.0651 -2.5463
v  0.1235 0.0901 -2.5536
v  0.1224 0.0634 -2.5529
v  0.1215 0.0476 -2.5522
v  0.1294 0.0617 -2.5609
v  0.1280 0.0474 -2.5596
v  0.1410 0.0606 -2.5741
v  0.1402 0.0482 -2.5737
v  0.1398 0.0375 -2.5732
v  0.1622 0.0498 -2.5980
v  0.1617 0.0397 -2.5977
v  0.1616 0.0304 -2.5971
v  0.1864 0.0401 -2.6248
v  0.1861 0.0308 -2.6243
v  0.1840 0.0244 -2.6255
v  0.2118 0.0303 -2.6519
v  0.2094 0.0242 -2.6536
v  0.2043 0.0212 -2.6579
v  0.1788 0.0215 -2.6296
v  0.2017 0.0145 -2.6597
v  0.1759 0.0152 -2.6316
v  0.2021 0.0070 -2.6586
v  0.1759 0.0077 -2.6307
v  0.2051 0.0014 -2.6549
v  0.1786 0.0019 -2.6273
v  0.2101 0.0003 -2.6494
v  0.1834 0.0005 -2.6218
v  0.1584 0.0004 -2.5953
v  0.1884 0.0003 -2.6161
v  0.1635 0.0002 -2.5895
v  0.1416 0.0001 -2.5657
v  0.1687 0.0001 -2.5833
v  0.1472 0.0000 -2.5599
v  0.1245 0.0001 -2.5457
v  0.1748 0.0001 -2.5757
v  0.1539 0.0000 -2.5523
v  0.1835 0.0000 -2.5642
v  0.1628 0.0000 -2.5412
v  0.1998 0.0001 -2.6026
v  0.2089 0.0000 -2.5914
v  0.2265 0.0001 -2.6305
v  0.2356 0.0001 -2.6201
v  0.2545 0.0001 -2.6575
v  0.2631 0.0001 -2.6478
v  0.2738 0.0002 -2.6355
v  0.2916 0.0002 -2.6742
v  0.3017 0.0002 -2.6624
v  0.3200 0.0001 -2.6408
v  0.3312 0.0002 -2.6869
v  0.3483 0.0001 -2.6658
v  0.3694 0.0001 -2.6395
v  0.3412 0.0001 -2.6156
v  0.3909 0.0001 -2.6123
v  0.3631 0.0001 -2.5895
v  0.4128 0.0001 -2.5849
v  0.3857 0.0001 -2.5628
v  0.4351 0.0001 -2.5573
v  0.4093 0.0001 -2.5354
v  0.4548 0.0001 -2.5333
v  0.4307 0.0001 -2.5112
v  0.4074 0.0000 -2.4883
v  0.4451 0.0001 -2.4950
v  0.4225 0.0001 -2.4723
v  0.4008 0.0000 -2.4490
v  0.4341 0.0001 -2.4600
v  0.4124 0.0001 -2.4372
v  0.3913 0.0001 -2.4131
v  0.4215 0.0002 -2.4281
v  0.4006 0.0001 -2.4042
v  0.3806 0.0001 -2.3771
v  0.3713 0.0001 -2.3857
v  0.3610 0.0002 -2.3481
v  0.3517 0.0001 -2.3558
v  0.3412 0.0002 -2.3185
v  0.3313 0.0001 -2.3259
v  0.3233 0.0002 -2.2921
v  0.3133 0.0001 -2.3003
v  0.3091 0.0002 -2.2714
v  0.2988 0.0001 -2.2810
v  0.2978 0.0001 -2.2565
v  0.2873 0.0002 -2.2684
v  0.2890 0.0002 -2.2478
v  0.2789 0.0003 -2.2613
v  0.2652 0.0003 -2.2795
v  0.2706 0.0013 -2.2549
v  0.2563 0.0019 -2.2739
v  0.2388 0.0026 -2.2979
v  0.2499 0.0081 -2.2697
v  0.2331 0.0096 -2.2946
v  0.2165 0.0116 -2.3206
v  0.2320 0.0200 -2.2941
v  0.2158 0.0219 -2.3202
v  0.1994 0.0238 -2.3465
v  0.2157 0.0326 -2.3202
v  0.1993 0.0344 -2.3465
v  0.1827 0.0362 -2.3731
v  0.1992 0.0478 -2.3467
v  0.1827 0.0497 -2.3733
v  0.1668 0.0509 -2.3986
v  0.1826 0.0637 -2.3736
v  0.1667 0.0651 -2.3989
v  0.1515 0.0653 -2.4236
v  0.1666 0.0787 -2.3992
v  0.1512 0.0791 -2.4243
v  0.1666 0.0910 -2.3995
v  0.1824 0.0771 -2.3740
v  0.1822 0.0894 -2.3745
v  0.1822 0.1001 -2.3752
v  0.1667 0.1018 -2.3997
v  0.1828 0.1101 -2.3755
v  0.1674 0.1119 -2.4001
v  0.1988 0.0986 -2.3485
v  0.1988 0.1089 -2.3498
v  0.2148 0.0973 -2.3226
v  0.2143 0.1083 -2.3247
v  0.2301 0.0963 -2.2985
v  0.2296 0.1079 -2.3001
v  0.2458 0.0955 -2.2736
v  0.2453 0.1064 -2.2753
v  0.2459 0.1157 -2.2777
v  0.2617 0.1051 -2.2499
v  0.2622 0.1144 -2.2503
v  0.2671 0.1198 -2.2533
v  0.2519 0.1201 -2.2809
v  0.2680 0.1256 -2.2538
v  0.2506 0.1265 -2.2791
v  0.2627 0.1315 -2.2501
v  0.2443 0.1334 -2.2748
v  0.2260 0.1346 -2.3015
v  0.2409 0.1428 -2.2715
v  0.2233 0.1447 -2.2991
v  0.2063 0.1456 -2.3258
v  0.2084 0.1351 -2.3284
v  0.1904 0.1466 -2.3506
v  0.1931 0.1360 -2.3514
v  0.1743 0.1479 -2.3753
v  0.1767 0.1374 -2.3761
v  0.1584 0.1493 -2.3998
v  0.1607 0.1387 -2.4001
v  0.1421 0.1490 -2.4250
v  0.1443 0.1389 -2.4254
v  0.1489 0.1310 -2.4278
v  0.1273 0.1382 -2.4529
v  0.1252 0.1468 -2.4523
v  0.1403 0.1610 -2.4249
v  0.1236 0.1583 -2.4521
v  0.1399 0.1754 -2.4252
v  0.1234 0.1736 -2.4521
v  0.1115 0.1711 -2.4740
v  0.1249 0.1912 -2.4516
v  0.1128 0.1910 -2.4729
v  0.1076 0.1906 -2.4865
v  0.1163 0.2075 -2.4724
v  0.1098 0.2087 -2.4872
v  0.1082 0.2100 -2.4990
v  0.1058 0.1899 -2.4973
v  0.1128 0.2203 -2.4873
v  0.1108 0.2215 -2.5002
v  0.1156 0.2278 -2.4994
v  0.1177 0.2275 -2.4884
v  0.1203 0.2326 -2.4891
v  0.1173 0.2321 -2.4990
v  0.1190 0.2329 -2.5072
v  0.1115 0.2342 -2.4979
v  0.1238 0.2336 -2.5178
v  0.1144 0.2360 -2.4861
v  0.1102 0.2444 -2.4832
v  0.1039 0.2415 -2.4960
v  0.1114 0.2574 -2.4818
v  0.1041 0.2561 -2.4923
v  0.1145 0.2734 -2.4797
v  0.1072 0.2742 -2.4891
v  0.1038 0.2741 -2.4986
v  0.1107 0.2954 -2.4869
v  0.1063 0.2967 -2.4962
v  0.1088 0.2977 -2.5051
v  0.1078 0.2730 -2.5071
v  0.1127 0.2984 -2.5128
v  0.1109 0.2730 -2.5137
v  0.1090 0.2996 -2.5164
v  0.1063 0.2735 -2.5160
v  0.1011 0.3008 -2.5170
v  0.0991 0.2746 -2.5184
v  0.0980 0.2489 -2.5195
v  0.0948 0.2752 -2.5251
v  0.0945 0.2488 -2.5263
v  0.0943 0.2201 -2.5260
v  0.0980 0.2213 -2.5191
v  0.0943 0.2486 -2.5341
v  0.0943 0.2194 -2.5340
v  0.0969 0.2485 -2.5417
v  0.0969 0.2189 -2.5416
v  0.1035 0.2485 -2.5462
v  0.1036 0.2185 -2.5462
v  0.1029 0.1864 -2.5460
v  0.1116 0.2181 -2.5463
v  0.1111 0.1863 -2.5465
v  0.1195 0.2177 -2.5490
v  0.1188 0.1861 -2.5488
v  0.1190 0.1532 -2.5476
v  0.1254 0.1855 -2.5561
v  0.1252 0.1527 -2.5552
v  0.1246 0.1206 -2.5546
v  0.1330 0.1522 -2.5643
v  0.1323 0.1197 -2.5637
v  0.1310 0.0887 -2.5622
v  0.1438 0.1186 -2.5770
v  0.1420 0.0868 -2.5751
v  0.1642 0.1168 -2.5995
v  0.1631 0.0836 -2.5990
v  0.1626 0.0612 -2.5983
v  0.1878 0.0813 -2.6263
v  0.1873 0.0610 -2.6255
v  0.1868 0.0499 -2.6252
v  0.2130 0.0595 -2.6526
v  0.2124 0.0486 -2.6524
v  0.2120 0.0392 -2.6522
v  0.2391 0.0475 -2.6795
v  0.2388 0.0382 -2.6793
v  0.2388 0.0297 -2.6789
v  0.2663 0.0368 -2.7064
v  0.2659 0.0287 -2.7066
v  0.2626 0.0238 -2.7094
v  0.2357 0.0241 -2.6815
v  0.2584 0.0196 -2.7133
v  0.2310 0.0202 -2.6857
v  0.2567 0.0127 -2.7145
v  0.2291 0.0134 -2.6871
v  0.2575 0.0055 -2.7132
v  0.2297 0.0061 -2.6859
v  0.2611 0.0010 -2.7090
v  0.2329 0.0011 -2.6820
v  0.2661 0.0003 -2.7034
v  0.2379 0.0002 -2.6764
v  0.2711 0.0003 -2.6976
v  0.2429 0.0002 -2.6707
v  0.2151 0.0002 -2.6436
v  0.2480 0.0001 -2.6649
v  0.2203 0.0001 -2.6377
v  0.1936 0.0001 -2.6100
v  0.2763 0.0002 -2.6917
v  0.2830 0.0002 -2.6840
v  0.3043 0.0002 -2.7189
v  0.3111 0.0002 -2.7110
v  0.3200 0.0002 -2.7004
v  0.3397 0.0002 -2.7368
v  0.3486 0.0002 -2.7258
v  0.3605 0.0002 -2.7108
v  0.3780 0.0002 -2.7505
v  0.3898 0.0001 -2.7346
v  0.4063 0.0001 -2.7121
v  0.3770 0.0001 -2.6895
v  0.4263 0.0001 -2.6844
v  0.3977 0.0001 -2.6623
v  0.4468 0.0001 -2.6560
v  0.4188 0.0001 -2.6345
v  0.4672 0.0001 -2.6275
v  0.4399 0.0001 -2.6065
v  0.4878 0.0001 -2.5987
v  0.4612 0.0001 -2.5786
v  0.5051 0.0001 -2.5746
v  0.4798 0.0001 -2.5544
v  0.5181 0.0000 -2.5567
v  0.4933 0.0001 -2.5369
v  0.4687 0.0001 -2.5167
v  0.5045 0.0001 -2.5228
v  0.4800 0.0001 -2.5031
v  0.4566 0.0001 -2.4822
v  0.4887 0.0002 -2.4929
v  0.4657 0.0002 -2.4722
v  0.4433 0.0002 -2.4504
v  0.4722 0.0003 -2.4649
v  0.4501 0.0003 -2.4433
v  0.4286 0.0003 -2.4210
v  0.4566 0.0009 -2.4365
v  0.4353 0.0010 -2.4144
v  0.4150 0.0011 -2.3908
v  0.4081 0.0003 -2.3973
v  0.3954 0.0014 -2.3642
v  0.3882 0.0003 -2.3704
v  0.3763 0.0013 -2.3363
v  0.3688 0.0004 -2.3420
v  0.3571 0.0014 -2.3076
v  0.3493 0.0004 -2.3129
v  0.3395 0.0007 -2.2810
v  0.3314 0.0003 -2.2863
v  0.3246 0.0006 -2.2591
v  0.3170 0.0003 -2.2649
v  0.3143 0.0006 -2.2433
v  0.3065 0.0002 -2.2489
v  0.3060 0.0005 -2.2312
v  0.2978 0.0002 -2.2382
v  0.2984 0.0011 -2.2223
v  0.2901 0.0006 -2.2307
v  0.2810 0.0009 -2.2414
v  0.2831 0.0037 -2.2250
v  0.2741 0.0051 -2.2363
v  0.2638 0.0068 -2.2501
v  0.2716 0.0147 -2.2341
v  0.2621 0.0168 -2.2487
v  0.2486 0.0184 -2.2688
v  0.2620 0.0278 -2.2484
v  0.2485 0.0295 -2.2687
v  0.2320 0.0310 -2.2944
v  0.2483 0.0424 -2.2691
v  0.2318 0.0439 -2.2947
v  0.2157 0.0457 -2.3202
v  0.2316 0.0581 -2.2952
v  0.2157 0.0598 -2.3204
v  0.1991 0.0618 -2.3470
v  0.2156 0.0733 -2.3208
v  0.1990 0.0751 -2.3474
v  0.2154 0.0858 -2.3214
v  0.1988 0.0874 -2.3479
v  0.2311 0.0719 -2.2961
v  0.2306 0.0845 -2.2973
v  0.2472 0.0706 -2.2709
v  0.2466 0.0835 -2.2722
v  0.2620 0.0691 -2.2484
v  0.2620 0.0825 -2.2486
v  0.2617 0.0945 -2.2493
v  0.2726 0.0820 -2.2325
v  0.2730 0.0943 -2.2321
v  0.2735 0.1050 -2.2316
v  0.2804 0.0951 -2.2207
v  0.2807 0.1065 -2.2204
v  0.2742 0.1143 -2.2316
v  0.2794 0.1197 -2.2339
v  0.2825 0.1244 -2.2347
v  0.2871 0.1285 -2.2196
v  0.2777 0.1296 -2.2305
v  0.2836 0.1340 -2.2145
v  0.2730 0.1365 -2.2267
v  0.2582 0.1400 -2.2466
v  0.2712 0.1458 -2.2244
v  0.2568 0.1504 -2.2448
v  0.2397 0.1536 -2.2698
v  0.2562 0.1622 -2.2432
v  0.2394 0.1653 -2.2688
v  0.2215 0.1674 -2.2972
v  0.2218 0.1556 -2.2978
v  0.2041 0.1701 -2.3242
v  0.2048 0.1574 -2.3245
v  0.1880 0.1725 -2.3503
v  0.1886 0.1589 -2.3501
v  0.1722 0.1742 -2.3753
v  0.1726 0.1603 -2.3749
v  0.1563 0.1753 -2.4000
v  0.1568 0.1613 -2.3995
v  0.1726 0.1898 -2.3765
v  0.1567 0.1904 -2.4009
v  0.1408 0.1907 -2.4259
v  0.1578 0.2043 -2.4024
v  0.1428 0.2048 -2.4268
v  0.1284 0.2062 -2.4512
v  0.1465 0.2193 -2.4286
v  0.1323 0.2189 -2.4517
v  0.1197 0.2193 -2.4726
v  0.1243 0.2281 -2.4742
v  0.1281 0.2339 -2.4764
v  0.1415 0.2426 -2.4575
v  0.1248 0.2393 -2.4738
v  0.1397 0.2507 -2.4568
v  0.1231 0.2476 -2.4708
v  0.1390 0.2617 -2.4576
v  0.1243 0.2593 -2.4700
v  0.1392 0.2755 -2.4585
v  0.1260 0.2740 -2.4694
v  0.1405 0.2942 -2.4591
v  0.1286 0.2937 -2.4689
v  0.1182 0.2943 -2.4781
v  0.1306 0.3207 -2.4696
v  0.1211 0.3217 -2.4778
v  0.1137 0.3232 -2.4861
v  0.1234 0.3512 -2.4787
v  0.1161 0.3526 -2.4865
v  0.1084 0.3250 -2.4947
v  0.1112 0.3262 -2.5047
v  0.1147 0.3268 -2.5129
v  0.1148 0.3551 -2.5190
v  0.1114 0.3281 -2.5174
v  0.1063 0.3563 -2.5163
v  0.1036 0.3293 -2.5160
v  0.0985 0.3563 -2.5190
v  0.0969 0.3301 -2.5206
v  0.0956 0.3020 -2.5230
v  0.0942 0.3310 -2.5286
v  0.0941 0.3031 -2.5312
v  0.0941 0.2757 -2.5330
v  0.0957 0.3040 -2.5393
v  0.0965 0.2763 -2.5408
v  0.1013 0.3049 -2.5453
v  0.1027 0.2770 -2.5459
v  0.1095 0.3064 -2.5468
v  0.1115 0.2780 -2.5465
v  0.1119 0.2486 -2.5465
v  0.1190 0.2788 -2.5492
v  0.1193 0.2487 -2.5498
v  0.1256 0.2796 -2.5568
v  0.1260 0.2488 -2.5573
v  0.1260 0.2175 -2.5568
v  0.1335 0.2489 -2.5663
v  0.1333 0.2172 -2.5658
v  0.1329 0.1849 -2.5652
v  0.1454 0.2168 -2.5793
v  0.1451 0.1842 -2.5789
v  0.1451 0.1514 -2.5780
v  0.1662 0.1834 -2.6017
v  0.1654 0.1501 -2.6006
v  0.1909 0.1822 -2.6287
v  0.1900 0.1486 -2.6277
v  0.1890 0.1147 -2.6268
v  0.2158 0.1472 -2.6548
v  0.2147 0.1131 -2.6541
v  0.2134 0.0803 -2.6535
v  0.2412 0.1117 -2.6812
v  0.2399 0.0791 -2.6805
v  0.2398 0.0582 -2.6795
v  0.2674 0.0784 -2.7076
v  0.2673 0.0575 -2.7066
v  0.2666 0.0464 -2.7066
v  0.2955 0.0577 -2.7335
v  0.2949 0.0462 -2.7335
v  0.2946 0.0362 -2.7333
v  0.3241 0.0467 -2.7593
v  0.3240 0.0370 -2.7591
v  0.3237 0.0288 -2.7591
v  0.2944 0.0282 -2.7332
v  0.3201 0.0237 -2.7628
v  0.2908 0.0236 -2.7366
v  0.3156 0.0200 -2.7674
v  0.2864 0.0195 -2.7408
v  0.3143 0.0127 -2.7686
v  0.2851 0.0127 -2.7417
v  0.3152 0.0053 -2.7671
v  0.2860 0.0055 -2.7403
v  0.3188 0.0010 -2.7626
v  0.2895 0.0011 -2.7360
v  0.3235 0.0002 -2.7568
v  0.2944 0.0004 -2.7304
v  0.3283 0.0002 -2.7509
v  0.2993 0.0003 -2.7247
v  0.3331 0.0002 -2.7450
v  0.3583 0.0004 -2.7763
v  0.3629 0.0003 -2.7703
v  0.3692 0.0002 -2.7621
v  0.3942 0.0003 -2.7941
v  0.4002 0.0002 -2.7856
v  0.4084 0.0001 -2.7739
v  0.4329 0.0001 -2.8066
v  0.4406 0.0001 -2.7949
v  0.4510 0.0000 -2.7788
v  0.4199 0.0001 -2.7574
v  0.4666 0.0001 -2.7547
v  0.4361 0.0000 -2.7339
v  0.4850 0.0001 -2.7259
v  0.4553 0.0001 -2.7058
v  0.5039 0.0001 -2.6962
v  0.4751 0.0001 -2.6766
v  0.5228 0.0001 -2.6663
v  0.4948 0.0001 -2.6475
v  0.5416 0.0001 -2.6362
v  0.5146 0.0001 -2.6179
v  0.5574 0.0001 -2.6109
v  0.5310 0.0001 -2.5936
v  0.5690 0.0001 -2.5926
v  0.5433 0.0000 -2.5753
v  0.5788 0.0001 -2.5772
v  0.5537 0.0001 -2.5600
v  0.5289 0.0001 -2.5417
v  0.5614 0.0002 -2.5488
v  0.5364 0.0001 -2.5314
v  0.5123 0.0002 -2.5131
v  0.5425 0.0003 -2.5234
v  0.5187 0.0004 -2.5054
v  0.4949 0.0004 -2.4855
v  0.5246 0.0010 -2.4981
v  0.5008 0.0013 -2.4785
v  0.4783 0.0010 -2.4581
v  0.5059 0.0047 -2.4724
v  0.4835 0.0046 -2.4524
v  0.4620 0.0043 -2.4309
v  0.4857 0.0125 -2.4499
v  0.4640 0.0125 -2.4286
v  0.4433 0.0130 -2.4063
v  0.4410 0.0046 -2.4087
v  0.4228 0.0135 -2.3832
v  0.4206 0.0054 -2.3856
v  0.4031 0.0135 -2.3570
v  0.4013 0.0052 -2.3591
v  0.3844 0.0139 -2.3295
v  0.3826 0.0055 -2.3313
v  0.3656 0.0141 -2.3014
v  0.3633 0.0058 -2.3033
v  0.3488 0.0135 -2.2745
v  0.3463 0.0047 -2.2764
v  0.3335 0.0130 -2.2521
v  0.3311 0.0043 -2.2542
v  0.3236 0.0124 -2.2368
v  0.3209 0.0037 -2.2388
v  0.3165 0.0118 -2.2247
v  0.3127 0.0035 -2.2266
v  0.3106 0.0117 -2.2151
v  0.3052 0.0039 -2.2173
v  0.2917 0.0042 -2.2167
v  0.2861 0.0115 -2.2133
v  0.2793 0.0126 -2.2224
v  0.2850 0.0231 -2.2135
v  0.2790 0.0242 -2.2223
v  0.2716 0.0260 -2.2337
v  0.2789 0.0375 -2.2225
v  0.2718 0.0387 -2.2334
v  0.2620 0.0405 -2.2483
v  0.2720 0.0533 -2.2330
v  0.2620 0.0549 -2.2484
v  0.2479 0.0566 -2.2698
v  0.2722 0.0682 -2.2329
v  0.2791 0.0522 -2.2224
v  0.2792 0.0675 -2.2221
v  0.2797 0.0818 -2.2215
v  0.2849 0.0670 -2.2139
v  0.2852 0.0818 -2.2134
v  0.2859 0.0953 -2.2128
v  0.2916 0.0818 -2.2065
v  0.2920 0.0950 -2.2061
v  0.2995 0.0814 -2.2034
v  0.2998 0.0947 -2.2034
v  0.3067 0.0808 -2.2084
v  0.3064 0.0940 -2.2085
v  0.3063 0.1063 -2.2085
v  0.3117 0.0929 -2.2160
v  0.3114 0.1049 -2.2157
v  0.3113 0.1154 -2.2155
v  0.3164 0.1135 -2.2236
v  0.3165 0.1033 -2.2240
v  0.3145 0.1200 -2.2252
v  0.3081 0.1204 -2.2192
v  0.3123 0.1238 -2.2268
v  0.3062 0.1237 -2.2211
v  0.3155 0.1283 -2.2233
v  0.3078 0.1275 -2.2169
v  0.3007 0.1272 -2.2148
v  0.3102 0.1325 -2.2116
v  0.3012 0.1314 -2.2084
v  0.2923 0.1320 -2.2090
v  0.2939 0.1275 -2.2154
v  0.3017 0.1388 -2.2026
v  0.2910 0.1389 -2.2033
v  0.2813 0.1421 -2.2111
v  0.2907 0.1514 -2.2002
v  0.2809 0.1535 -2.2092
v  0.2704 0.1572 -2.2229
v  0.2809 0.1689 -2.2088
v  0.2704 0.1722 -2.2219
v  0.2569 0.1770 -2.2421
v  0.2714 0.1912 -2.2221
v  0.2583 0.1951 -2.2419
v  0.2413 0.1967 -2.2685
v  0.2400 0.1797 -2.2684
v  0.2231 0.1975 -2.2976
v  0.2219 0.1817 -2.2971
v  0.2055 0.2001 -2.3262
v  0.2043 0.1850 -2.3248
v  0.1892 0.2026 -2.3534
v  0.1882 0.1884 -2.3515
v  0.1735 0.2037 -2.3784
v  0.1908 0.2151 -2.3558
v  0.1752 0.2165 -2.3809
v  0.1606 0.2174 -2.4049
v  0.1787 0.2278 -2.3847
v  0.1933 0.2272 -2.3590
v  0.2008 0.2354 -2.3659
v  0.1863 0.2353 -2.3913
v  0.2115 0.2425 -2.3754
v  0.1965 0.2420 -2.3996
v  0.1859 0.2420 -2.4204
v  0.2117 0.2482 -2.4126
v  0.2023 0.2478 -2.4289
v  0.1945 0.2475 -2.4415
v  0.1783 0.2427 -2.4378
v  0.1876 0.2474 -2.4510
v  0.1744 0.2434 -2.4453
v  0.1826 0.2497 -2.4565
v  0.1732 0.2489 -2.4467
v  0.1668 0.2487 -2.4428
v  0.1740 0.2552 -2.4458
v  0.1652 0.2554 -2.4424
v  0.1539 0.2543 -2.4454
v  0.1573 0.2468 -2.4432
v  0.1643 0.2648 -2.4423
v  0.1517 0.2640 -2.4474
v  0.1645 0.2779 -2.4434
v  0.1516 0.2771 -2.4487
v  0.1648 0.2962 -2.4455
v  0.1522 0.2954 -2.4501
v  0.1649 0.3218 -2.4496
v  0.1524 0.3216 -2.4527
v  0.1414 0.3208 -2.4608
v  0.1521 0.3512 -2.4564
v  0.1417 0.3505 -2.4633
v  0.1320 0.3504 -2.4711
v  0.1420 0.3788 -2.4655
v  0.1334 0.3782 -2.4725
v  0.1253 0.3781 -2.4796
v  0.1344 0.4005 -2.4738
v  0.1267 0.3999 -2.4805
v  0.1194 0.3995 -2.4875
v  0.1178 0.3785 -2.4871
v  0.1277 0.4152 -2.4810
v  0.1212 0.4149 -2.4874
v  0.1156 0.4148 -2.4946
v  0.1231 0.4274 -2.4871
v  0.1178 0.4270 -2.4938
v  0.1184 0.4261 -2.5026
v  0.1171 0.4137 -2.5038
v  0.1229 0.4254 -2.5118
v  0.1216 0.4139 -2.5126
v  0.1307 0.4251 -2.5240
v  0.1301 0.4155 -2.5248
v  0.1307 0.4057 -2.5264
v  0.1421 0.4161 -2.5408
v  0.1430 0.4075 -2.5422
v  0.1442 0.3990 -2.5439
v  0.1325 0.3973 -2.5292
v  0.1422 0.3939 -2.5472
v  0.1611 0.3996 -2.5669
v  0.1587 0.3968 -2.5699
v  0.1537 0.4016 -2.5740
v  0.1383 0.3994 -2.5500
v  0.1480 0.4037 -2.5790
v  0.1324 0.4030 -2.5548
v  0.1422 0.4018 -2.5847
v  0.1258 0.4030 -2.5611
v  0.1161 0.4033 -2.5450
v  0.1205 0.3982 -2.5664
v  0.1098 0.4004 -2.5501
v  0.1381 0.3956 -2.5888
v  0.1370 0.3874 -2.5900
v  0.1596 0.3933 -2.6136
v  0.1594 0.3851 -2.6142
v  0.1612 0.3777 -2.6124
v  0.1387 0.3795 -2.5883
v  0.1660 0.3732 -2.6075
v  0.1425 0.3741 -2.5843
v  0.1679 0.3652 -2.6056
v  0.1453 0.3668 -2.5815
v  0.1683 0.3558 -2.6054
v  0.1459 0.3576 -2.5808
v  0.1685 0.3455 -2.6053
v  0.1460 0.3472 -2.5805
v  0.1309 0.3495 -2.5631
v  0.1460 0.3343 -2.5805
v  0.1316 0.3350 -2.5639
v  0.1238 0.3345 -2.5546
v  0.1227 0.3513 -2.5535
v  0.1172 0.3338 -2.5471
v  0.1150 0.3526 -2.5464
v  0.1072 0.3332 -2.5468
v  0.1061 0.3539 -2.5468
v  0.0995 0.3326 -2.5445
v  0.0981 0.3551 -2.5432
v  0.0949 0.3318 -2.5373
v  0.0947 0.3557 -2.5353
v  0.0947 0.3735 -2.5338
v  0.0946 0.3560 -2.5265
v  0.0953 0.3743 -2.5247
v  0.1000 0.3750 -2.5181
v  0.1085 0.3758 -2.5165
v  0.1180 0.3750 -2.5211
v  0.1179 0.3082 -2.5483
v  0.1248 0.3096 -2.5558
v  0.1325 0.3110 -2.5650
v  0.1332 0.2805 -2.5659
v  0.1463 0.3131 -2.5806
v  0.1462 0.2815 -2.5805
v  0.1457 0.2490 -2.5803
v  0.1676 0.2827 -2.6045
v  0.1671 0.2493 -2.6039
v  0.1668 0.2163 -2.6030
v  0.1918 0.2494 -2.6309
v  0.1914 0.2157 -2.6299
v  0.2174 0.2492 -2.6577
v  0.2171 0.2150 -2.6567
v  0.2166 0.1811 -2.6557
v  0.2434 0.2143 -2.6835
v  0.2431 0.1801 -2.6827
v  0.2423 0.1459 -2.6821
v  0.2702 0.1791 -2.7094
v  0.2692 0.1447 -2.7089
v  0.2684 0.1103 -2.7081
v  0.2972 0.1434 -2.7350
v  0.2965 0.1088 -2.7344
v  0.2957 0.0779 -2.7341
v  0.3254 0.1075 -2.7601
v  0.3248 0.0774 -2.7598
v  0.3247 0.0580 -2.7591
v  0.3549 0.0765 -2.7848
v  0.3550 0.0574 -2.7842
v  0.3545 0.0464 -2.7843
v  0.3856 0.0566 -2.8084
v  0.3852 0.0460 -2.8087
v  0.3852 0.0363 -2.8084
v  0.3543 0.0369 -2.7841
v  0.3854 0.0278 -2.8079
v  0.3542 0.0284 -2.7836
v  0.3822 0.0238 -2.8120
v  0.3507 0.0237 -2.7876
v  0.3782 0.0199 -2.8173
v  0.3465 0.0198 -2.7925
v  0.3769 0.0128 -2.8188
v  0.3450 0.0127 -2.7940
v  0.3777 0.0053 -2.8174
v  0.3458 0.0053 -2.7927
v  0.3810 0.0010 -2.8126
v  0.3492 0.0009 -2.7881
v  0.3854 0.0006 -2.8065
v  0.3537 0.0005 -2.7822
v  0.3897 0.0004 -2.8004
v  0.4183 0.0003 -2.8292
v  0.4226 0.0002 -2.8226
v  0.4270 0.0002 -2.8158
v  0.4558 0.0002 -2.8442
v  0.4603 0.0002 -2.8368
v  0.4662 0.0001 -2.8271
v  0.4937 0.0002 -2.8577
v  0.4996 0.0002 -2.8475
v  0.5068 0.0001 -2.8348
v  0.4735 0.0001 -2.8151
v  0.5161 0.0001 -2.8182
v  0.4833 0.0001 -2.7989
v  0.5299 0.0001 -2.7932
v  0.4978 0.0001 -2.7746
v  0.5464 0.0001 -2.7630
v  0.5154 0.0001 -2.7450
v  0.5631 0.0001 -2.7321
v  0.5332 0.0001 -2.7147
v  0.5798 0.0001 -2.7009
v  0.5511 0.0001 -2.6841
v  0.5964 0.0001 -2.6697
v  0.5689 0.0001 -2.6534
v  0.6105 0.0001 -2.6425
v  0.5839 0.0001 -2.6273
v  0.6210 0.0001 -2.6222
v  0.5949 0.0001 -2.6084
v  0.6296 0.0001 -2.6057
v  0.6042 0.0001 -2.5925
v  0.6361 0.0002 -2.5936
v  0.6111 0.0002 -2.5806
v  0.5862 0.0002 -2.5656
v  0.6165 0.0004 -2.5716
v  0.5920 0.0003 -2.5567
v  0.5672 0.0003 -2.5404
v  0.5973 0.0009 -2.5487
v  0.5726 0.0014 -2.5327
v  0.5483 0.0011 -2.5157
v  0.5770 0.0054 -2.5265
v  0.5531 0.0051 -2.5095
v  0.5295 0.0046 -2.4921
v  0.5548 0.0135 -2.5076
v  0.5315 0.0129 -2.4898
v  0.5081 0.0126 -2.4698
v  0.5318 0.0222 -2.4895
v  0.5083 0.0217 -2.4696
v  0.4860 0.0215 -2.4495
v  0.5084 0.0310 -2.4695
v  0.4860 0.0309 -2.4494
v  0.4644 0.0307 -2.4278
v  0.4643 0.0216 -2.4281
v  0.4434 0.0312 -2.4056
v  0.4434 0.0220 -2.4059
v  0.4230 0.0321 -2.3817
v  0.4230 0.0226 -2.3823
v  0.4030 0.0324 -2.3556
v  0.4033 0.0228 -2.3561
v  0.3841 0.0330 -2.3284
v  0.3844 0.0232 -2.3289
v  0.3656 0.0338 -2.3005
v  0.3657 0.0237 -2.3008
v  0.3484 0.0335 -2.2737
v  0.3487 0.0234 -2.2741
v  0.3334 0.0336 -2.2511
v  0.3335 0.0230 -2.2514
v  0.3238 0.0347 -2.2362
v  0.3238 0.0231 -2.2364
v  0.3169 0.0351 -2.2247
v  0.3169 0.0228 -2.2247
v  0.3117 0.0355 -2.2159
v  0.3116 0.0228 -2.2155
v  0.3063 0.0357 -2.2078
v  0.3118 0.0495 -2.2162
v  0.3066 0.0500 -2.2081
v  0.2991 0.0504 -2.2034
v  0.2990 0.0357 -2.2033
v  0.2911 0.0507 -2.2068
v  0.2912 0.0360 -2.2067
v  0.2848 0.0367 -2.2139
v  0.2847 0.0513 -2.2141
v  0.2913 0.0666 -2.2068
v  0.2993 0.0662 -2.2034
v  0.3067 0.0657 -2.2083
v  0.3120 0.0649 -2.2163
v  0.3119 0.0801 -2.2163
v  0.3169 0.0641 -2.2246
v  0.3170 0.0793 -2.2246
v  0.3168 0.0919 -2.2243
v  0.3237 0.0779 -2.2357
v  0.3238 0.0907 -2.2358
v  0.3238 0.1016 -2.2359
v  0.3340 0.0894 -2.2519
v  0.3343 0.1002 -2.2524
v  0.3347 0.1103 -2.2534
v  0.3238 0.1111 -2.2361
v  0.3235 0.1192 -2.2363
v  0.3200 0.1240 -2.2383
v  0.3238 0.1284 -2.2358
v  0.3400 0.1342 -2.2513
v  0.3277 0.1345 -2.2331
v  0.3196 0.1338 -2.2195
v  0.3296 0.1425 -2.2316
v  0.3206 0.1416 -2.2181
v  0.3118 0.1401 -2.2073
v  0.3207 0.1509 -2.2168
v  0.3120 0.1506 -2.2056
v  0.3023 0.1505 -2.1972
v  0.3123 0.1649 -2.2051
v  0.3020 0.1661 -2.1983
v  0.2902 0.1673 -2.2002
v  0.3021 0.1841 -2.1988
v  0.2906 0.1857 -2.2005
v  0.2814 0.1876 -2.2091
v  0.2925 0.2064 -2.2008
v  0.2836 0.2082 -2.2093
v  0.2737 0.2111 -2.2234
v  0.2913 0.2277 -2.2141
v  0.2792 0.2283 -2.2253
v  0.2652 0.2301 -2.2454
v  0.2611 0.2136 -2.2430
v  0.2493 0.2293 -2.2725
v  0.2443 0.2136 -2.2698
v  0.2296 0.2286 -2.3019
v  0.2256 0.2134 -2.2992
v  0.2105 0.2274 -2.3313
v  0.2076 0.2140 -2.3284
v  0.2401 0.2383 -2.3090
v  0.2192 0.2366 -2.3383
v  0.2306 0.2445 -2.3478
v  0.2454 0.2511 -2.3614
v  0.2257 0.2496 -2.3901
v  0.2664 0.2565 -2.3839
v  0.2464 0.2552 -2.4118
v  0.2326 0.2540 -2.4314
v  0.2690 0.2588 -2.4369
v  0.2554 0.2581 -2.4543
v  0.2452 0.2575 -2.4666
v  0.2226 0.2533 -2.4449
v  0.2371 0.2570 -2.4758
v  0.2145 0.2528 -2.4551
v  0.2294 0.2566 -2.4839
v  0.2072 0.2523 -2.4635
v  0.2220 0.2566 -2.4913
v  0.2007 0.2521 -2.4703
v  0.2184 0.2613 -2.4942
v  0.1982 0.2581 -2.4715
v  0.1835 0.2560 -2.4554
v  0.1995 0.2674 -2.4692
v  0.1850 0.2647 -2.4541
v  0.1750 0.2642 -2.4452
v  0.1862 0.2774 -2.4543
v  0.1764 0.2776 -2.4463
v  0.1873 0.2946 -2.4562
v  0.1773 0.2957 -2.4487
v  0.1881 0.3182 -2.4603
v  0.1774 0.3205 -2.4526
v  0.1871 0.3486 -2.4658
v  0.1761 0.3504 -2.4577
v  0.1641 0.3512 -2.4546
v  0.1741 0.3798 -2.4625
v  0.1628 0.3798 -2.4592
v  0.1515 0.3795 -2.4596
v  0.1617 0.4044 -2.4630
v  0.1513 0.4033 -2.4627
v  0.1424 0.4016 -2.4677
v  0.1508 0.4198 -2.4650
v  0.1422 0.4178 -2.4693
v  0.1347 0.4162 -2.4750
v  0.1422 0.4304 -2.4709
v  0.1351 0.4288 -2.4763
v  0.1287 0.4279 -2.4815
v  0.1357 0.4394 -2.4778
v  0.1299 0.4378 -2.4826
v  0.1378 0.4476 -2.4810
v  0.1312 0.4461 -2.4852
v  0.1419 0.4504 -2.4875
v  0.1350 0.4493 -2.4918
v  0.1474 0.4509 -2.4956
v  0.1404 0.4496 -2.5006
v  0.1341 0.4471 -2.5051
v  0.1477 0.4495 -2.5117
v  0.1411 0.4466 -2.5167
v  0.1350 0.4424 -2.5210
v  0.1283 0.4428 -2.5088
v  0.1324 0.4341 -2.5228
v  0.1246 0.4350 -2.5109
v  0.1460 0.4415 -2.5365
v  0.1436 0.4333 -2.5387
v  0.1426 0.4251 -2.5402
v  0.1609 0.4328 -2.5623
v  0.1599 0.4241 -2.5636
v  0.1597 0.4155 -2.5641
v  0.1809 0.4224 -2.5905
v  0.1810 0.4146 -2.5912
v  0.1815 0.4074 -2.5917
v  0.1604 0.4078 -2.5652
v  0.1820 0.3997 -2.5924
v  0.2038 0.4062 -2.6186
v  0.2040 0.3993 -2.6189
v  0.2000 0.3996 -2.6229
v  0.1783 0.3988 -2.5958
v  0.1950 0.4029 -2.6276
v  0.1731 0.4024 -2.6004
v  0.1894 0.4028 -2.6330
v  0.1675 0.4033 -2.6058
v  0.1850 0.3987 -2.6374
v  0.1623 0.4002 -2.6109
v  0.1829 0.3915 -2.6395
v  0.2092 0.3976 -2.6644
v  0.2078 0.3904 -2.6661
v  0.2082 0.3829 -2.6661
v  0.1829 0.3836 -2.6398
v  0.2115 0.3762 -2.6630
v  0.1858 0.3768 -2.6374
v  0.2153 0.3721 -2.6591
v  0.1911 0.3721 -2.6325
v  0.2168 0.3641 -2.6579
v  0.1922 0.3646 -2.6315
v  0.2172 0.3551 -2.6578
v  0.1924 0.3550 -2.6315
v  0.2177 0.3455 -2.6578
v  0.1927 0.3449 -2.6315
v  0.2179 0.3340 -2.6580
v  0.1926 0.3327 -2.6316
v  0.1683 0.3330 -2.6052
v  0.1925 0.3157 -2.6316
v  0.1682 0.3150 -2.6049
v  0.1923 0.2837 -2.6314
v  0.2180 0.3153 -2.6581
v  0.2176 0.2839 -2.6582
v  0.2437 0.3153 -2.6846
v  0.2437 0.2835 -2.6844
v  0.2434 0.2487 -2.6843
v  0.2706 0.2830 -2.7107
v  0.2705 0.2483 -2.7105
v  0.2705 0.2137 -2.7100
v  0.2984 0.2478 -2.7367
v  0.2984 0.2130 -2.7360
v  0.2979 0.1782 -2.7355
v  0.3272 0.2120 -2.7612
v  0.3265 0.1771 -2.7610
v  0.3259 0.1422 -2.7606
v  0.3563 0.1759 -2.7854
v  0.3558 0.1411 -2.7852
v  0.3554 0.1065 -2.7848
v  0.3864 0.1401 -2.8091
v  0.3862 0.1055 -2.8088
v  0.3856 0.0757 -2.8089
v  0.4176 0.1046 -2.8319
v  0.4172 0.0752 -2.8320
v  0.4174 0.0573 -2.8315
v  0.4502 0.0749 -2.8542
v  0.4505 0.0578 -2.8538
v  0.4504 0.0472 -2.8539
v  0.4172 0.0464 -2.8317
v  0.4502 0.0379 -2.8539
v  0.4172 0.0371 -2.8317
v  0.4501 0.0294 -2.8542
v  0.4175 0.0288 -2.8315
v  0.4478 0.0238 -2.8576
v  0.4147 0.0238 -2.8355
v  0.4443 0.0195 -2.8629
v  0.4109 0.0197 -2.8410
v  0.4431 0.0121 -2.8647
v  0.4097 0.0124 -2.8423
v  0.4441 0.0047 -2.8630
v  0.4106 0.0050 -2.8408
v  0.4474 0.0009 -2.8577
v  0.4139 0.0008 -2.8357
v  0.4515 0.0003 -2.8510
v  0.4817 0.0008 -2.8787
v  0.4856 0.0004 -2.8719
v  0.4895 0.0003 -2.8651
v  0.5209 0.0004 -2.8917
v  0.5245 0.0002 -2.8848
v  0.5284 0.0002 -2.8774
v  0.5608 0.0002 -2.9023
v  0.5647 0.0002 -2.8941
v  0.5698 0.0001 -2.8836
v  0.5340 0.0001 -2.8667
v  0.5762 0.0001 -2.8705
v  0.5409 0.0001 -2.8536
v  0.5841 0.0001 -2.8538
v  0.5497 0.0001 -2.8365
v  0.5964 0.0001 -2.8273
v  0.5627 0.0001 -2.8108
v  0.6107 0.0001 -2.7958
v  0.5781 0.0001 -2.7800
v  0.6250 0.0001 -2.7636
v  0.5936 0.0001 -2.7487
v  0.6389 0.0001 -2.7313
v  0.6090 0.0001 -2.7170
v  0.6524 0.0001 -2.6990
v  0.6241 0.0001 -2.6851
v  0.6648 0.0001 -2.6686
v  0.6373 0.0001 -2.6566
v  0.6739 0.0001 -2.6459
v  0.6473 0.0001 -2.6348
v  0.6810 0.0001 -2.6284
v  0.6552 0.0001 -2.6175
v  0.6859 0.0003 -2.6158
v  0.6608 0.0002 -2.6053
v  0.6895 0.0004 -2.6066
v  0.6651 0.0004 -2.5961
v  0.6409 0.0003 -2.5845
v  0.6692 0.0011 -2.5872
v  0.6455 0.0011 -2.5761
v  0.6216 0.0013 -2.5634
v  0.6494 0.0053 -2.5691
v  0.6259 0.0048 -2.5566
v  0.6016 0.0050 -2.5424
v  0.6277 0.0132 -2.5544
v  0.6035 0.0134 -2.5404
v  0.5786 0.0137 -2.5247
v  0.6042 0.0225 -2.5404
v  0.5793 0.0228 -2.5244
v  0.5552 0.0228 -2.5075
v  0.5798 0.0322 -2.5246
v  0.5555 0.0322 -2.5075
v  0.5319 0.0317 -2.4894
v  0.5558 0.0427 -2.5076
v  0.5320 0.0426 -2.4895
v  0.5085 0.0423 -2.4695
v  0.5321 0.0556 -2.4896
v  0.5087 0.0558 -2.4696
v  0.4861 0.0559 -2.4492
v  0.4860 0.0420 -2.4492
v  0.4645 0.0562 -2.4276
v  0.4644 0.0419 -2.4277
v  0.4433 0.0565 -2.4052
v  0.4433 0.0423 -2.4054
v  0.4226 0.0567 -2.3810
v  0.4228 0.0428 -2.3813
v  0.4026 0.0571 -2.3549
v  0.4028 0.0436 -2.3552
v  0.3836 0.0581 -2.3275
v  0.3839 0.0446 -2.3279
v  0.3653 0.0591 -2.2998
v  0.3654 0.0456 -2.3001
v  0.3480 0.0603 -2.2730
v  0.3482 0.0460 -2.2733
v  0.3334 0.0618 -2.2510
v  0.3332 0.0468 -2.2508
v  0.3236 0.0629 -2.2357
v  0.3237 0.0479 -2.2358
v  0.3170 0.0488 -2.2247
v  0.3337 0.0767 -2.2515
v  0.3480 0.0752 -2.2730
v  0.3482 0.0883 -2.2734
v  0.3651 0.0737 -2.2996
v  0.3650 0.0871 -2.2995
v  0.3648 0.0984 -2.2995
v  0.3484 0.0993 -2.2738
v  0.3646 0.1083 -2.2997
v  0.3483 0.1091 -2.2743
v  0.3834 0.0975 -2.3273
v  0.3834 0.1076 -2.3276
v  0.3829 0.1167 -2.3286
v  0.4027 0.1062 -2.3550
v  0.4026 0.1152 -2.3555
v  0.4026 0.1241 -2.3557
v  0.3818 0.1240 -2.3294
v  0.4067 0.1291 -2.3522
v  0.3857 0.1294 -2.3255
v  0.4107 0.1348 -2.3490
v  0.3899 0.1355 -2.3224
v  0.3703 0.1349 -2.2950
v  0.3922 0.1431 -2.3209
v  0.3729 0.1434 -2.2942
v  0.3556 0.1430 -2.2704
v  0.3540 0.1347 -2.2730
v  0.3413 0.1428 -2.2494
v  0.3565 0.1525 -2.2689
v  0.3420 0.1521 -2.2477
v  0.3302 0.1515 -2.2304
v  0.3423 0.1625 -2.2467
v  0.3302 0.1630 -2.2290
v  0.3208 0.1639 -2.2157
v  0.3300 0.1792 -2.2286
v  0.3206 0.1809 -2.2157
v  0.3121 0.1826 -2.2058
v  0.3043 0.2041 -2.2003
v  0.3101 0.2211 -2.2102
v  0.3013 0.2255 -2.2102
v  0.3203 0.2310 -2.2268
v  0.3121 0.2369 -2.2279
v  0.3028 0.2396 -2.2298
v  0.3233 0.2450 -2.2518
v  0.3317 0.2369 -2.2486
v  0.3474 0.2398 -2.2757
v  0.3373 0.2487 -2.2821
v  0.3657 0.2399 -2.3037
v  0.3543 0.2494 -2.3124
v  0.3847 0.2396 -2.3315
v  0.3732 0.2493 -2.3411
v  0.3584 0.2559 -2.3526
v  0.3934 0.2483 -2.3680
v  0.3794 0.2548 -2.3803
v  0.3581 0.2592 -2.3985
v  0.3372 0.2594 -2.3685
v  0.3334 0.2608 -2.4200
v  0.3125 0.2600 -2.3887
v  0.3099 0.2610 -2.4428
v  0.2887 0.2595 -2.4128
v  0.2910 0.2608 -2.4637
v  0.3302 0.2618 -2.4717
v  0.3111 0.2618 -2.4903
v  0.2978 0.2616 -2.5039
v  0.2779 0.2604 -2.4794
v  0.2877 0.2614 -2.5145
v  0.2682 0.2600 -2.4912
v  0.2792 0.2612 -2.5233
v  0.2600 0.2597 -2.5006
v  0.2718 0.2611 -2.5313
v  0.2526 0.2595 -2.5088
v  0.3003 0.2622 -2.5496
v  0.2925 0.2622 -2.5573
v  0.3248 0.2628 -2.5783
v  0.3178 0.2629 -2.5862
v  0.3108 0.2632 -2.5941
v  0.3428 0.2631 -2.6132
v  0.3357 0.2634 -2.6207
v  0.3318 0.2678 -2.6253
v  0.3071 0.2673 -2.5991
v  0.3345 0.2762 -2.6240
v  0.3093 0.2761 -2.5980
v  0.3359 0.2871 -2.6241
v  0.3106 0.2873 -2.5978
v  0.2861 0.2855 -2.5702
v  0.3110 0.3001 -2.5987
v  0.2865 0.2989 -2.5714
v  0.2637 0.2981 -2.5449
v  0.2636 0.2845 -2.5436
v  0.2419 0.2980 -2.5184
v  0.2425 0.2843 -2.5182
v  0.2193 0.2970 -2.4908
v  0.2197 0.2829 -2.4907
v  0.2199 0.2707 -2.4917
v  0.2000 0.2798 -2.4685
v  0.1999 0.2944 -2.4689
v  0.2180 0.3160 -2.4924
v  0.1996 0.3161 -2.4715
v  0.2158 0.3433 -2.4964
v  0.1987 0.3462 -2.4773
v  0.2134 0.3743 -2.5024
v  0.1962 0.3773 -2.4831
v  0.1847 0.3789 -2.4709
v  0.1931 0.4026 -2.4876
v  0.1815 0.4042 -2.4754
v  0.1719 0.4046 -2.4672
v  0.1781 0.4226 -2.4795
v  0.1693 0.4229 -2.4714
v  0.1605 0.4217 -2.4661
v  0.1674 0.4341 -2.4749
v  0.1596 0.4337 -2.4690
v  0.1505 0.4321 -2.4671
v  0.1652 0.4430 -2.4789
v  0.1757 0.4336 -2.4830
v  0.1735 0.4423 -2.4869
v  0.1687 0.4476 -2.4933
v  0.1608 0.4482 -2.4845
v  0.1621 0.4509 -2.5000
v  0.1544 0.4512 -2.4903
v  0.1548 0.4513 -2.5064
v  0.1726 0.4507 -2.5133
v  0.1651 0.4515 -2.5206
v  0.1580 0.4494 -2.5265
v  0.1811 0.4515 -2.5419
v  0.1741 0.4493 -2.5486
v  0.1680 0.4459 -2.5545
v  0.1515 0.4462 -2.5319
v  0.1626 0.4411 -2.5597
v  0.1893 0.4455 -2.5815
v  0.1838 0.4405 -2.5869
v  0.1818 0.4319 -2.5891
v  0.2063 0.4401 -2.6148
v  0.2045 0.4308 -2.6168
v  0.2037 0.4217 -2.6179
v  0.2278 0.4298 -2.6439
v  0.2268 0.4210 -2.6451
v  0.2268 0.4134 -2.6456
v  0.2035 0.4136 -2.6184
v  0.2273 0.4061 -2.6461
v  0.2528 0.4135 -2.6735
v  0.2530 0.4062 -2.6736
v  0.2531 0.3997 -2.6736
v  0.2277 0.3995 -2.6466
v  0.2490 0.4002 -2.6779
v  0.2238 0.4006 -2.6501
v  0.2437 0.4030 -2.6833
v  0.2183 0.4034 -2.6549
v  0.2389 0.4022 -2.6882
v  0.2131 0.4023 -2.6602
v  0.2351 0.3969 -2.6920
v  0.2662 0.4016 -2.7158
v  0.2627 0.3964 -2.7195
v  0.2613 0.3891 -2.7210
v  0.2339 0.3896 -2.6933
v  0.2619 0.3815 -2.7204
v  0.2341 0.3821 -2.6930
v  0.2647 0.3757 -2.7176
v  0.2376 0.3759 -2.6899
v  0.2698 0.3735 -2.7122
v  0.2410 0.3741 -2.6863
v  0.2708 0.3666 -2.7110
v  0.2433 0.3656 -2.6841
v  0.2708 0.3573 -2.7111
v  0.2433 0.3565 -2.6843
v  0.2708 0.3478 -2.7110
v  0.2436 0.3468 -2.6844
v  0.2708 0.3357 -2.7108
v  0.2437 0.3351 -2.6846
v  0.2707 0.3148 -2.7108
v  0.2990 0.3352 -2.7370
v  0.2988 0.3145 -2.7368
v  0.2986 0.2825 -2.7367
v  0.3281 0.3145 -2.7626
v  0.3279 0.2816 -2.7622
v  0.3274 0.2469 -2.7620
v  0.3577 0.2806 -2.7868
v  0.3571 0.2457 -2.7864
v  0.3569 0.2108 -2.7856
v  0.3874 0.2444 -2.8098
v  0.3873 0.2096 -2.8090
v  0.3867 0.1749 -2.8092
v  0.4181 0.2085 -2.8320
v  0.4178 0.1739 -2.8322
v  0.4177 0.1393 -2.8321
v  0.4500 0.1730 -2.8537
v  0.4501 0.1387 -2.8538
v  0.4503 0.1043 -2.8537
v  0.4838 0.1384 -2.8738
v  0.4841 0.1047 -2.8741
v  0.4842 0.0753 -2.8747
v  0.5191 0.1056 -2.8932
v  0.5195 0.0764 -2.8936
v  0.5199 0.0579 -2.8935
v  0.4847 0.0570 -2.8741
v  0.5199 0.0472 -2.8937
v  0.4846 0.0467 -2.8744
v  0.5201 0.0378 -2.8938
v  0.4846 0.0374 -2.8744
v  0.5200 0.0293 -2.8938
v  0.4846 0.0291 -2.8746
v  0.5177 0.0238 -2.8980
v  0.4822 0.0238 -2.8785
v  0.5145 0.0199 -2.9040
v  0.4788 0.0196 -2.8842
v  0.5135 0.0125 -2.9057
v  0.4778 0.0123 -2.8857
v  0.5143 0.0049 -2.9041
v  0.4786 0.0048 -2.8842
v  0.5172 0.0008 -2.8985
v  0.5508 0.0050 -2.9225
v  0.5537 0.0008 -2.9168
v  0.5573 0.0003 -2.9095
v  0.5907 0.0006 -2.9341
v  0.5943 0.0003 -2.9264
v  0.5980 0.0002 -2.9187
v  0.6326 0.0002 -2.9433
v  0.6358 0.0001 -2.9353
v  0.6392 0.0001 -2.9263
v  0.6020 0.0001 -2.9106
v  0.6440 0.0000 -2.9145
v  0.6067 0.0001 -2.8996
v  0.6493 0.0000 -2.9009
v  0.6124 0.0001 -2.8866
v  0.6561 0.0000 -2.8831
v  0.6198 0.0000 -2.8692
v  0.6660 0.0000 -2.8561
v  0.6309 0.0001 -2.8425
v  0.6776 0.0000 -2.8233
v  0.6439 0.0000 -2.8106
v  0.6893 0.0000 -2.7895
v  0.6569 0.0000 -2.7773
v  0.7005 0.0000 -2.7555
v  0.6695 0.0000 -2.7441
v  0.7114 0.0001 -2.7216
v  0.6816 0.0001 -2.7111
v  0.7213 0.0001 -2.6899
v  0.6928 0.0001 -2.6798
v  0.7287 0.0001 -2.6660
v  0.7010 0.0001 -2.6564
v  0.7343 0.0001 -2.6475
v  0.7074 0.0001 -2.6384
v  0.7383 0.0003 -2.6337
v  0.7119 0.0002 -2.6253
v  0.7407 0.0005 -2.6247
v  0.7150 0.0005 -2.6162
v  0.7430 0.0013 -2.6161
v  0.7178 0.0013 -2.6075
v  0.6929 0.0015 -2.5977
v  0.7202 0.0050 -2.5998
v  0.6955 0.0056 -2.5904
v  0.6726 0.0057 -2.5799
v  0.6964 0.0141 -2.5878
v  0.6735 0.0143 -2.5777
v  0.6508 0.0136 -2.5668
v  0.6738 0.0234 -2.5773
v  0.6513 0.0230 -2.5666
v  0.6284 0.0226 -2.5544
v  0.6518 0.0326 -2.5666
v  0.6292 0.0320 -2.5547
v  0.6049 0.0319 -2.5406
v  0.6300 0.0426 -2.5551
v  0.6057 0.0421 -2.5409
v  0.5804 0.0423 -2.5248
v  0.6065 0.0546 -2.5414
v  0.5808 0.0547 -2.5251
v  0.5560 0.0551 -2.5077
v  0.5813 0.0676 -2.5254
v  0.5563 0.0682 -2.5079
v  0.5322 0.0692 -2.4897
v  0.5565 0.0806 -2.5080
v  0.5324 0.0817 -2.4898
v  0.5091 0.0833 -2.4700
v  0.5089 0.0702 -2.4698
v  0.4863 0.0854 -2.4495
v  0.4861 0.0714 -2.4492
v  0.4647 0.0863 -2.4278
v  0.4645 0.0720 -2.4277
v  0.4433 0.0863 -2.4052
v  0.4432 0.0721 -2.4052
v  0.4226 0.0860 -2.3808
v  0.4226 0.0721 -2.3808
v  0.4025 0.0859 -2.3546
v  0.4025 0.0723 -2.3547
v  0.3834 0.0863 -2.3272
v  0.3834 0.0729 -2.3272
v  0.4025 0.0966 -2.3547
v  0.4227 0.0968 -2.3809
v  0.4227 0.1065 -2.3809
v  0.4434 0.0976 -2.4052
v  0.4434 0.1077 -2.4052
v  0.4431 0.1172 -2.4055
v  0.4224 0.1157 -2.3810
v  0.4442 0.1249 -2.4047
v  0.4228 0.1240 -2.3808
v  0.4490 0.1293 -2.4006
v  0.4275 0.1288 -2.3771
v  0.4529 0.1356 -2.3971
v  0.4315 0.1343 -2.3739
v  0.4550 0.1439 -2.3952
v  0.4335 0.1422 -2.3722
v  0.4129 0.1424 -2.3474
v  0.4353 0.1513 -2.3706
v  0.4145 0.1513 -2.3459
v  0.3937 0.1521 -2.3198
v  0.4155 0.1609 -2.3449
v  0.3946 0.1620 -2.3192
v  0.3753 0.1629 -2.2928
v  0.3745 0.1527 -2.2933
v  0.3571 0.1629 -2.2677
v  0.3755 0.1764 -2.2928
v  0.3570 0.1775 -2.2671
v  0.3423 0.1783 -2.2462
v  0.3564 0.1971 -2.2674
v  0.3414 0.1981 -2.2462
v  0.3552 0.2130 -2.2688
v  0.3396 0.2132 -2.2463
v  0.3533 0.2273 -2.2709
v  0.3369 0.2261 -2.2468
v  0.3744 0.2109 -2.2952
v  0.3722 0.2267 -2.2979
v  0.3939 0.2088 -2.3218
v  0.3916 0.2259 -2.3249
v  0.4143 0.2074 -2.3472
v  0.4120 0.2251 -2.3504
v  0.4046 0.2389 -2.3578
v  0.4327 0.2247 -2.3748
v  0.4252 0.2380 -2.3824
v  0.4144 0.2473 -2.3930
v  0.4465 0.2377 -2.4055
v  0.4363 0.2467 -2.4161
v  0.4230 0.2537 -2.4300
v  0.4007 0.2540 -2.4062
v  0.4008 0.2589 -2.4521
v  0.3792 0.2591 -2.4263
v  0.3757 0.2613 -2.4764
v  0.3543 0.2611 -2.4492
v  0.3512 0.2623 -2.4998
v  0.3981 0.2613 -2.5023
v  0.3739 0.2625 -2.5269
v  0.3549 0.2629 -2.5463
v  0.3320 0.2625 -2.5181
v  0.3423 0.2629 -2.5593
v  0.3188 0.2624 -2.5310
v  0.3328 0.2629 -2.5695
v  0.3089 0.2623 -2.5409
v  0.3667 0.2631 -2.5871
v  0.3575 0.2631 -2.5972
v  0.3499 0.2631 -2.6056
v  0.3829 0.2632 -2.6240
v  0.3753 0.2633 -2.6324
v  0.3683 0.2633 -2.6401
v  0.4025 0.2634 -2.6575
v  0.3960 0.2634 -2.6656
v  0.3891 0.2636 -2.6739
v  0.3613 0.2635 -2.6478
v  0.3851 0.2665 -2.6790
v  0.3575 0.2668 -2.6523
v  0.3880 0.2736 -2.6764
v  0.3606 0.2747 -2.6502
v  0.3897 0.2836 -2.6751
v  0.3621 0.2853 -2.6499
v  0.3901 0.2959 -2.6755
v  0.3627 0.2974 -2.6506
v  0.3363 0.2997 -2.6252
v  0.3626 0.3132 -2.6522
v  0.3362 0.3152 -2.6269
v  0.3107 0.3164 -2.6006
v  0.3351 0.3355 -2.6298
v  0.3095 0.3367 -2.6037
v  0.2849 0.3380 -2.5771
v  0.2862 0.3161 -2.5737
v  0.2615 0.3391 -2.5504
v  0.2631 0.3160 -2.5469
v  0.2384 0.3408 -2.5232
v  0.2407 0.3159 -2.5198
v  0.2591 0.3672 -2.5552
v  0.2358 0.3703 -2.5282
v  0.2564 0.3933 -2.5602
v  0.2333 0.3956 -2.5334
v  0.2113 0.3990 -2.5077
v  0.2305 0.4153 -2.5383
v  0.2086 0.4174 -2.5127
v  0.1901 0.4206 -2.4919
v  0.2061 0.4294 -2.5167
v  0.1876 0.4317 -2.4957
v  0.2030 0.4402 -2.5208
v  0.1848 0.4412 -2.4997
v  0.1967 0.4472 -2.5271
v  0.1794 0.4474 -2.5060
v  0.1890 0.4508 -2.5344
v  0.2185 0.4465 -2.5528
v  0.2110 0.4505 -2.5603
v  0.2031 0.4509 -2.5681
v  0.2352 0.4500 -2.5858
v  0.2272 0.4512 -2.5938
v  0.2194 0.4494 -2.6017
v  0.1957 0.4494 -2.5754
v  0.2124 0.4457 -2.6087
v  0.2435 0.4494 -2.6281
v  0.2362 0.4453 -2.6354
v  0.2305 0.4387 -2.6411
v  0.2606 0.4453 -2.6625
v  0.2544 0.4394 -2.6688
v  0.2527 0.4303 -2.6714
v  0.2802 0.4402 -2.6971
v  0.2795 0.4315 -2.6986
v  0.2791 0.4224 -2.7000
v  0.2525 0.4214 -2.6728
v  0.2800 0.4139 -2.7010
v  0.3070 0.4231 -2.7265
v  0.3076 0.4146 -2.7270
v  0.3082 0.4066 -2.7271
v  0.2806 0.4061 -2.7010
v  0.3085 0.3998 -2.7273
v  0.2807 0.3994 -2.7013
v  0.3046 0.4002 -2.7316
v  0.2766 0.4000 -2.7054
v  0.2995 0.4031 -2.7372
v  0.2712 0.4028 -2.7107
v  0.2944 0.4019 -2.7429
v  0.3298 0.4032 -2.7644
v  0.3245 0.4017 -2.7698
v  0.3209 0.3961 -2.7735
v  0.2911 0.3964 -2.7466
v  0.3196 0.3886 -2.7747
v  0.2900 0.3890 -2.7479
v  0.3202 0.3811 -2.7738
v  0.2905 0.3816 -2.7474
v  0.3239 0.3755 -2.7694
v  0.2936 0.3757 -2.7441
v  0.3278 0.3723 -2.7645
v  0.2985 0.3736 -2.7390
v  0.3285 0.3641 -2.7634
v  0.2994 0.3656 -2.7379
v  0.3285 0.3555 -2.7631
v  0.2991 0.3565 -2.7375
v  0.3285 0.3460 -2.7629
v  0.2991 0.3471 -2.7371
v  0.3283 0.3346 -2.7629
v  0.3585 0.3456 -2.7875
v  0.3582 0.3343 -2.7875
v  0.3581 0.3139 -2.7873
v  0.3887 0.3337 -2.8110
v  0.3885 0.3132 -2.8108
v  0.3880 0.2793 -2.8104
v  0.4189 0.3117 -2.8330
v  0.4185 0.2780 -2.8328
v  0.4182 0.2431 -2.8323
v  0.4500 0.2767 -2.8535
v  0.4500 0.2418 -2.8533
v  0.4499 0.2073 -2.8535
v  0.4823 0.2404 -2.8728
v  0.4828 0.2061 -2.8732
v  0.4833 0.1721 -2.8736
v  0.5166 0.2049 -2.8917
v  0.5176 0.1714 -2.8925
v  0.5185 0.1384 -2.8928
v  0.5533 0.1703 -2.9101
v  0.5550 0.1385 -2.9109
v  0.5556 0.1076 -2.9111
v  0.5917 0.1378 -2.9274
v  0.5936 0.1101 -2.9282
v  0.5927 0.0826 -2.9279
v  0.5555 0.0784 -2.9116
v  0.5924 0.0626 -2.9281
v  0.5560 0.0592 -2.9112
v  0.5928 0.0501 -2.9283
v  0.5560 0.0480 -2.9116
v  0.5931 0.0397 -2.9287
v  0.5561 0.0385 -2.9118
v  0.5930 0.0306 -2.9293
v  0.5562 0.0297 -2.9118
v  0.5912 0.0240 -2.9334
v  0.5541 0.0238 -2.9162
v  0.5884 0.0201 -2.9396
v  0.5512 0.0200 -2.9220
v  0.5870 0.0124 -2.9422
v  0.5501 0.0125 -2.9241
v  0.5878 0.0044 -2.9405
v  0.6277 0.0119 -2.9601
v  0.6277 0.0042 -2.9577
v  0.6296 0.0004 -2.9509
v  0.6690 0.0039 -2.9734
v  0.6705 0.0005 -2.9662
v  0.6729 0.0003 -2.9581
v  0.7098 0.0007 -2.9786
v  0.7124 0.0003 -2.9706
v  0.7147 0.0002 -2.9627
v  0.6754 0.0001 -2.9500
v  0.7175 0.0001 -2.9533
v  0.6784 0.0001 -2.9401
v  0.7210 0.0000 -2.9407
v  0.6824 0.0000 -2.9281
v  0.7250 0.0000 -2.9257
v  0.6868 0.0000 -2.9142
v  0.7302 0.0001 -2.9062
v  0.6929 0.0000 -2.8954
v  0.7376 0.0001 -2.8780
v  0.7016 0.0001 -2.8678
v  0.7464 0.0001 -2.8442
v  0.7118 0.0001 -2.8347
v  0.7552 0.0001 -2.8092
v  0.7221 0.0000 -2.8001
v  0.7639 0.0000 -2.7743
v  0.7321 0.0000 -2.7655
v  0.7724 0.0001 -2.7396
v  0.7417 0.0000 -2.7311
v  0.7802 0.0000 -2.7068
v  0.7505 0.0000 -2.6989
v  0.7859 0.0000 -2.6820
v  0.7569 0.0000 -2.6745
v  0.7901 0.0001 -2.6633
v  0.7617 0.0001 -2.6558
v  0.7929 0.0002 -2.6501
v  0.7649 0.0003 -2.6424
v  0.7949 0.0004 -2.6405
v  0.7672 0.0005 -2.6326
v  0.7968 0.0011 -2.6315
v  0.7692 0.0013 -2.6240
v  0.7984 0.0046 -2.6237
v  0.7711 0.0039 -2.6158
v  0.7449 0.0053 -2.6085
v  0.7715 0.0127 -2.6132
v  0.7454 0.0134 -2.6056
v  0.7205 0.0135 -2.5971
v  0.7451 0.0227 -2.6049
v  0.7200 0.0229 -2.5964
v  0.6963 0.0233 -2.5871
v  0.7191 0.0322 -2.5959
v  0.6958 0.0328 -2.5867
v  0.6739 0.0331 -2.5772
v  0.6951 0.0436 -2.5864
v  0.6741 0.0436 -2.5772
v  0.6524 0.0432 -2.5669
v  0.6744 0.0566 -2.5773
v  0.6532 0.0560 -2.5672
v  0.6310 0.0553 -2.5556
v  0.6541 0.0694 -2.5677
v  0.6319 0.0683 -2.5561
v  0.6072 0.0675 -2.5419
v  0.6327 0.0805 -2.5565
v  0.6078 0.0799 -2.5423
v  0.5816 0.0799 -2.5257
v  0.6082 0.0907 -2.5426
v  0.5818 0.0909 -2.5258
v  0.5567 0.0918 -2.5082
v  0.5820 0.1008 -2.5260
v  0.5568 0.1022 -2.5084
v  0.5326 0.1033 -2.4901
v  0.5326 0.0929 -2.4899
v  0.5097 0.1046 -2.4705
v  0.5094 0.0944 -2.4702
v  0.4869 0.1071 -2.4500
v  0.4866 0.0967 -2.4496
v  0.4649 0.1083 -2.4282
v  0.4648 0.0979 -2.4280
v  0.4872 0.1170 -2.4506
v  0.4644 0.1180 -2.4286
v  0.4886 0.1245 -2.4493
v  0.4656 0.1250 -2.4276
v  0.4936 0.1292 -2.4433
v  0.4712 0.1294 -2.4224
v  0.4972 0.1366 -2.4395
v  0.4750 0.1365 -2.4187
v  0.4989 0.1458 -2.4380
v  0.4767 0.1454 -2.4172
v  0.5002 0.1554 -2.4368
v  0.4783 0.1546 -2.4158
v  0.4568 0.1528 -2.3936
v  0.4791 0.1643 -2.4152
v  0.4575 0.1627 -2.3930
v  0.4363 0.1612 -2.3696
v  0.4577 0.1748 -2.3930
v  0.4366 0.1731 -2.3694
v  0.4157 0.1735 -2.3448
v  0.4363 0.1897 -2.3700
v  0.4154 0.1895 -2.3453
v  0.3949 0.1910 -2.3199
v  0.3950 0.1746 -2.3192
v  0.3754 0.1940 -2.2934
v  0.4352 0.2074 -2.3716
v  0.4574 0.1914 -2.3935
v  0.4562 0.2086 -2.3950
v  0.4536 0.2251 -2.3980
v  0.4777 0.2104 -2.4173
v  0.4750 0.2256 -2.4204
v  0.4684 0.2374 -2.4276
v  0.4971 0.2263 -2.4415
v  0.4906 0.2374 -2.4488
v  0.4813 0.2455 -2.4594
v  0.4588 0.2459 -2.4382
v  0.4680 0.2532 -2.4747
v  0.4455 0.2532 -2.4526
v  0.4456 0.2589 -2.5000
v  0.4230 0.2588 -2.4766
v  0.4213 0.2615 -2.5271
v  0.4688 0.2592 -2.5227
v  0.4453 0.2616 -2.5510
v  0.4225 0.2627 -2.5778
v  0.3979 0.2627 -2.5528
v  0.4044 0.2631 -2.5991
v  0.3792 0.2631 -2.5734
v  0.3920 0.2632 -2.6136
v  0.4304 0.2631 -2.6231
v  0.4186 0.2632 -2.6377
v  0.4099 0.2633 -2.6485
v  0.4465 0.2631 -2.6598
v  0.4382 0.2632 -2.6710
v  0.4314 0.2633 -2.6803
v  0.4673 0.2629 -2.6924
v  0.4609 0.2630 -2.7015
v  0.4548 0.2632 -2.7099
v  0.4254 0.2634 -2.6888
v  0.4487 0.2634 -2.7183
v  0.4194 0.2634 -2.6974
v  0.4439 0.2665 -2.7250
v  0.4150 0.2663 -2.7035
v  0.4457 0.2747 -2.7226
v  0.4170 0.2740 -2.7008
v  0.4466 0.2850 -2.7211
v  0.4182 0.2840 -2.6991
v  0.4467 0.2970 -2.7210
v  0.4182 0.2957 -2.6989
v  0.4462 0.3126 -2.7219
v  0.4178 0.3118 -2.6998
v  0.3900 0.3119 -2.6765
v  0.4164 0.3338 -2.7024
v  0.3886 0.3340 -2.6792
v  0.3614 0.3346 -2.6550
v  0.3864 0.3593 -2.6831
v  0.3595 0.3595 -2.6589
v  0.3332 0.3603 -2.6338
v  0.3568 0.3851 -2.6635
v  0.3305 0.3864 -2.6386
v  0.3047 0.3883 -2.6131
v  0.3074 0.3621 -2.6081
v  0.2800 0.3909 -2.5870
v  0.2827 0.3645 -2.5819
v  0.3019 0.4097 -2.6177
v  0.2770 0.4119 -2.5918
v  0.2535 0.4137 -2.5650
v  0.2744 0.4253 -2.5955
v  0.2509 0.4268 -2.5688
v  0.2277 0.4278 -2.5424
v  0.2478 0.4376 -2.5726
v  0.2242 0.4386 -2.5468
v  0.2424 0.4456 -2.5784
v  0.2716 0.4362 -2.5991
v  0.2668 0.4447 -2.6043
v  0.2597 0.4494 -2.6116
v  0.2916 0.4450 -2.6309
v  0.2844 0.4498 -2.6386
v  0.2763 0.4511 -2.6469
v  0.2516 0.4510 -2.6199
v  0.2681 0.4492 -2.6551
v  0.3019 0.4510 -2.6740
v  0.2940 0.4493 -2.6822
v  0.2866 0.4455 -2.6900
v  0.3214 0.4493 -2.7086
v  0.3146 0.4457 -2.7165
v  0.3083 0.4417 -2.7239
v  0.3438 0.4461 -2.7421
v  0.3385 0.4422 -2.7493
v  0.3373 0.4335 -2.7522
v  0.3075 0.4324 -2.7254
v  0.3370 0.4243 -2.7536
v  0.3683 0.4335 -2.7769
v  0.3681 0.4244 -2.7787
v  0.3698 0.4156 -2.7803
v  0.3380 0.4155 -2.7545
v  0.3393 0.4072 -2.7551
v  0.3402 0.3998 -2.7558
v  0.3357 0.4004 -2.7594
v  0.3613 0.4033 -2.7913
v  0.3897 0.4037 -2.8136
v  0.3851 0.4015 -2.8196
v  0.3554 0.4015 -2.7961
v  0.3820 0.3955 -2.8231
v  0.3518 0.3958 -2.7997
v  0.3807 0.3878 -2.8242
v  0.3503 0.3880 -2.8007
v  0.3813 0.3800 -2.8229
v  0.3506 0.3802 -2.7995
v  0.3844 0.3749 -2.8180
v  0.3539 0.3752 -2.7952
v  0.3883 0.3715 -2.8116
v  0.3583 0.3715 -2.7894
v  0.3887 0.3635 -2.8114
v  0.3589 0.3635 -2.7882
v  0.3888 0.3547 -2.8113
v  0.3587 0.3549 -2.7878
v  0.3889 0.3451 -2.8111
v  0.4191 0.3548 -2.8335
v  0.4191 0.3452 -2.8333
v  0.4190 0.3342 -2.8333
v  0.4507 0.3448 -2.8546
v  0.4504 0.3327 -2.8544
v  0.4502 0.3103 -2.8538
v  0.4810 0.3319 -2.8731
v  0.4813 0.3093 -2.8728
v  0.4818 0.2753 -2.8727
v  0.5129 0.3080 -2.8901
v  0.5140 0.2737 -2.8904
v  0.5154 0.2389 -2.8910
v  0.5468 0.2719 -2.9071
v  0.5492 0.2374 -2.9080
v  0.5514 0.2036 -2.9092
v  0.5829 0.2359 -2.9235
v  0.5869 0.2024 -2.9252
v  0.5894 0.1683 -2.9265
v  0.6166 0.2013 -2.9376
v  0.6198 0.1649 -2.9390
v  0.6371 0.1996 -2.9455
v  0.6399 0.1606 -2.9467
v  0.6520 0.1959 -2.9491
v  0.6326 0.2342 -2.9433
v  0.6116 0.2350 -2.9355
v  0.6076 0.2689 -2.9340
v  0.6272 0.2673 -2.9418
v  0.5795 0.2702 -2.9220
v  0.5770 0.3050 -2.9211
v  0.6051 0.3035 -2.9333
v  0.5450 0.3066 -2.9063
v  0.5439 0.3311 -2.9061
v  0.5756 0.3321 -2.9208
v  0.5120 0.3315 -2.8903
v  0.5119 0.3436 -2.8900
v  0.5435 0.3431 -2.9059
v  0.4810 0.3444 -2.8729
v  0.4807 0.3542 -2.8730
v  0.5116 0.3532 -2.8902
v  0.4510 0.3545 -2.8551
v  0.5115 0.3624 -2.8902
v  0.5428 0.3619 -2.9060
v  0.5432 0.3528 -2.9059
v  0.5742 0.3621 -2.9207
v  0.5747 0.3528 -2.9205
v  0.5751 0.3432 -2.9203
v  0.6047 0.3539 -2.9335
v  0.6044 0.3438 -2.9330
v  0.6043 0.3311 -2.9333
v  0.6259 0.3457 -2.9417
v  0.6254 0.3307 -2.9418
v  0.6253 0.3024 -2.9414
v  0.6395 0.3309 -2.9472
v  0.6387 0.3017 -2.9465
v  0.6501 0.3310 -2.9507
v  0.6488 0.3014 -2.9502
v  0.6589 0.3308 -2.9516
v  0.6570 0.3011 -2.9520
v  0.6662 0.3287 -2.9479
v  0.6639 0.2995 -2.9510
v  0.6718 0.3279 -2.9469
v  0.6721 0.2986 -2.9503
v  0.6755 0.3293 -2.9534
v  0.6755 0.2999 -2.9561
v  0.6802 0.3300 -2.9585
v  0.6796 0.3013 -2.9624
v  0.6791 0.3312 -2.9656
v  0.6771 0.3034 -2.9701
v  0.6776 0.3319 -2.9740
v  0.6791 0.3041 -2.9784
v  0.6804 0.2752 -2.9803
v  0.6866 0.3052 -2.9844
v  0.6886 0.2759 -2.9851
v  0.6891 0.2465 -2.9853
v  0.6806 0.2460 -2.9806
v  0.6887 0.2168 -2.9851
v  0.6803 0.2172 -2.9803
v  0.6875 0.1851 -2.9847
v  0.6793 0.1857 -2.9793
v  0.6774 0.1864 -2.9695
v  0.6780 0.1516 -2.9770
v  0.6769 0.1866 -2.9617
v  0.6854 0.1518 -2.9839
v  0.6833 0.1207 -2.9827
v  0.6774 0.1210 -2.9734
v  0.6818 0.0925 -2.9813
v  0.6775 0.0942 -2.9711
v  0.6812 0.0661 -2.9807
v  0.6771 0.0672 -2.9709
v  0.6770 0.0692 -2.9609
v  0.6773 0.0468 -2.9719
v  0.6666 0.0704 -2.9571
v  0.6542 0.0499 -2.9529
v  0.6513 0.0705 -2.9518
v  0.6491 0.0959 -2.9500
v  0.6265 0.0673 -2.9425
v  0.6261 0.0892 -2.9414
v  0.6274 0.0518 -2.9426
v  0.6287 0.0395 -2.9433
v  0.6302 0.0293 -2.9439
v  0.6296 0.0235 -2.9510
v  0.6287 0.0210 -2.9571
v  0.6809 0.0467 -2.9807
v  0.6906 0.0649 -2.9854
v  0.6907 0.0465 -2.9853
v  0.7008 0.0641 -2.9853
v  0.7006 0.0463 -2.9855
v  0.7089 0.0638 -2.9793
v  0.7076 0.0466 -2.9797
v  0.7199 0.0628 -2.9813
v  0.7176 0.0467 -2.9808
v  0.7331 0.0623 -2.9843
v  0.7302 0.0468 -2.9838
v  0.7586 0.0613 -2.9900
v  0.7571 0.0477 -2.9899
v  0.7561 0.0367 -2.9896
v  0.7954 0.0474 -2.9975
v  0.7949 0.0368 -2.9973
v  0.7944 0.0284 -2.9975
v  0.7550 0.0276 -2.9892
v  0.7928 0.0231 -3.0029
v  0.7522 0.0228 -2.9947
v  0.7914 0.0172 -3.0078
v  0.7499 0.0184 -2.9989
v  0.7907 0.0094 -3.0082
v  0.7486 0.0094 -2.9995
v  0.7911 0.0025 -3.0048
v  0.7498 0.0028 -2.9962
v  0.7070 0.0031 -2.9853
v  0.7515 0.0004 -2.9894
v  0.7923 0.0004 -2.9975
v  0.7935 0.0003 -2.9896
v  0.7532 0.0002 -2.9816
v  0.7947 0.0002 -2.9819
v  0.7548 0.0001 -2.9739
v  0.7963 0.0002 -2.9729
v  0.7568 0.0001 -2.9649
v  0.7986 0.0001 -2.9591
v  0.7598 0.0000 -2.9515
v  0.8013 0.0001 -2.9431
v  0.7632 0.0000 -2.9354
v  0.8046 0.0001 -2.9236
v  0.7675 0.0001 -2.9157
v  0.8097 0.0001 -2.8942
v  0.7738 0.0001 -2.8867
v  0.8159 0.0001 -2.8592
v  0.7811 0.0001 -2.8522
v  0.8222 0.0001 -2.8240
v  0.7886 0.0001 -2.8172
v  0.8284 0.0001 -2.7886
v  0.7961 0.0001 -2.7821
v  0.8346 0.0001 -2.7533
v  0.8034 0.0001 -2.7470
v  0.8404 0.0000 -2.7202
v  0.8103 0.0000 -2.7138
v  0.8449 0.0000 -2.6941
v  0.8154 0.0000 -2.6884
v  0.8480 0.0001 -2.6758
v  0.8189 0.0001 -2.6700
v  0.8504 0.0002 -2.6613
v  0.8215 0.0002 -2.6560
v  0.8519 0.0004 -2.6519
v  0.8231 0.0003 -2.6466
v  0.8534 0.0009 -2.6427
v  0.8248 0.0007 -2.6375
v  0.8548 0.0041 -2.6346
v  0.8263 0.0038 -2.6292
v  0.8554 0.0114 -2.6316
v  0.8269 0.0118 -2.6264
v  0.7989 0.0125 -2.6208
v  0.8271 0.0213 -2.6263
v  0.7989 0.0218 -2.6203
v  0.7713 0.0222 -2.6129
v  0.7989 0.0313 -2.6201
v  0.7711 0.0318 -2.6126
v  0.7445 0.0321 -2.6045
v  0.7707 0.0429 -2.6124
v  0.7436 0.0431 -2.6041
v  0.7178 0.0433 -2.5953
v  0.7425 0.0563 -2.6037
v  0.7161 0.0568 -2.5947
v  0.6940 0.0570 -2.5859
v  0.7144 0.0707 -2.5940
v  0.6930 0.0707 -2.5855
v  0.6745 0.0703 -2.5773
v  0.6921 0.0830 -2.5851
v  0.6744 0.0829 -2.5773
v  0.6549 0.0820 -2.5680
v  0.6741 0.0934 -2.5772
v  0.6557 0.0928 -2.5685
v  0.6333 0.0914 -2.5568
v  0.6566 0.1019 -2.5691
v  0.6338 0.1005 -2.5572
v  0.6084 0.1002 -2.5427
v  0.6082 0.1091 -2.5427
v  0.5822 0.1103 -2.5262
v  0.6082 0.1181 -2.5425
v  0.5826 0.1200 -2.5259
v  0.5580 0.1216 -2.5078
v  0.5571 0.1123 -2.5086
v  0.5339 0.1227 -2.4888
v  0.5326 0.1135 -2.4903
v  0.5117 0.1235 -2.4690
v  0.5099 0.1146 -2.4708
v  0.5386 0.1289 -2.4833
v  0.5164 0.1289 -2.4636
v  0.5422 0.1364 -2.4792
v  0.5197 0.1365 -2.4598
v  0.5437 0.1460 -2.4773
v  0.5211 0.1460 -2.4581
v  0.5450 0.1561 -2.4759
v  0.5223 0.1561 -2.4568
v  0.5458 0.1676 -2.4751
v  0.5231 0.1673 -2.4562
v  0.5011 0.1661 -2.4361
v  0.5232 0.1820 -2.4563
v  0.5012 0.1805 -2.4362
v  0.4794 0.1778 -2.4152
v  0.5006 0.1969 -2.4372
v  0.4791 0.1943 -2.4157
v  0.4993 0.2121 -2.4388
v  0.5227 0.1979 -2.4572
v  0.5214 0.2125 -2.4590
v  0.5192 0.2264 -2.4620
v  0.5441 0.2126 -2.4778
v  0.5420 0.2262 -2.4806
v  0.5361 0.2374 -2.4881
v  0.5132 0.2374 -2.4692
v  0.5267 0.2464 -2.5000
v  0.5038 0.2461 -2.4803
v  0.5137 0.2540 -2.5168
v  0.4906 0.2535 -2.4962
v  0.4926 0.2591 -2.5441
v  0.5374 0.2543 -2.5363
v  0.5169 0.2590 -2.5644
v  0.4947 0.2614 -2.5948
v  0.4697 0.2616 -2.5735
v  0.4737 0.2626 -2.6234
v  0.4476 0.2628 -2.6015
v  0.4574 0.2630 -2.6453
v  0.5011 0.2623 -2.6435
v  0.4857 0.2627 -2.6661
v  0.4754 0.2628 -2.6808
v  0.5147 0.2621 -2.6852
v  0.5042 0.2622 -2.7013
v  0.4960 0.2624 -2.7132
v  0.5335 0.2609 -2.7198
v  0.5254 0.2611 -2.7321
v  0.5184 0.2613 -2.7420
v  0.4892 0.2625 -2.7225
v  0.5121 0.2615 -2.7505
v  0.4832 0.2626 -2.7307
v  0.5060 0.2618 -2.7587
v  0.4770 0.2629 -2.7389
v  0.5017 0.2643 -2.7649
v  0.4719 0.2654 -2.7458
v  0.5032 0.2724 -2.7623
v  0.4741 0.2740 -2.7429
v  0.5045 0.2828 -2.7606
v  0.4753 0.2846 -2.7415
v  0.5048 0.2950 -2.7606
v  0.4754 0.2968 -2.7416
v  0.5046 0.3103 -2.7616
v  0.4751 0.3125 -2.7425
v  0.5036 0.3317 -2.7640
v  0.4738 0.3332 -2.7451
v  0.4449 0.3338 -2.7244
v  0.4716 0.3591 -2.7488
v  0.4427 0.3595 -2.7281
v  0.4143 0.3595 -2.7062
v  0.4401 0.3847 -2.7325
v  0.4117 0.3844 -2.7106
v  0.3838 0.3845 -2.6875
v  0.4088 0.4059 -2.7152
v  0.3811 0.4060 -2.6919
v  0.3540 0.4065 -2.6681
v  0.3782 0.4221 -2.6961
v  0.3512 0.4224 -2.6724
v  0.3252 0.4231 -2.6474
v  0.3277 0.4080 -2.6433
v  0.2993 0.4241 -2.6216
v  0.3221 0.4353 -2.6517
v  0.2963 0.4356 -2.6255
v  0.3173 0.4450 -2.6574
v  0.3481 0.4346 -2.6768
v  0.3436 0.4447 -2.6827
v  0.3366 0.4497 -2.6911
v  0.3099 0.4495 -2.6654
v  0.3288 0.4511 -2.7001
v  0.3643 0.4494 -2.7153
v  0.3569 0.4509 -2.7250
v  0.3499 0.4496 -2.7341
v  0.3868 0.4510 -2.7475
v  0.3802 0.4499 -2.7574
v  0.3747 0.4466 -2.7661
v  0.4098 0.4501 -2.7779
v  0.4038 0.4467 -2.7869
v  0.3989 0.4415 -2.7944
v  0.3700 0.4422 -2.7739
v  0.3967 0.4328 -2.7983
v  0.4278 0.4409 -2.8146
v  0.4249 0.4324 -2.8186
v  0.4237 0.4230 -2.8200
v  0.3963 0.4235 -2.8001
v  0.4241 0.4142 -2.8202
v  0.3968 0.4147 -2.8006
v  0.4558 0.4232 -2.8404
v  0.4548 0.4147 -2.8403
v  0.4549 0.4067 -2.8401
v  0.4849 0.4156 -2.8583
v  0.4849 0.4072 -2.8582
v  0.4847 0.3999 -2.8590
v  0.4550 0.3999 -2.8403
v  0.4819 0.4008 -2.8641
v  0.4518 0.4011 -2.8461
v  0.4786 0.4031 -2.8717
v  0.4487 0.4034 -2.8535
v  0.4177 0.4035 -2.8334
v  0.4450 0.4015 -2.8602
v  0.4138 0.4016 -2.8397
v  0.4425 0.3958 -2.8647
v  0.4112 0.3955 -2.8440
v  0.4420 0.3881 -2.8662
v  0.4105 0.3879 -2.8454
v  0.4430 0.3804 -2.8655
v  0.4115 0.3803 -2.8445
v  0.4720 0.3883 -2.8851
v  0.4728 0.3804 -2.8842
v  0.5035 0.3883 -2.9029
v  0.5042 0.3805 -2.9020
v  0.5072 0.3753 -2.8971
v  0.5362 0.3802 -2.9183
v  0.5391 0.3750 -2.9125
v  0.5421 0.3704 -2.9066
v  0.5110 0.3709 -2.8912
v  0.5703 0.3749 -2.9273
v  0.5734 0.3706 -2.9218
v  0.5991 0.3755 -2.9419
v  0.6028 0.3718 -2.9348
v  0.6038 0.3636 -2.9336
v  0.6280 0.3736 -2.9481
v  0.6287 0.3664 -2.9434
v  0.6269 0.3563 -2.9423
v  0.6410 0.3480 -2.9474
v  0.6520 0.3501 -2.9509
v  0.6606 0.3519 -2.9505
v  0.6668 0.3498 -2.9451
v  0.6713 0.3659 -2.9412
v  0.6716 0.3493 -2.9437
v  0.6745 0.3510 -2.9495
v  0.6798 0.3521 -2.9554
v  0.6826 0.3527 -2.9613
v  0.6784 0.3534 -2.9670
v  0.6829 0.3321 -2.9821
v  0.6925 0.3328 -2.9860
v  0.6963 0.3060 -2.9863
v  0.7033 0.3339 -2.9837
v  0.7051 0.3072 -2.9818
v  0.7060 0.2774 -2.9804
v  0.6983 0.2765 -2.9862
v  0.7074 0.2470 -2.9803
v  0.6989 0.2467 -2.9863
v  0.7064 0.2163 -2.9805
v  0.6983 0.2164 -2.9863
v  0.7054 0.1843 -2.9809
v  0.6974 0.1847 -2.9862
v  0.7045 0.1515 -2.9822
v  0.6955 0.1517 -2.9862
v  0.7035 0.1198 -2.9837
v  0.6935 0.1203 -2.9862
v  0.7020 0.0901 -2.9847
v  0.6917 0.0913 -2.9858
v  0.7132 0.1193 -2.9800
v  0.7116 0.0890 -2.9794
v  0.7252 0.1186 -2.9823
v  0.7229 0.0876 -2.9820
v  0.7400 0.1175 -2.9859
v  0.7369 0.0860 -2.9852
v  0.7632 0.1163 -2.9908
v  0.7606 0.0841 -2.9906
v  0.7989 0.1147 -2.9979
v  0.7971 0.0822 -2.9980
v  0.7961 0.0599 -2.9973
v  0.8352 0.0810 -3.0042
v  0.8346 0.0590 -3.0035
v  0.8340 0.0468 -3.0040
v  0.8730 0.0582 -3.0088
v  0.8727 0.0462 -3.0089
v  0.8723 0.0363 -3.0089
v  0.8336 0.0367 -3.0039
v  0.8720 0.0275 -3.0091
v  0.8332 0.0283 -3.0042
v  0.8711 0.0226 -3.0151
v  0.8321 0.0229 -3.0099
v  0.8703 0.0166 -3.0202
v  0.8310 0.0169 -3.0151
v  0.8702 0.0087 -3.0204
v  0.8307 0.0089 -3.0152
v  0.8705 0.0022 -3.0167
v  0.8310 0.0022 -3.0117
v  0.8712 0.0005 -3.0089
v  0.8319 0.0005 -3.0039
v  0.8720 0.0003 -3.0008
v  0.8329 0.0003 -2.9959
v  0.8729 0.0002 -2.9926
v  0.8339 0.0003 -2.9880
v  0.8739 0.0002 -2.9830
v  0.8352 0.0002 -2.9785
v  0.8752 0.0001 -2.9697
v  0.8370 0.0002 -2.9651
v  0.8767 0.0001 -2.9544
v  0.8390 0.0001 -2.9495
v  0.8787 0.0001 -2.9342
v  0.8417 0.0001 -2.9298
v  0.8816 0.0001 -2.9049
v  0.8456 0.0001 -2.9004
v  0.8851 0.0001 -2.8696
v  0.8505 0.0001 -2.8652
v  0.8890 0.0001 -2.8340
v  0.8556 0.0001 -2.8296
v  0.8930 0.0001 -2.7982
v  0.8608 0.0001 -2.7941
v  0.8970 0.0000 -2.7629
v  0.8659 0.0001 -2.7588
v  0.9010 0.0000 -2.7295
v  0.8708 0.0001 -2.7255
v  0.9044 0.0001 -2.7032
v  0.8747 0.0001 -2.6992
v  0.9070 0.0002 -2.6843
v  0.8775 0.0001 -2.6807
v  0.9091 0.0003 -2.6700
v  0.8797 0.0003 -2.6664
v  0.9106 0.0005 -2.6602
v  0.8813 0.0005 -2.6566
v  0.9119 0.0012 -2.6509
v  0.8827 0.0012 -2.6474
v  0.9131 0.0039 -2.6423
v  0.8840 0.0040 -2.6391
v  0.9139 0.0110 -2.6392
v  0.8847 0.0110 -2.6359
v  0.9144 0.0201 -2.6391
v  0.8850 0.0202 -2.6359
v  0.8556 0.0207 -2.6315
v  0.8854 0.0295 -2.6359
v  0.8559 0.0304 -2.6315
v  0.8273 0.0309 -2.6262
v  0.8563 0.0410 -2.6315
v  0.8275 0.0420 -2.6262
v  0.7988 0.0426 -2.6200
v  0.8276 0.0555 -2.6262
v  0.7986 0.0557 -2.6200
v  0.7702 0.0559 -2.6122
v  0.7984 0.0702 -2.6199
v  0.7696 0.0702 -2.6120
v  0.7412 0.0704 -2.6032
v  0.7689 0.0834 -2.6118
v  0.7398 0.0827 -2.6028
v  0.7129 0.0827 -2.5934
v  0.7387 0.0935 -2.6024
v  0.7116 0.0931 -2.5929
v  0.6912 0.0932 -2.5847
v  0.7105 0.1023 -2.5924
v  0.6904 0.1021 -2.5844
v  0.6741 0.1023 -2.5774
v  0.6902 0.1103 -2.5844
v  0.7092 0.1110 -2.5920
v  0.7083 0.1192 -2.5916
v  0.6907 0.1179 -2.5847
v  0.7099 0.1252 -2.5859
v  0.6922 0.1247 -2.5814
v  0.7118 0.1301 -2.5791
v  0.6937 0.1295 -2.5759
v  0.7122 0.1384 -2.5755
v  0.6950 0.1359 -2.5711
v  0.6841 0.1342 -2.5677
v  0.6946 0.1452 -2.5687
v  0.6837 0.1441 -2.5658
v  0.6744 0.1443 -2.5645
v  0.6737 0.1350 -2.5669
v  0.6658 0.1472 -2.5674
v  0.6649 0.1401 -2.5706
v  0.6598 0.1487 -2.5667
v  0.6595 0.1416 -2.5698
v  0.6567 0.1467 -2.5591
v  0.6565 0.1374 -2.5617
v  0.6501 0.1467 -2.5538
v  0.6496 0.1364 -2.5561
v  0.6398 0.1480 -2.5461
v  0.6389 0.1379 -2.5481
v  0.6365 0.1295 -2.5517
v  0.6172 0.1406 -2.5319
v  0.6146 0.1318 -2.5341
v  0.6107 0.1257 -2.5390
v  0.5900 0.1338 -2.5160
v  0.5861 0.1269 -2.5212
v  0.5656 0.1352 -2.4979
v  0.5619 0.1280 -2.5025
v  0.5919 0.1431 -2.5139
v  0.5674 0.1449 -2.4960
v  0.5936 0.1534 -2.5124
v  0.5688 0.1552 -2.4946
v  0.5947 0.1647 -2.5117
v  0.5696 0.1665 -2.4938
v  0.5951 0.1798 -2.5119
v  0.5699 0.1811 -2.4937
v  0.5459 0.1823 -2.4752
v  0.5695 0.1975 -2.4943
v  0.5455 0.1980 -2.4760
v  0.5680 0.2125 -2.4962
v  0.5947 0.1969 -2.5125
v  0.5930 0.2124 -2.5142
v  0.5905 0.2268 -2.5168
v  0.5653 0.2264 -2.4995
v  0.5843 0.2383 -2.5246
v  0.5596 0.2378 -2.5068
v  0.5752 0.2470 -2.5365
v  0.5505 0.2469 -2.5188
v  0.5621 0.2540 -2.5544
v  0.6003 0.2467 -2.5532
v  0.5867 0.2538 -2.5713
v  0.5675 0.2583 -2.6004
v  0.5418 0.2588 -2.5833
v  0.5480 0.2605 -2.6317
v  0.5209 0.2612 -2.6141
v  0.5294 0.2616 -2.6617
v  0.5760 0.2592 -2.6467
v  0.5585 0.2601 -2.6776
v  0.5439 0.2606 -2.7027
v  0.5878 0.2579 -2.6906
v  0.5734 0.2584 -2.7184
v  0.5632 0.2589 -2.7363
v  0.6030 0.2553 -2.7302
v  0.5929 0.2559 -2.7514
v  0.5853 0.2563 -2.7645
v  0.5555 0.2592 -2.7487
v  0.5788 0.2567 -2.7750
v  0.5486 0.2594 -2.7596
v  0.5727 0.2570 -2.7844
v  0.5425 0.2597 -2.7685
v  0.5670 0.2575 -2.7932
v  0.5366 0.2600 -2.7772
v  0.5627 0.2592 -2.7999
v  0.5322 0.2624 -2.7839
v  0.5640 0.2679 -2.7968
v  0.5337 0.2702 -2.7806
v  0.5651 0.2777 -2.7945
v  0.5350 0.2804 -2.7785
v  0.5656 0.2885 -2.7940
v  0.5352 0.2922 -2.7783
v  0.5656 0.3033 -2.7946
v  0.5351 0.3069 -2.7789
v  0.5646 0.3276 -2.7975
v  0.5339 0.3300 -2.7815
v  0.5622 0.3565 -2.8019
v  0.5315 0.3577 -2.7856
v  0.5013 0.3587 -2.7679
v  0.5287 0.3839 -2.7900
v  0.4985 0.3844 -2.7723
v  0.4690 0.3847 -2.7531
v  0.4957 0.4050 -2.7766
v  0.4661 0.4053 -2.7575
v  0.4373 0.4059 -2.7369
v  0.4636 0.4208 -2.7615
v  0.4346 0.4220 -2.7411
v  0.4062 0.4220 -2.7193
v  0.4322 0.4332 -2.7448
v  0.4035 0.4339 -2.7233
v  0.3753 0.4341 -2.7005
v  0.3996 0.4439 -2.7290
v  0.3709 0.4441 -2.7065
v  0.3934 0.4487 -2.7378
v  0.4291 0.4435 -2.7496
v  0.4232 0.4490 -2.7581
v  0.4166 0.4510 -2.7679
v  0.4524 0.4483 -2.7782
v  0.4460 0.4510 -2.7879
v  0.4392 0.4500 -2.7980
v  0.4759 0.4510 -2.8076
v  0.4695 0.4498 -2.8180
v  0.4638 0.4464 -2.8272
v  0.4331 0.4466 -2.8071
v  0.4589 0.4415 -2.8354
v  0.4936 0.4465 -2.8461
v  0.4890 0.4415 -2.8536
v  0.4868 0.4332 -2.8573
v  0.4566 0.4326 -2.8392
v  0.4859 0.4242 -2.8586
v  0.5183 0.4327 -2.8743
v  0.5175 0.4239 -2.8755
v  0.5167 0.4154 -2.8757
v  0.5489 0.4231 -2.8914
v  0.5487 0.4148 -2.8918
v  0.5486 0.4064 -2.8921
v  0.5167 0.4071 -2.8755
v  0.5484 0.3995 -2.8924
v  0.5167 0.4000 -2.8759
v  0.5456 0.4008 -2.8981
v  0.5136 0.4009 -2.8817
v  0.5421 0.4035 -2.9053
v  0.5103 0.4036 -2.8891
v  0.5386 0.4018 -2.9124
v  0.5069 0.4018 -2.8961
v  0.4751 0.4018 -2.8786
v  0.5044 0.3961 -2.9010
v  0.4727 0.3961 -2.8833
v  0.5362 0.3959 -2.9175
v  0.5354 0.3881 -2.9194
v  0.5670 0.3961 -2.9323
v  0.5664 0.3882 -2.9339
v  0.5672 0.3802 -2.9328
v  0.5959 0.3888 -2.9476
v  0.5965 0.3809 -2.9469
v  0.6231 0.3890 -2.9589
v  0.6233 0.3817 -2.9581
v  0.6251 0.3762 -2.9539
v  0.6462 0.3896 -2.9679
v  0.6467 0.3964 -2.9664
v  0.6661 0.3966 -2.9741
v  0.6668 0.3897 -2.9760
v  0.6238 0.3964 -2.9573
v  0.6258 0.4017 -2.9526
v  0.6486 0.4017 -2.9619
v  0.5967 0.3963 -2.9459
v  0.5989 0.4019 -2.9413
v  0.6022 0.4034 -2.9342
v  0.6288 0.4034 -2.9460
v  0.5691 0.4018 -2.9274
v  0.5724 0.4033 -2.9203
v  0.5759 0.4010 -2.9129
v  0.6056 0.4013 -2.9268
v  0.6085 0.3992 -2.9207
v  0.6361 0.3990 -2.9341
v  0.6326 0.4018 -2.9398
v  0.5788 0.3995 -2.9068
v  0.5788 0.4065 -2.9065
v  0.6088 0.4062 -2.9203
v  0.6087 0.4150 -2.9204
v  0.6364 0.4141 -2.9322
v  0.6365 0.4060 -2.9329
v  0.5789 0.4148 -2.9063
v  0.5791 0.4233 -2.9060
v  0.6088 0.4238 -2.9201
v  0.6094 0.4327 -2.9189
v  0.6366 0.4319 -2.9297
v  0.6361 0.4228 -2.9313
v  0.5796 0.4319 -2.9050
v  0.5810 0.4407 -2.9024
v  0.6108 0.4415 -2.9159
v  0.5493 0.4318 -2.8904
v  0.5510 0.4403 -2.8873
v  0.5551 0.4461 -2.8796
v  0.5852 0.4462 -2.8944
v  0.5203 0.4410 -2.8709
v  0.5244 0.4462 -2.8636
v  0.5295 0.4498 -2.8545
v  0.5601 0.4498 -2.8703
v  0.4992 0.4498 -2.8370
v  0.5053 0.4510 -2.8267
v  0.5354 0.4510 -2.8442
v  0.5416 0.4490 -2.8334
v  0.5719 0.4491 -2.8497
v  0.5659 0.4510 -2.8601
v  0.5117 0.4488 -2.8161
v  0.5172 0.4428 -2.8069
v  0.5473 0.4437 -2.8236
v  0.4822 0.4485 -2.7973
v  0.4878 0.4424 -2.7884
v  0.4906 0.4320 -2.7840
v  0.5206 0.4324 -2.8017
v  0.4577 0.4422 -2.7703
v  0.4610 0.4322 -2.7653
v  0.4930 0.4205 -2.7804
v  0.5258 0.4051 -2.7941
v  0.5231 0.4207 -2.7979
v  0.5562 0.4052 -2.8107
v  0.5535 0.4211 -2.8144
v  0.5508 0.4330 -2.8183
v  0.5839 0.4211 -2.8303
v  0.5811 0.4333 -2.8344
v  0.5775 0.4440 -2.8401
v  0.6109 0.4334 -2.8499
v  0.6070 0.4437 -2.8556
v  0.6016 0.4489 -2.8648
v  0.6353 0.4438 -2.8700
v  0.6297 0.4493 -2.8787
v  0.6240 0.4511 -2.8886
v  0.5957 0.4508 -2.8749
v  0.6189 0.4504 -2.8987
v  0.5901 0.4500 -2.8851
v  0.6144 0.4471 -2.9082
v  0.6444 0.4499 -2.9102
v  0.6406 0.4468 -2.9191
v  0.6378 0.4411 -2.9263
v  0.6594 0.4451 -2.9254
v  0.6566 0.4402 -2.9331
v  0.6547 0.4311 -2.9365
v  0.6664 0.4291 -2.9354
v  0.6675 0.4356 -2.9317
v  0.6660 0.4208 -2.9373
v  0.6546 0.4216 -2.9383
v  0.6664 0.4124 -2.9381
v  0.6549 0.4126 -2.9390
v  0.6734 0.4212 -2.9399
v  0.6741 0.4132 -2.9420
v  0.6833 0.4229 -2.9478
v  0.6843 0.4146 -2.9493
v  0.7000 0.4237 -2.9530
v  0.7009 0.4153 -2.9540
v  0.7022 0.4072 -2.9548
v  0.7249 0.4152 -2.9601
v  0.7253 0.4069 -2.9606
v  0.7261 0.3988 -2.9612
v  0.7031 0.3991 -2.9556
v  0.7262 0.3971 -2.9654
v  0.7032 0.3972 -2.9600
v  0.7253 0.4020 -2.9721
v  0.7029 0.4019 -2.9663
v  0.7238 0.4036 -2.9796
v  0.7016 0.4033 -2.9736
v  0.6841 0.4033 -2.9682
v  0.7001 0.4014 -2.9806
v  0.6828 0.4017 -2.9752
v  0.6669 0.4018 -2.9693
v  0.6686 0.4035 -2.9624
v  0.6516 0.4035 -2.9556
v  0.6825 0.3961 -2.9800
v  0.6991 0.3956 -2.9853
v  0.6996 0.3876 -2.9871
v  0.6832 0.3881 -2.9818
v  0.7028 0.3791 -2.9868
v  0.7199 0.3960 -2.9920
v  0.7190 0.3885 -2.9933
v  0.7481 0.3960 -2.9987
v  0.7473 0.3885 -3.0003
v  0.7796 0.3959 -3.0053
v  0.7788 0.3883 -3.0070
v  0.7786 0.3806 -3.0058
v  0.8126 0.3883 -3.0133
v  0.8124 0.3805 -3.0123
v  0.8129 0.3752 -3.0067
v  0.7791 0.3752 -3.0008
v  0.8132 0.3690 -3.0017
v  0.7795 0.3686 -2.9955
v  0.8129 0.3603 -3.0009
v  0.7789 0.3598 -2.9948
v  0.7481 0.3607 -2.9882
v  0.7781 0.3496 -2.9944
v  0.7477 0.3504 -2.9879
v  0.7260 0.3513 -2.9829
v  0.7257 0.3632 -2.9831
v  0.7474 0.3367 -2.9878
v  0.7275 0.3362 -2.9831
v  0.7142 0.3353 -2.9799
v  0.7131 0.3520 -2.9800
v  0.7111 0.3672 -2.9807
v  0.6998 0.3522 -2.9858
v  0.7290 0.3106 -2.9835
v  0.7161 0.3088 -2.9807
v  0.7302 0.2793 -2.9838
v  0.7174 0.2783 -2.9809
v  0.7309 0.2478 -2.9840
v  0.7183 0.2473 -2.9812
v  0.7298 0.2161 -2.9836
v  0.7176 0.2162 -2.9808
v  0.7282 0.1838 -2.9833
v  0.7159 0.1840 -2.9803
v  0.7269 0.1509 -2.9828
v  0.7145 0.1512 -2.9799
v  0.7440 0.1834 -2.9867
v  0.7421 0.1504 -2.9862
v  0.7694 0.1830 -2.9920
v  0.7662 0.1497 -2.9913
v  0.8025 0.1826 -2.9984
v  0.8007 0.1489 -2.9981
v  0.8378 0.1824 -3.0039
v  0.8371 0.1482 -3.0041
v  0.8362 0.1137 -3.0042
v  0.8746 0.1478 -3.0088
v  0.8740 0.1131 -3.0089
v  0.8734 0.0803 -3.0093
v  0.9119 0.1126 -3.0124
v  0.9116 0.0795 -3.0127
v  0.9114 0.0574 -3.0123
v  0.9497 0.0789 -3.0147
v  0.9496 0.0565 -3.0143
v  0.9496 0.0455 -3.0145
v  0.9112 0.0457 -3.0128
v  0.9495 0.0356 -3.0145
v  0.9110 0.0357 -3.0125
v  0.9493 0.0274 -3.0145
v  0.9106 0.0274 -3.0125
v  0.9490 0.0230 -3.0202
v  0.9100 0.0229 -3.0183
v  0.9487 0.0176 -3.0257
v  0.9096 0.0170 -3.0235
v  0.9487 0.0098 -3.0261
v  0.9095 0.0092 -3.0240
v  0.9488 0.0028 -3.0231
v  0.9098 0.0024 -3.0204
v  0.9491 0.0005 -3.0157
v  0.9103 0.0003 -3.0128
v  0.9495 0.0002 -3.0078
v  0.9109 0.0002 -3.0046
v  0.9500 0.0001 -2.9999
v  0.9115 0.0001 -2.9964
v  0.9504 0.0001 -2.9913
v  0.9123 0.0001 -2.9873
v  0.9510 0.0000 -2.9778
v  0.9133 0.0001 -2.9739
v  0.9515 0.0000 -2.9616
v  0.9143 0.0000 -2.9584
v  0.9520 0.0000 -2.9394
v  0.9156 0.0000 -2.9377
v  0.9528 0.0000 -2.9086
v  0.9174 0.0001 -2.9076
v  0.9538 0.0001 -2.8738
v  0.9196 0.0001 -2.8724
v  0.9551 0.0000 -2.8385
v  0.9221 0.0000 -2.8369
v  0.9565 0.0000 -2.8027
v  0.9249 0.0000 -2.8011
v  0.9581 0.0000 -2.7673
v  0.9278 0.0000 -2.7658
v  0.9599 0.0001 -2.7335
v  0.9309 0.0001 -2.7321
v  0.9615 0.0001 -2.7068
v  0.9337 0.0001 -2.7057
v  0.9628 0.0002 -2.6873
v  0.9360 0.0002 -2.6864
v  0.9637 0.0003 -2.6726
v  0.9377 0.0004 -2.6719
v  0.9645 0.0005 -2.6627
v  0.9389 0.0008 -2.6622
v  0.9652 0.0014 -2.6533
v  0.9400 0.0018 -2.6529
v  0.9658 0.0042 -2.6454
v  0.9410 0.0043 -2.6445
v  0.9663 0.0115 -2.6426
v  0.9417 0.0112 -2.6412
v  0.9666 0.0204 -2.6424
v  0.9423 0.0203 -2.6412
v  0.9669 0.0294 -2.6424
v  0.9430 0.0293 -2.6412
v  0.9149 0.0292 -2.6391
v  0.9439 0.0398 -2.6413
v  0.9157 0.0397 -2.6392
v  0.8859 0.0400 -2.6360
v  0.9168 0.0531 -2.6392
v  0.8865 0.0539 -2.6360
v  0.8567 0.0548 -2.6315
v  0.8873 0.0688 -2.6361
v  0.8572 0.0695 -2.6316
v  0.8277 0.0698 -2.6262
v  0.8576 0.0832 -2.6317
v  0.8278 0.0832 -2.6262
v  0.7981 0.0837 -2.6198
v  0.8278 0.0947 -2.6263
v  0.7978 0.0952 -2.6198
v  0.7682 0.0948 -2.6116
v  0.7975 0.1052 -2.6197
v  0.7675 0.1048 -2.6115
v  0.7377 0.1033 -2.6021
v  0.7666 0.1148 -2.6113
v  0.7368 0.1125 -2.6018
v  0.7662 0.1235 -2.6093
v  0.7363 0.1210 -2.6011
v  0.7683 0.1261 -2.6022
v  0.7383 0.1258 -2.5939
v  0.7702 0.1315 -2.5946
v  0.7401 0.1312 -2.5866
v  0.7705 0.1406 -2.5915
v  0.7404 0.1401 -2.5829
v  0.7705 0.1501 -2.5891
v  0.7402 0.1497 -2.5807
v  0.7124 0.1479 -2.5732
v  0.7400 0.1602 -2.5790
v  0.7125 0.1581 -2.5715
v  0.6942 0.1562 -2.5668
v  0.7121 0.1725 -2.5702
v  0.6936 0.1718 -2.5655
v  0.6814 0.1715 -2.5629
v  0.6826 0.1555 -2.5640
v  0.6728 0.1715 -2.5623
v  0.6739 0.1559 -2.5627
v  0.6656 0.1714 -2.5658
v  0.6662 0.1572 -2.5658
v  0.6601 0.1714 -2.5652
v  0.6600 0.1581 -2.5652
v  0.6585 0.1717 -2.5573
v  0.6575 0.1581 -2.5580
v  0.6518 0.1724 -2.5516
v  0.6510 0.1584 -2.5523
v  0.6405 0.1744 -2.5433
v  0.6403 0.1597 -2.5442
v  0.6205 0.1774 -2.5292
v  0.6199 0.1623 -2.5294
v  0.6186 0.1509 -2.5304
v  0.6404 0.1925 -2.5436
v  0.6200 0.1954 -2.5296
v  0.6396 0.2102 -2.5457
v  0.6182 0.2119 -2.5313
v  0.6380 0.2257 -2.5490
v  0.6156 0.2266 -2.5339
v  0.6324 0.2378 -2.5578
v  0.6094 0.2383 -2.5418
v  0.6232 0.2466 -2.5700
v  0.6488 0.2353 -2.5698
v  0.6417 0.2446 -2.5821
v  0.6318 0.2515 -2.5994
v  0.6110 0.2534 -2.5871
v  0.6184 0.2555 -2.6261
v  0.5940 0.2574 -2.6153
v  0.6033 0.2572 -2.6580
v  0.6369 0.2522 -2.6318
v  0.6272 0.2536 -2.6643
v  0.6157 0.2545 -2.6986
v  0.6416 0.2498 -2.6665
v  0.6365 0.2500 -2.7017
v  0.6295 0.2506 -2.7362
v  0.6482 0.2456 -2.7022
v  0.6448 0.2458 -2.7370
v  0.6407 0.2464 -2.7678
v  0.6210 0.2515 -2.7630
v  0.6130 0.2524 -2.7783
v  0.6065 0.2530 -2.7896
v  0.6003 0.2536 -2.7990
v  0.6158 0.2508 -2.8206
v  0.5942 0.2543 -2.8083
v  0.6134 0.2560 -2.8260
v  0.5903 0.2586 -2.8144
v  0.6164 0.2633 -2.8228
v  0.5923 0.2657 -2.8110
v  0.6190 0.2724 -2.8218
v  0.5940 0.2749 -2.8093
v  0.6213 0.2826 -2.8223
v  0.5949 0.2859 -2.8089
v  0.6235 0.2976 -2.8240
v  0.5953 0.3001 -2.8096
v  0.6248 0.3225 -2.8278
v  0.5950 0.3249 -2.8128
v  0.6236 0.3534 -2.8332
v  0.5930 0.3551 -2.8177
v  0.6207 0.3834 -2.8382
v  0.5898 0.3833 -2.8225
v  0.5592 0.3836 -2.8065
v  0.5867 0.4052 -2.8267
v  0.6174 0.4059 -2.8424
v  0.6141 0.4216 -2.8460
v  0.6455 0.4072 -2.8576
v  0.6428 0.4238 -2.8613
v  0.6394 0.4349 -2.8650
v  0.6596 0.4246 -2.8724
v  0.6587 0.4354 -2.8768
v  0.6567 0.4445 -2.8823
v  0.6678 0.4331 -2.8850
v  0.6679 0.4406 -2.8905
v  0.6670 0.4457 -2.8979
v  0.6528 0.4493 -2.8908
v  0.6646 0.4472 -2.9075
v  0.6486 0.4507 -2.9007
v  0.6623 0.4474 -2.9169
v  0.6706 0.4421 -2.9098
v  0.6697 0.4418 -2.9185
v  0.6688 0.4399 -2.9259
v  0.6741 0.4422 -2.9201
v  0.6733 0.4392 -2.9274
v  0.6726 0.4351 -2.9327
v  0.6823 0.4439 -2.9330
v  0.6815 0.4398 -2.9411
v  0.6821 0.4312 -2.9450
v  0.6727 0.4288 -2.9369
v  0.6991 0.4406 -2.9467
v  0.6993 0.4323 -2.9509
v  0.7253 0.4409 -2.9545
v  0.7247 0.4326 -2.9576
v  0.7244 0.4238 -2.9593
v  0.7551 0.4318 -2.9650
v  0.7550 0.4230 -2.9667
v  0.7550 0.4145 -2.9672
v  0.7870 0.4216 -2.9732
v  0.7870 0.4133 -2.9735
v  0.7871 0.4051 -2.9736
v  0.7550 0.4061 -2.9674
v  0.7871 0.3973 -2.9739
v  0.7549 0.3982 -2.9676
v  0.7861 0.3970 -2.9785
v  0.7541 0.3970 -2.9719
v  0.7845 0.4020 -2.9850
v  0.7531 0.4018 -2.9784
v  0.7827 0.4034 -2.9927
v  0.7515 0.4034 -2.9861
v  0.7809 0.4017 -3.0003
v  0.7496 0.4017 -2.9936
v  0.7218 0.4018 -2.9869
v  0.8158 0.4038 -2.9993
v  0.8143 0.4017 -3.0066
v  0.8131 0.3960 -3.0118
v  0.8494 0.4015 -3.0121
v  0.8484 0.3957 -3.0170
v  0.8478 0.3879 -3.0185
v  0.8843 0.3951 -3.0214
v  0.8839 0.3873 -3.0226
v  0.8837 0.3799 -3.0210
v  0.8475 0.3803 -3.0173
v  0.8839 0.3749 -3.0149
v  0.8480 0.3751 -3.0114
v  0.8839 0.3693 -3.0106
v  0.8482 0.3696 -3.0066
v  0.8837 0.3605 -3.0102
v  0.8479 0.3608 -3.0061
v  0.8833 0.3508 -3.0101
v  0.8475 0.3508 -3.0058
v  0.8125 0.3504 -3.0006
v  0.8468 0.3384 -3.0056
v  0.8118 0.3380 -3.0003
v  0.7772 0.3373 -2.9941
v  0.8106 0.3164 -3.0005
v  0.7762 0.3150 -2.9941
v  0.7472 0.3125 -2.9878
v  0.7751 0.2823 -2.9940
v  0.7475 0.2807 -2.9880
v  0.7742 0.2491 -2.9939
v  0.7476 0.2484 -2.9879
v  0.7730 0.2162 -2.9931
v  0.7465 0.2161 -2.9874
v  0.8073 0.2500 -2.9999
v  0.8046 0.2162 -2.9991
v  0.8408 0.2505 -3.0052
v  0.8381 0.2163 -3.0045
v  0.8774 0.2508 -3.0097
v  0.8760 0.2165 -3.0091
v  0.8752 0.1822 -3.0086
v  0.9137 0.2165 -3.0125
v  0.9130 0.1821 -3.0121
v  0.9124 0.1474 -3.0122
v  0.9505 0.1818 -3.0140
v  0.9501 0.1471 -3.0141
v  0.9499 0.1123 -3.0144
v  0.9879 0.1467 -3.0148
v  0.9879 0.1120 -3.0150
v  0.9879 0.0787 -3.0153
v  0.9879 0.0557 -3.0149
v  0.9879 0.0452 -3.0154
v  0.9879 0.0235 -3.0206
v  0.9879 0.0280 -3.0149
v  0.9879 0.0356 -3.0154
v  0.9879 0.0179 -3.0266
v  0.9879 0.0099 -3.0270
v  0.9879 0.0028 -3.0242
v  0.9879 0.0003 -3.0166
v  0.9879 0.0001 -2.9932
v  0.9879 0.0001 -3.0010
v  0.9879 0.0001 -3.0088
v  0.9879 0.0001 -2.9795
v  0.9879 0.0001 -2.9627
v  0.9879 0.0000 -2.9396
v  0.9879 0.0001 -2.9085
v  0.9879 0.0001 -2.8387
v  0.9879 0.0000 -2.8031
v  0.9879 0.0001 -2.8741
v  0.9879 0.0001 -2.7679
v  0.9879 0.0001 -2.7338
v  0.9879 0.0001 -2.7069
v  0.9879 0.0001 -2.6874
v  0.9879 0.0003 -2.6625
v  0.9879 0.0011 -2.6532
v  0.9879 0.0002 -2.6724
v  0.9879 0.0040 -2.6454
v  0.9879 0.0117 -2.6427
v  0.9879 0.0204 -2.6427
v  0.9879 0.0294 -2.6427
v  0.9879 0.0531 -2.6427
v  0.9879 0.0679 -2.6427
v  0.9682 0.0677 -2.6423
v  0.9677 0.0529 -2.6423
v  0.9673 0.0395 -2.6424
v  0.9879 0.0391 -2.6427
v  0.9451 0.0529 -2.6413
v  0.9464 0.0675 -2.6413
v  0.9180 0.0678 -2.6393
v  0.9476 0.0816 -2.6414
v  0.9193 0.0818 -2.6394
v  0.8882 0.0829 -2.6363
v  0.9203 0.0929 -2.6395
v  0.8889 0.0942 -2.6364
v  0.8580 0.0947 -2.6318
v  0.8897 0.1038 -2.6365
v  0.8584 0.1048 -2.6319
v  0.8279 0.1049 -2.6263
v  0.8586 0.1148 -2.6320
v  0.8279 0.1151 -2.6264
v  0.7972 0.1154 -2.6197
v  0.8282 0.1235 -2.6246
v  0.7973 0.1234 -2.6180
v  0.8296 0.1260 -2.6173
v  0.7989 0.1256 -2.6105
v  0.8309 0.1313 -2.6104
v  0.8002 0.1318 -2.6041
v  0.8314 0.1397 -2.6067
v  0.8008 0.1404 -2.6002
v  0.8318 0.1490 -2.6043
v  0.8011 0.1498 -2.5973
v  0.8322 0.1586 -2.6026
v  0.8012 0.1596 -2.5957
v  0.7703 0.1601 -2.5875
v  0.8011 0.1716 -2.5948
v  0.7700 0.1727 -2.5868
v  0.7394 0.1733 -2.5782
v  0.7695 0.1891 -2.5868
v  0.7386 0.1904 -2.5782
v  0.7113 0.1913 -2.5703
v  0.7376 0.2073 -2.5798
v  0.7105 0.2084 -2.5719
v  0.6911 0.2072 -2.5666
v  0.6924 0.1905 -2.5654
v  0.6780 0.2062 -2.5640
v  0.6797 0.1899 -2.5630
v  0.6695 0.2053 -2.5656
v  0.6712 0.1893 -2.5633
v  0.6640 0.2035 -2.5703
v  0.6645 0.1882 -2.5673
v  0.6598 0.2036 -2.5692
v  0.6601 0.1877 -2.5661
v  0.6583 0.2054 -2.5624
v  0.6583 0.1884 -2.5586
v  0.6529 0.2075 -2.5555
v  0.6520 0.1896 -2.5526
v  0.6586 0.2196 -2.5674
v  0.6531 0.2228 -2.5607
v  0.6563 0.2313 -2.5756
v  0.6593 0.2270 -2.5804
v  0.6597 0.2164 -2.5738
v  0.6573 0.2354 -2.5913
v  0.6524 0.2397 -2.5881
v  0.6541 0.2426 -2.6092
v  0.6464 0.2473 -2.6061
v  0.6478 0.2482 -2.6344
v  0.6583 0.2377 -2.6108
v  0.6555 0.2435 -2.6358
v  0.6510 0.2455 -2.6672
v  0.6620 0.2386 -2.6363
v  0.6584 0.2404 -2.6675
v  0.6569 0.2406 -2.7024
v  0.6659 0.2425 -2.6672
v  0.6646 0.2410 -2.7023
v  0.6638 0.2392 -2.7368
v  0.6551 0.2408 -2.7368
v  0.6631 0.2372 -2.7677
v  0.6530 0.2410 -2.7679
v  0.6723 0.2443 -2.7373
v  0.6714 0.2428 -2.7690
v  0.6706 0.2418 -2.7938
v  0.6825 0.2476 -2.7706
v  0.6826 0.2470 -2.7957
v  0.6837 0.2469 -2.8150
v  0.6726 0.2421 -2.8141
v  0.6863 0.2473 -2.8287
v  0.6753 0.2426 -2.8299
v  0.6886 0.2475 -2.8395
v  0.6782 0.2434 -2.8414
v  0.6692 0.2387 -2.8447
v  0.6634 0.2338 -2.8482
v  0.6594 0.2341 -2.8585
v  0.6569 0.2354 -2.8515
v  0.6614 0.2394 -2.8614
v  0.6555 0.2411 -2.8535
v  0.6458 0.2421 -2.8424
v  0.6615 0.2455 -2.8515
v  0.6491 0.2493 -2.8437
v  0.6337 0.2531 -2.8360
v  0.6330 0.2469 -2.8313
v  0.6545 0.2568 -2.8423
v  0.6384 0.2605 -2.8337
v  0.6583 0.2656 -2.8434
v  0.6420 0.2692 -2.8338
v  0.6615 0.2758 -2.8457
v  0.6452 0.2799 -2.8352
v  0.6636 0.2922 -2.8489
v  0.6481 0.2951 -2.8375
v  0.6630 0.3182 -2.8525
v  0.6504 0.3198 -2.8423
v  0.6622 0.3506 -2.8574
v  0.6504 0.3515 -2.8483
v  0.6615 0.3823 -2.8628
v  0.6482 0.3830 -2.8534
v  0.6607 0.4075 -2.8681
v  0.6682 0.3814 -2.8707
v  0.6681 0.4066 -2.8759
v  0.6680 0.4233 -2.8805
v  0.6747 0.4058 -2.8816
v  0.6734 0.4221 -2.8852
v  0.6730 0.4316 -2.8893
v  0.6802 0.4235 -2.8821
v  0.6788 0.4339 -2.8864
v  0.6773 0.4413 -2.8927
v  0.6729 0.4380 -2.8941
v  0.6760 0.4436 -2.9017
v  0.6716 0.4409 -2.9011
v  0.6750 0.4435 -2.9110
v  0.6866 0.4480 -2.9032
v  0.6848 0.4482 -2.9137
v  0.6832 0.4467 -2.9238
v  0.7040 0.4505 -2.9186
v  0.7022 0.4490 -2.9296
v  0.7003 0.4461 -2.9392
v  0.7290 0.4495 -2.9368
v  0.7270 0.4458 -2.9465
v  0.7592 0.4490 -2.9435
v  0.7572 0.4455 -2.9535
v  0.7556 0.4403 -2.9617
v  0.7894 0.4451 -2.9601
v  0.7879 0.4396 -2.9685
v  0.7872 0.4306 -2.9720
v  0.8217 0.4388 -2.9746
v  0.8210 0.4297 -2.9779
v  0.8206 0.4210 -2.9789
v  0.8554 0.4291 -2.9825
v  0.8554 0.4204 -2.9836
v  0.8549 0.4123 -2.9842
v  0.8204 0.4132 -2.9794
v  0.8541 0.4041 -2.9844
v  0.8203 0.4053 -2.9796
v  0.8532 0.3965 -2.9847
v  0.8201 0.3976 -2.9799
v  0.8526 0.3977 -2.9902
v  0.8189 0.3979 -2.9853
v  0.8521 0.4027 -2.9974
v  0.8175 0.4024 -2.9916
v  0.8507 0.4035 -3.0048
v  0.8871 0.4028 -3.0015
v  0.8862 0.4033 -3.0094
v  0.8851 0.4012 -3.0169
v  0.9224 0.4034 -3.0137
v  0.9215 0.4006 -3.0210
v  0.9208 0.3940 -3.0248
v  0.9564 0.3994 -3.0231
v  0.9559 0.3929 -3.0265
v  0.9557 0.3854 -3.0269
v  0.9203 0.3861 -3.0255
v  0.9556 0.3785 -3.0243
v  0.9200 0.3787 -3.0235
v  0.9556 0.3745 -3.0181
v  0.9201 0.3745 -3.0170
v  0.9554 0.3687 -3.0146
v  0.9200 0.3689 -3.0131
v  0.9550 0.3599 -3.0148
v  0.9196 0.3602 -3.0132
v  0.9546 0.3506 -3.0148
v  0.9192 0.3507 -3.0132
v  0.9541 0.3400 -3.0144
v  0.9187 0.3398 -3.0127
v  0.8826 0.3390 -3.0098
v  0.9176 0.3186 -3.0133
v  0.8814 0.3183 -3.0101
v  0.8457 0.3174 -3.0059
v  0.8795 0.2855 -3.0100
v  0.8436 0.2849 -3.0056
v  0.8091 0.2839 -3.0003
v  0.9161 0.2858 -3.0130
v  0.9147 0.2510 -3.0130
v  0.9523 0.2859 -3.0146
v  0.9515 0.2510 -3.0146
v  0.9509 0.2164 -3.0144
v  0.9879 0.2509 -3.0152
v  0.9879 0.2160 -3.0149
v  0.9879 0.1815 -3.0145
v  0.9879 0.0941 -2.6427
v  0.9879 0.1035 -2.6428
v  0.9705 0.1022 -2.6426
v  0.9695 0.0931 -2.6424
v  0.9687 0.0818 -2.6424
v  0.9879 0.0820 -2.6427
v  0.9487 0.0924 -2.6415
v  0.9496 0.1014 -2.6416
v  0.9212 0.1020 -2.6396
v  0.9500 0.1093 -2.6417
v  0.9218 0.1106 -2.6395
v  0.8904 0.1127 -2.6366
v  0.9224 0.1187 -2.6391
v  0.8912 0.1208 -2.6361
v  0.8591 0.1235 -2.6307
v  0.8921 0.1248 -2.6293
v  0.8603 0.1259 -2.6237
v  0.8927 0.1294 -2.6218
v  0.8618 0.1305 -2.6167
v  0.8934 0.1367 -2.6173
v  0.8625 0.1388 -2.6129
v  0.8940 0.1454 -2.6154
v  0.8629 0.1476 -2.6106
v  0.8945 0.1545 -2.6139
v  0.8633 0.1566 -2.6091
v  0.8948 0.1647 -2.6131
v  0.8636 0.1675 -2.6082
v  0.8324 0.1699 -2.6016
v  0.8637 0.1817 -2.6081
v  0.8323 0.1850 -2.6019
v  0.8009 0.1874 -2.5947
v  0.8321 0.2014 -2.6030
v  0.8004 0.2036 -2.5962
v  0.7689 0.2055 -2.5882
v  0.7997 0.2189 -2.5994
v  0.7681 0.2209 -2.5912
v  0.7367 0.2222 -2.5829
v  0.7667 0.2355 -2.5963
v  0.7350 0.2361 -2.5884
v  0.7068 0.2367 -2.5809
v  0.7095 0.2232 -2.5749
v  0.6852 0.2355 -2.5758
v  0.6888 0.2225 -2.5692
v  0.6727 0.2329 -2.5758
v  0.6755 0.2212 -2.5672
v  0.6649 0.2285 -2.5791
v  0.6672 0.2191 -2.5700
v  0.6627 0.2250 -2.5827
v  0.6634 0.2161 -2.5754
v  0.6642 0.2343 -2.5916
v  0.6606 0.2316 -2.5932
v  0.6639 0.2374 -2.6109
v  0.6703 0.2390 -2.5895
v  0.6688 0.2423 -2.6093
v  0.6671 0.2437 -2.6350
v  0.6775 0.2477 -2.6082
v  0.6749 0.2490 -2.6339
v  0.6740 0.2477 -2.6666
v  0.6902 0.2535 -2.6338
v  0.6858 0.2520 -2.6665
v  0.6838 0.2502 -2.7028
v  0.6731 0.2460 -2.7024
v  0.6830 0.2485 -2.7382
v  0.7068 0.2549 -2.7047
v  0.7048 0.2537 -2.7404
v  0.7040 0.2525 -2.7734
v  0.7385 0.2574 -2.7447
v  0.7371 0.2566 -2.7775
v  0.7359 0.2558 -2.8017
v  0.7042 0.2519 -2.7984
v  0.7347 0.2552 -2.8180
v  0.7047 0.2515 -2.8158
v  0.7334 0.2547 -2.8304
v  0.7050 0.2512 -2.8284
v  0.7321 0.2542 -2.8404
v  0.7053 0.2508 -2.8386
v  0.7311 0.2540 -2.8497
v  0.7058 0.2507 -2.8476
v  0.7300 0.2538 -2.8589
v  0.7059 0.2508 -2.8562
v  0.7294 0.2573 -2.8640
v  0.7055 0.2549 -2.8600
v  0.7298 0.2637 -2.8610
v  0.7062 0.2616 -2.8577
v  0.7302 0.2720 -2.8587
v  0.7067 0.2697 -2.8563
v  0.7306 0.2823 -2.8584
v  0.7068 0.2800 -2.8558
v  0.6913 0.2784 -2.8562
v  0.7066 0.2940 -2.8565
v  0.6923 0.2931 -2.8573
v  0.6819 0.2925 -2.8603
v  0.6798 0.2776 -2.8598
v  0.6745 0.2919 -2.8642
v  0.6723 0.2765 -2.8617
v  0.6694 0.2919 -2.8568
v  0.6690 0.2752 -2.8544
v  0.6678 0.2639 -2.8528
v  0.6658 0.2541 -2.8516
v  0.6748 0.3167 -2.8674
v  0.6693 0.3174 -2.8606
v  0.6739 0.3493 -2.8723
v  0.6686 0.3499 -2.8654
v  0.6747 0.3807 -2.8769
v  0.6821 0.3496 -2.8679
v  0.6827 0.3813 -2.8724
v  0.6815 0.4070 -2.8775
v  0.6931 0.3814 -2.8702
v  0.6927 0.4075 -2.8755
v  0.6916 0.4247 -2.8804
v  0.7090 0.4076 -2.8763
v  0.7085 0.4249 -2.8814
v  0.7079 0.4367 -2.8871
v  0.6903 0.4357 -2.8856
v  0.7070 0.4457 -2.8954
v  0.6886 0.4440 -2.8932
v  0.7057 0.4498 -2.9067
v  0.7349 0.4458 -2.9008
v  0.7333 0.4506 -2.9124
v  0.7312 0.4511 -2.9251
v  0.7638 0.4502 -2.9185
v  0.7615 0.4510 -2.9314
v  0.7957 0.4499 -2.9248
v  0.7934 0.4511 -2.9379
v  0.7912 0.4490 -2.9501
v  0.8265 0.4510 -2.9442
v  0.8247 0.4492 -2.9564
v  0.8230 0.4448 -2.9664
v  0.8585 0.4488 -2.9613
v  0.8570 0.4443 -2.9716
v  0.8557 0.4382 -2.9800
v  0.8910 0.4446 -2.9758
v  0.8903 0.4378 -2.9835
v  0.8900 0.4289 -2.9865
v  0.9236 0.4380 -2.9870
v  0.9244 0.4284 -2.9897
v  0.9260 0.4186 -2.9907
v  0.8900 0.4197 -2.9877
v  0.9272 0.4091 -2.9910
v  0.8902 0.4109 -2.9881
v  0.9276 0.4003 -2.9914
v  0.8900 0.4022 -2.9884
v  0.9273 0.3956 -2.9948
v  0.8893 0.3959 -2.9889
v  0.9258 0.4000 -2.9992
v  0.8882 0.3977 -2.9945
v  0.9240 0.4033 -3.0059
v  0.9604 0.4009 -3.0026
v  0.9581 0.4032 -3.0095
v  0.9572 0.4028 -3.0166
v  0.9879 0.4033 -3.0106
v  0.9879 0.4028 -3.0178
v  0.9879 0.3993 -3.0245
v  0.9879 0.3925 -3.0272
v  0.9879 0.3849 -3.0277
v  0.9879 0.3682 -3.0151
v  0.9879 0.3739 -3.0184
v  0.9879 0.3777 -3.0248
v  0.9879 0.3598 -3.0154
v  0.9879 0.3505 -3.0153
v  0.9879 0.3403 -3.0148
v  0.9879 0.3187 -3.0154
v  0.9533 0.3187 -3.0148
v  0.9879 0.2855 -3.0153
v  0.9843 0.1677 -2.6299
v  0.9849 0.1540 -2.6316
v  0.9879 0.1549 -2.6375
v  0.9879 0.1679 -2.6362
v  0.9787 0.1679 -2.6243
v  0.9793 0.1534 -2.6260
v  0.9703 0.1687 -2.6213
v  0.9705 0.1537 -2.6227
v  0.9539 0.1711 -2.6191
v  0.9535 0.1562 -2.6201
v  0.9529 0.1456 -2.6216
v  0.9521 0.1372 -2.6235
v  0.9262 0.1607 -2.6164
v  0.9257 0.1508 -2.6177
v  0.9252 0.1421 -2.6196
v  0.9247 0.1338 -2.6230
v  0.9521 0.1304 -2.6268
v  0.9238 0.1284 -2.6275
v  0.9229 0.1243 -2.6339
v  0.9266 0.1752 -2.6159
v  0.8951 0.1784 -2.6129
v  0.9269 0.1949 -2.6167
v  0.8953 0.1967 -2.6136
v  0.8637 0.1987 -2.6087
v  0.8951 0.2144 -2.6166
v  0.8632 0.2154 -2.6119
v  0.8314 0.2169 -2.6057
v  0.8625 0.2308 -2.6165
v  0.8305 0.2318 -2.6100
v  0.7986 0.2332 -2.6045
v  0.8282 0.2421 -2.6215
v  0.7960 0.2436 -2.6152
v  0.7635 0.2452 -2.6078
v  0.7922 0.2514 -2.6303
v  0.7585 0.2526 -2.6237
v  0.7253 0.2531 -2.6159
v  0.7313 0.2460 -2.5999
v  0.6958 0.2517 -2.6091
v  0.7018 0.2456 -2.5922
v  0.6813 0.2432 -2.5891
v  0.7179 0.2558 -2.6372
v  0.7524 0.2567 -2.6438
v  0.7454 0.2582 -2.6743
v  0.7108 0.2560 -2.6686
v  0.7407 0.2582 -2.7091
v  0.7808 0.2590 -2.6809
v  0.7758 0.2595 -2.7147
v  0.7729 0.2593 -2.7499
v  0.8108 0.2601 -2.7202
v  0.8077 0.2601 -2.7546
v  0.8059 0.2599 -2.7863
v  0.7714 0.2589 -2.7819
v  0.8046 0.2596 -2.8093
v  0.7701 0.2583 -2.8052
v  0.8034 0.2593 -2.8258
v  0.7688 0.2578 -2.8213
v  0.8023 0.2591 -2.8391
v  0.7675 0.2575 -2.8342
v  0.8012 0.2588 -2.8498
v  0.7663 0.2571 -2.8446
v  0.8001 0.2586 -2.8593
v  0.7651 0.2569 -2.8540
v  0.7989 0.2584 -2.8690
v  0.7637 0.2568 -2.8636
v  0.7979 0.2611 -2.8759
v  0.7627 0.2595 -2.8698
v  0.7984 0.2676 -2.8728
v  0.7629 0.2662 -2.8666
v  0.7985 0.2763 -2.8708
v  0.7630 0.2746 -2.8644
v  0.7983 0.2859 -2.8704
v  0.7630 0.2845 -2.8642
v  0.7983 0.2973 -2.8710
v  0.7629 0.2964 -2.8647
v  0.7307 0.2958 -2.8592
v  0.7630 0.3189 -2.8675
v  0.7310 0.3175 -2.8618
v  0.7071 0.3172 -2.8593
v  0.7319 0.3492 -2.8672
v  0.7083 0.3493 -2.8644
v  0.6927 0.3495 -2.8648
v  0.6925 0.3174 -2.8599
v  0.6825 0.3173 -2.8632
v  0.7091 0.3814 -2.8705
v  0.7334 0.3812 -2.8739
v  0.7348 0.4069 -2.8807
v  0.7653 0.3805 -2.8800
v  0.7664 0.4056 -2.8868
v  0.7669 0.4234 -2.8926
v  0.7357 0.4242 -2.8862
v  0.7667 0.4362 -2.8982
v  0.7357 0.4366 -2.8924
v  0.7657 0.4458 -2.9066
v  0.7989 0.4354 -2.9043
v  0.7977 0.4452 -2.9129
v  0.8317 0.4346 -2.9103
v  0.8305 0.4453 -2.9187
v  0.8286 0.4502 -2.9311
v  0.8638 0.4458 -2.9235
v  0.8620 0.4502 -2.9361
v  0.8602 0.4510 -2.9493
v  0.8951 0.4499 -2.9397
v  0.8935 0.4510 -2.9531
v  0.8921 0.4489 -2.9654
v  0.9248 0.4510 -2.9559
v  0.9240 0.4489 -2.9684
v  0.9236 0.4449 -2.9791
v  0.9527 0.4489 -2.9704
v  0.9527 0.4448 -2.9810
v  0.9530 0.4369 -2.9883
v  0.9727 0.4431 -2.9812
v  0.9719 0.4349 -2.9875
v  0.9725 0.4249 -2.9901
v  0.9534 0.4264 -2.9906
v  0.9742 0.4144 -2.9907
v  0.9551 0.4160 -2.9913
v  0.9770 0.4027 -2.9908
v  0.9590 0.4037 -2.9919
v  0.9879 0.4148 -2.9803
v  0.9839 0.4390 -2.9784
v  0.9879 0.4395 -2.9684
v  0.9879 0.4352 -2.9748
v  0.9836 0.4426 -2.9695
v  0.9736 0.4474 -2.9708
v  0.9744 0.4490 -2.9593
v  0.9839 0.4442 -2.9592
v  0.9533 0.4508 -2.9583
v  0.9545 0.4502 -2.9448
v  0.9751 0.4484 -2.9472
v  0.9263 0.4500 -2.9422
v  0.9279 0.4456 -2.9297
v  0.9562 0.4461 -2.9327
v  0.8968 0.4456 -2.9271
v  0.8982 0.4354 -2.9182
v  0.9295 0.4357 -2.9211
v  0.8651 0.4350 -2.9147
v  0.8661 0.4214 -2.9087
v  0.8996 0.4221 -2.9120
v  0.8325 0.4213 -2.9042
v  0.8331 0.4028 -2.8984
v  0.8672 0.4026 -2.9028
v  0.7994 0.4220 -2.8986
v  0.7994 0.4041 -2.8931
v  0.7992 0.3799 -2.8864
v  0.8335 0.3794 -2.8920
v  0.8336 0.3496 -2.8853
v  0.8689 0.3495 -2.8898
v  0.8682 0.3790 -2.8966
v  0.7986 0.3498 -2.8796
v  0.7982 0.3203 -2.8740
v  0.8335 0.3215 -2.8799
v  0.7638 0.3495 -2.8731
v  0.8336 0.2991 -2.8769
v  0.8692 0.3002 -2.8814
v  0.8692 0.3214 -2.8844
v  0.9048 0.2995 -2.8842
v  0.9049 0.3198 -2.8873
v  0.9043 0.3491 -2.8931
v  0.9369 0.3176 -2.8894
v  0.9357 0.3487 -2.8957
v  0.9345 0.3793 -2.9025
v  0.9029 0.3791 -2.8998
v  0.9331 0.4048 -2.9091
v  0.9012 0.4035 -2.9062
v  0.9313 0.4231 -2.9149
v  0.9589 0.4049 -2.9120
v  0.9589 0.4239 -2.9183
v  0.9580 0.4368 -2.9244
v  0.9743 0.4231 -2.9231
v  0.9750 0.4359 -2.9286
v  0.9756 0.4448 -2.9362
v  0.9839 0.4334 -2.9337
v  0.9846 0.4403 -2.9402
v  0.9845 0.4438 -2.9488
v  0.9879 0.4381 -2.9421
v  0.9879 0.4408 -2.9497
v  0.9879 0.4412 -2.9590
v  0.9849 0.2039 -2.6336
v  0.9845 0.1863 -2.6307
v  0.9879 0.1858 -2.6363
v  0.9879 0.2014 -2.6386
v  0.9806 0.2061 -2.6280
v  0.9789 0.1872 -2.6252
v  0.9729 0.2075 -2.6247
v  0.9711 0.1884 -2.6221
v  0.9548 0.2110 -2.6223
v  0.9544 0.1912 -2.6196
v  0.9269 0.2135 -2.6199
v  0.9552 0.2266 -2.6265
v  0.9267 0.2291 -2.6246
v  0.8947 0.2307 -2.6210
v  0.9258 0.2402 -2.6351
v  0.8932 0.2416 -2.6321
v  0.8606 0.2419 -2.6272
v  0.8912 0.2489 -2.6464
v  0.8580 0.2495 -2.6420
v  0.8252 0.2500 -2.6364
v  0.8547 0.2552 -2.6609
v  0.8211 0.2558 -2.6559
v  0.7872 0.2566 -2.6501
v  0.8155 0.2592 -2.6865
v  0.8501 0.2592 -2.6912
v  0.8459 0.2601 -2.7249
v  0.8848 0.2587 -2.6953
v  0.8808 0.2594 -2.7290
v  0.8772 0.2596 -2.7628
v  0.8425 0.2604 -2.7587
v  0.8744 0.2596 -2.7943
v  0.8401 0.2604 -2.7903
v  0.8727 0.2595 -2.8179
v  0.8385 0.2603 -2.8136
v  0.8716 0.2593 -2.8344
v  0.8373 0.2602 -2.8304
v  0.8707 0.2592 -2.8473
v  0.8363 0.2600 -2.8435
v  0.8701 0.2591 -2.8576
v  0.8356 0.2598 -2.8543
v  0.8695 0.2591 -2.8671
v  0.8349 0.2595 -2.8637
v  0.8688 0.2591 -2.8766
v  0.8342 0.2595 -2.8729
v  0.8683 0.2615 -2.8837
v  0.8336 0.2616 -2.8804
v  0.8687 0.2690 -2.8816
v  0.8337 0.2687 -2.8781
v  0.8690 0.2783 -2.8805
v  0.8337 0.2778 -2.8765
v  0.8691 0.2881 -2.8805
v  0.8336 0.2876 -2.8763
v  0.9040 0.2769 -2.8831
v  0.9045 0.2870 -2.8831
v  0.9360 0.2735 -2.8854
v  0.9366 0.2832 -2.8852
v  0.9372 0.2963 -2.8861
v  0.9598 0.2787 -2.8875
v  0.9598 0.2938 -2.8885
v  0.9586 0.3170 -2.8918
v  0.9729 0.2929 -2.8926
v  0.9725 0.3163 -2.8963
v  0.9725 0.3471 -2.9027
v  0.9578 0.3481 -2.8980
v  0.9733 0.3775 -2.9094
v  0.9582 0.3788 -2.9051
v  0.9739 0.4037 -2.9166
v  0.9826 0.3759 -2.9158
v  0.9824 0.4025 -2.9225
v  0.9829 0.4220 -2.9284
v  0.9879 0.4011 -2.9296
v  0.9879 0.4207 -2.9340
v  0.9879 0.4312 -2.9376
v  0.9857 0.2274 -2.6482
v  0.9856 0.2171 -2.6397
v  0.9879 0.2143 -2.6444
v  0.9879 0.2244 -2.6515
v  0.9821 0.2314 -2.6441
v  0.9830 0.2207 -2.6339
v  0.9743 0.2346 -2.6406
v  0.9749 0.2234 -2.6292
v  0.9551 0.2376 -2.6368
v  0.9726 0.2427 -2.6556
v  0.9542 0.2457 -2.6519
v  0.9245 0.2476 -2.6491
v  0.9523 0.2523 -2.6726
v  0.9226 0.2541 -2.6683
v  0.8887 0.2548 -2.6647
v  0.9191 0.2574 -2.6991
v  0.9497 0.2544 -2.7024
v  0.9468 0.2544 -2.7356
v  0.9150 0.2578 -2.7328
v  0.9444 0.2541 -2.7688
v  0.9115 0.2578 -2.7665
v  0.9420 0.2539 -2.8009
v  0.9087 0.2576 -2.7982
v  0.9407 0.2536 -2.8260
v  0.9070 0.2574 -2.8220
v  0.9390 0.2536 -2.8412
v  0.9059 0.2573 -2.8377
v  0.9373 0.2534 -2.8532
v  0.9050 0.2572 -2.8499
v  0.9361 0.2534 -2.8631
v  0.9043 0.2572 -2.8600
v  0.9350 0.2533 -2.8722
v  0.9037 0.2571 -2.8695
v  0.9339 0.2537 -2.8811
v  0.9032 0.2571 -2.8787
v  0.9339 0.2574 -2.8871
v  0.9031 0.2602 -2.8855
v  0.9350 0.2651 -2.8863
v  0.9035 0.2679 -2.8841
v  0.9562 0.2538 -2.8894
v  0.9578 0.2614 -2.8883
v  0.9590 0.2695 -2.8875
v  0.9717 0.2591 -2.8905
v  0.9728 0.2675 -2.8906
v  0.9731 0.2773 -2.8911
v  0.9823 0.2773 -2.8966
v  0.9819 0.2921 -2.8987
v  0.9879 0.2771 -2.9052
v  0.9879 0.2909 -2.9071
v  0.9879 0.3140 -2.9105
v  0.9817 0.3153 -2.9028
v  0.9879 0.3440 -2.9168
v  0.9824 0.3456 -2.9090
v  0.9879 0.3746 -2.9238
v  0.9879 0.2308 -2.6632
v  0.9879 0.2358 -2.6813
v  0.9840 0.2405 -2.6801
v  0.9849 0.2349 -2.6608
v  0.9793 0.2445 -2.6785
v  0.9806 0.2389 -2.6584
v  0.9705 0.2488 -2.6762
v  0.9768 0.2467 -2.7056
v  0.9680 0.2505 -2.7045
v  0.9755 0.2465 -2.7371
v  0.9664 0.2501 -2.7368
v  0.9747 0.2457 -2.7695
v  0.9648 0.2495 -2.7695
v  0.9732 0.2456 -2.8010
v  0.9629 0.2493 -2.8013
v  0.9718 0.2452 -2.8281
v  0.9612 0.2492 -2.8279
v  0.9717 0.2446 -2.8469
v  0.9603 0.2486 -2.8456
v  0.9718 0.2438 -2.8596
v  0.9594 0.2484 -2.8570
v  0.9710 0.2436 -2.8707
v  0.9583 0.2482 -2.8674
v  0.9571 0.2483 -2.8765
v  0.9558 0.2486 -2.8849
v  0.9802 0.2392 -2.8609
v  0.9794 0.2391 -2.8721
v  0.9879 0.2340 -2.8608
v  0.9879 0.2332 -2.8721
v  0.9879 0.2382 -2.7070
v  0.9879 0.2378 -2.7370
v  0.9825 0.2425 -2.7371
v  0.9828 0.2427 -2.7064
v  0.9879 0.2367 -2.7698
v  0.9820 0.2416 -2.7696
v  0.9879 0.2370 -2.8007
v  0.9811 0.2415 -2.8007
v  0.9879 0.2356 -2.8270
v  0.9806 0.2410 -2.8276
v  0.9879 0.2347 -2.8466
v  0.9804 0.2400 -2.8467
v  0.9879 0.4014 -3.0039
v  0.9614 0.3957 -2.9975
v  0.9879 0.3970 -2.9988
v  0.9618 0.3965 -2.9924
v  0.9879 0.3906 -2.9961
v  0.9879 0.4025 -2.9813
v  0.9879 0.3903 -2.9812
v  0.9783 0.3924 -2.9910
v  0.9879 0.3753 -2.9821
v  0.9834 0.3752 -2.9892
v  0.9879 0.3554 -2.9827
v  0.9838 0.3555 -2.9883
v  0.9879 0.3554 -2.9939
v  0.9842 0.3294 -2.9879
v  0.9879 0.3293 -2.9926
v  0.9847 0.3007 -2.9873
v  0.9879 0.3007 -2.9919
v  0.9879 0.3294 -2.9831
v  0.9879 0.3008 -2.9828
v  0.9879 0.2760 -2.9832
v  0.9852 0.2782 -2.9871
v  0.9879 0.2782 -2.9907
v  0.9852 0.2623 -2.9866
v  0.9879 0.2623 -2.9903
v  0.9879 0.3748 -2.9947
v  0.9714 0.1100 -2.6427
v  0.9879 0.1110 -2.6430
v  0.6588 0.1290 -2.6013
v  0.6590 0.1269 -2.6280
v  0.6647 0.1270 -2.6281
v  0.6573 0.1206 -2.6279
v  0.6639 0.1206 -2.6280
v  0.9879 0.1202 -2.6893
v  0.9839 0.1220 -2.6893
v  0.9851 0.1248 -2.7112
v  0.9853 0.1256 -2.6895
v  0.9843 0.1213 -2.7112
v  0.9879 0.1204 -2.7111
v  0.9848 0.1220 -2.7276
v  0.9879 0.1206 -2.7282
v  0.9856 0.1247 -2.7272
v  0.9879 0.1268 -2.7271
v  0.9879 0.1275 -2.7113
v  0.9860 0.1226 -2.7372
v  0.9879 0.1289 -2.6897
v  0.9879 0.1352 -2.6514
v  0.9879 0.1319 -2.6653
v  0.9879 0.1222 -2.7449
v  0.6553 0.1205 -2.9370
v  0.6570 0.1204 -2.9213
v  0.6573 0.1279 -2.8969
v  0.6571 0.1204 -2.8972
v  0.6653 0.1207 -2.8970
v  0.6642 0.1298 -2.8967
v  0.6569 0.1203 -2.8660
v  0.6645 0.1205 -2.8659
v  0.6640 0.1281 -2.8658
v  0.6572 0.1269 -2.8658
v  0.6640 0.1205 -2.8335
v  0.6636 0.1274 -2.8335
v  0.6574 0.1263 -2.8335
v  0.6569 0.1203 -2.8335
v  0.6634 0.1273 -2.8037
v  0.6581 0.1261 -2.8035
v  0.6573 0.1205 -2.8036
v  0.6629 0.1213 -2.8038
v  0.6584 0.1257 -2.7902
v  0.6579 0.1204 -2.7903
v  0.6627 0.1214 -2.7904
v  0.6637 0.1262 -2.7903
v  0.6644 0.2153 -2.9488
v  0.6780 0.2474 -2.8876
v  0.6776 0.2452 -2.9062
v  0.9819 0.2345 -2.9199
v  0.9771 0.2394 -2.9207
v  0.9825 0.2324 -2.9400
v  0.9779 0.2367 -2.9405
v  0.9818 0.2417 -2.9414
v  0.9775 0.2355 -2.9545
v  0.9818 0.2405 -2.9549
v  0.9879 0.2439 -2.9551
v  0.9879 0.2448 -2.9419
v  0.9879 0.2314 -2.9195
v  0.9879 0.2290 -2.9396
v  0.9879 0.2443 -2.9698
v  0.9822 0.2395 -2.9643
v  0.9879 0.2440 -2.9640
v  0.9556 0.2323 -2.9879
v  0.9879 0.2147 -2.9888
v  0.9829 0.2014 -2.9856
v  0.9879 0.2023 -2.9887
v  0.9850 0.1867 -2.9838
v  0.9879 0.1848 -2.9893
v  0.9855 0.1981 -2.9803
v  0.9847 0.1660 -2.9851
v  0.9879 0.1658 -2.9897
v  0.9879 0.1520 -2.9901
v  0.9848 0.1525 -2.9841
v  0.9879 0.1864 -2.9783
v  0.9879 0.1664 -2.9785
v  0.9879 0.1545 -2.9750
v  0.9879 0.1203 -2.9638
v  0.9879 0.1204 -2.9749
v  0.9879 0.1354 -2.9507
v  0.9833 0.1264 -2.9514
v  0.9879 0.1203 -2.9520
v  0.9839 0.1256 -2.9316
v  0.9879 0.1205 -2.9318
v  0.9879 0.1315 -2.9058
v  0.9841 0.1248 -2.9061
v  0.9879 0.1349 -2.9312
v  0.9879 0.1295 -2.8754
v  0.9843 0.1240 -2.8756
v  0.9879 0.1202 -2.8756
v  0.9879 0.1204 -2.9062
v  0.9879 0.1279 -2.8447
v  0.9846 0.1235 -2.8448
v  0.9879 0.1203 -2.8449
v  0.9850 0.1234 -2.8180
v  0.9879 0.1204 -2.8181
v  0.9879 0.1270 -2.8177
v  0.9853 0.1237 -2.8056
v  0.9879 0.1266 -2.8055
v  0.9879 0.1205 -2.8056
v  0.9879 0.1205 -2.9836
v  0.9879 0.1218 -2.7428
v  0.9879 0.2136 -2.9779
v  0.9879 0.1995 -2.9791
v  0.9915 0.4237 -2.9841
v  0.9921 0.4322 -2.9831
v  0.9935 0.2436 -2.9216
v  0.9928 0.2457 -2.9046
v  0.9932 0.2573 -2.8947
v  0.9928 0.2668 -2.8958
v  0.9967 0.2486 -2.8937
v  0.9899 0.2331 -2.8946
v  0.9929 0.2346 -2.9045
v  0.9886 0.1258 -2.7427
v  0.9895 0.1242 -2.7384
v  1.8501 0.1245 -2.5263
v  1.8478 0.1216 -2.5295
v  1.8506 0.1209 -2.5266
v  1.8533 0.1233 -2.5271
v  1.8455 0.1212 -2.5270
v  1.8475 0.1239 -2.5241
v  1.8478 0.1206 -2.5239
v  1.8468 0.1211 -2.5210
v  1.8470 0.2345 -2.5355
v  1.8436 0.2336 -2.5342
v  1.8445 0.2319 -2.5355
v  1.8471 0.2322 -2.5362
v  1.8472 0.2341 -2.5271
v  1.8511 0.2354 -2.5296
v  1.8479 0.2304 -2.5280
v  1.8517 0.2304 -2.5308
v  1.6533 0.2550 -2.2883
v  1.6629 0.2498 -2.2553
v  1.6766 0.2503 -2.2599
v  1.6794 0.2549 -2.2981
v  1.6591 0.2586 -2.3346
v  1.6371 0.2559 -2.3223
v  1.7069 0.2530 -2.3296
v  1.6851 0.2576 -2.3554
v  1.6892 0.2484 -2.2652
v  1.7001 0.2487 -2.2860
v  1.7227 0.2466 -2.3176
v  1.5804 0.4017 -2.8085
v  1.5737 0.3977 -2.8055
v  1.5954 0.3976 -2.7882
v  1.6060 0.4011 -2.7887
v  1.5767 0.4065 -2.8020
v  1.6022 0.4071 -2.7830
v  1.5515 0.4059 -2.8198
v  1.5502 0.3983 -2.8212
v  1.5547 0.4015 -2.8264
v  1.2902 0.3805 -2.9829
v  1.3068 0.3822 -2.9758
v  1.2998 0.3729 -2.9737
v  1.2842 0.3687 -2.9853
v  1.3291 0.3825 -2.9675
v  1.3264 0.3762 -2.9638
v  1.3277 0.3741 -2.9570
v  1.3006 0.3731 -2.9675
v  1.2970 0.3530 -2.9773
v  1.2899 0.3526 -2.9839
v  0.9970 0.1252 -2.9750
v  0.9909 0.1342 -2.9749
v  0.9931 0.1329 -2.9831
v  0.9966 0.1274 -2.9798
v  0.9911 0.1422 -2.9829
v  0.9939 0.1260 -2.9654
v  0.9922 0.1327 -2.9892
v  0.9918 0.2262 -2.9715
v  0.9907 0.2134 -2.9780
v  0.9978 0.2224 -2.9880
v  0.9955 0.2136 -2.9876
v  0.9927 0.2299 -2.9554
v  1.0308 0.2362 -2.9768
v  1.0397 0.2346 -2.9775
v  1.0386 0.2314 -2.9811
v  1.0309 0.2305 -2.9806
v  1.0386 0.2330 -2.9860
v  1.0308 0.2329 -2.9872
v  1.0385 0.2369 -2.9824
v  1.0307 0.2376 -2.9834
v  1.0045 0.2294 -2.9788
v  1.0013 0.2292 -2.9780
v  1.0008 0.2342 -2.9656
v  1.0023 0.2360 -2.9704
v  0.9998 0.2308 -2.9889
v  1.0063 0.2367 -2.9762
v  1.0103 0.2293 -2.9804
v  1.0193 0.2384 -2.9837
v  1.0196 0.2364 -2.9763
v  1.0050 0.2390 -2.9835
v  0.9925 0.2403 -2.9754
v  0.9905 0.2448 -2.9786
v  0.9931 0.2393 -2.9705
v  1.0204 0.2301 -2.9799
v  1.0103 0.2317 -2.9882
v  0.9944 0.2437 -2.9891
v  0.9911 0.2528 -2.9852
v  1.3010 0.4047 -2.9436
v  1.3006 0.3946 -2.9454
v  1.2890 0.3991 -2.9515
v  1.2903 0.4066 -2.9502
v  1.3034 0.3951 -2.9493
v  1.2893 0.3984 -2.9552
v  1.3021 0.3803 -2.9451
v  1.3066 0.3825 -2.9478
v  1.3082 0.3937 -2.9385
v  1.3085 0.4034 -2.9383
v  1.3050 0.3808 -2.9386
v  1.3164 0.3955 -2.9419
v  1.3208 0.4018 -2.9491
v  1.3053 0.4020 -2.9552
v  1.3098 0.3816 -2.9423
v  1.2903 0.4022 -2.9614
v  1.3195 0.4042 -2.9399
v  1.2991 0.3683 -2.9514
v  1.3023 0.3764 -2.9504
v  1.3021 0.3669 -2.9463
v  1.2990 0.3689 -2.9517
v  1.3124 0.3745 -2.9514
v  1.3088 0.3673 -2.9428
v  1.3152 0.3693 -2.9499
v  1.3209 0.3641 -2.9511
v  1.3308 0.3687 -2.9493
v  1.3334 0.3595 -2.9480
v  0.9978 0.2393 -2.8818
v  0.9999 0.2400 -2.8927
v  0.9986 0.2402 -2.9044
v  1.2277 0.3750 -2.9939
v  1.2287 0.3806 -2.9994
v  1.2573 0.3805 -2.9920
v  1.2553 0.3745 -2.9863
v  1.2463 0.3696 -2.9845
v  1.2270 0.3693 -2.9889
v  1.2947 0.2400 -2.9383
v  1.3023 0.2446 -2.9443
v  1.2995 0.2433 -2.9254
v  1.2976 0.2389 -2.9242
v  1.3081 0.2370 -2.9393
v  1.3042 0.2398 -2.9245
v  1.2992 0.2463 -2.9545
v  1.3008 0.2712 -2.9572
v  1.3045 0.2705 -2.9505
v  1.2939 0.2406 -2.9461
v  1.3144 0.2418 -2.9521
v  1.3092 0.2493 -2.9524
v  1.3118 0.2702 -2.9527
v  1.3019 0.2337 -2.9356
v  1.3055 0.2352 -2.9239
v  1.3153 0.2335 -2.9353
v  1.4998 0.3748 -2.8794
v  1.5292 0.3752 -2.8610
v  1.5239 0.3709 -2.8566
v  1.4960 0.3710 -2.8739
v  1.5599 0.3751 -2.8397
v  1.5560 0.3717 -2.8344
v  1.4954 0.3637 -2.8731
v  1.5246 0.3633 -2.8556
v  1.5560 0.3636 -2.8341
v  1.2982 0.2405 -2.9057
v  1.3038 0.2381 -2.9053
v  1.3029 0.2427 -2.9060
v  1.0084 0.2447 -2.8884
v  1.0064 0.2513 -2.8910
v  1.0066 0.2438 -2.8799
v  1.2974 0.2672 -2.8605
v  1.2988 0.2553 -2.8637
v  1.3048 0.2545 -2.8598
v  1.3038 0.2650 -2.8608
v  1.2852 0.2682 -2.8563
v  1.2855 0.2598 -2.8570
v  1.2957 0.2512 -2.8616
v  1.2852 0.2538 -2.8579
v  1.3030 0.2502 -2.8753
v  1.2978 0.2492 -2.8738
v  1.3194 0.2683 -2.9528
v  1.3063 0.2434 -2.8670
v  1.3079 0.2440 -2.8602
v  1.3062 0.2411 -2.8747
v  1.2988 0.2314 -2.9474
v  1.3101 0.2270 -2.9426
v  1.3099 0.2291 -2.9363
v  1.2949 0.2163 -2.9621
v  1.2941 0.2413 -2.9627
v  1.3031 0.2165 -2.9555
v  1.2934 0.2459 -2.8617
v  1.2964 0.2433 -2.8733
v  1.2848 0.2488 -2.8567
v  1.2952 0.2441 -2.8513
v  1.2857 0.2477 -2.8488
v  1.2987 0.2177 -2.9714
v  1.2986 0.2440 -2.9719
v  1.2969 0.2712 -2.9637
v  1.2986 0.2743 -2.9715
v  1.3193 0.2354 -2.9461
v  1.3351 0.2651 -2.9472
v  1.3272 0.2300 -2.9464
v  1.3263 0.2673 -2.9505
v  1.3048 0.2402 -2.8870
v  1.3030 0.2465 -2.8878
v  1.2983 0.2415 -2.8868
v  1.3035 0.2397 -2.8650
v  1.3104 0.2365 -2.8690
v  1.3107 0.2353 -2.8583
v  1.3043 0.2397 -2.8552
v  1.3080 0.1208 -2.9459
v  1.3092 0.1485 -2.9538
v  1.3138 0.1448 -2.9464
v  1.3078 0.1218 -2.9384
v  1.3066 0.1875 -2.9568
v  1.3124 0.1895 -2.9501
v  1.3247 0.1342 -2.9488
v  1.3186 0.1307 -2.9392
v  1.3240 0.1567 -2.9496
v  1.3127 0.1329 -2.9213
v  1.3087 0.1216 -2.9216
v  1.3186 0.1288 -2.9211
v  1.3193 0.2360 -2.8335
v  1.3098 0.2370 -2.8315
v  1.3116 0.2363 -2.8126
v  1.3297 0.2428 -2.8113
v  1.3379 0.2455 -2.8213
v  1.3250 0.2396 -2.8370
v  1.3484 0.2487 -2.8008
v  1.3542 0.2497 -2.8102
v  1.3155 0.2349 -2.7921
v  1.3262 0.2419 -2.7921
v  1.3415 0.2476 -2.7886
v  1.2962 0.1201 -2.9613
v  1.2975 0.1500 -2.9670
v  1.3027 0.1505 -2.9598
v  1.3059 0.1199 -2.9523
v  1.2991 0.0970 -2.9595
v  1.3109 0.0974 -2.9555
v  1.3276 0.1187 -2.9480
v  1.3226 0.1203 -2.9442
v  1.8475 0.3962 -2.5352
v  1.8549 0.3916 -2.5253
v  1.8590 0.4007 -2.5293
v  1.8531 0.4017 -2.5392
v  1.8658 0.3907 -2.5171
v  1.8662 0.3988 -2.5196
v  1.8425 0.3902 -2.5332
v  1.8487 0.3875 -2.5234
v  1.3340 0.1352 -2.9464
v  1.3541 0.1360 -2.9395
v  1.3512 0.1131 -2.9407
v  1.8214 0.4485 -2.4786
v  1.8257 0.4472 -2.4756
v  1.8308 0.4479 -2.4777
v  1.8270 0.4508 -2.4832
v  1.8256 0.4424 -2.4711
v  1.8179 0.4434 -2.4733
v  1.8333 0.4408 -2.4731
v  1.8728 0.4001 -2.5214
v  1.8656 0.4034 -2.5335
v  1.8751 0.3891 -2.5177
v  1.8812 0.3864 -2.5321
v  1.8800 0.3952 -2.5312
v  1.8776 0.3985 -2.5262
v  1.8795 0.3881 -2.5234
v  1.8768 0.3952 -2.5413
v  1.8721 0.4019 -2.5377
v  1.8771 0.3834 -2.5437
v  1.8518 0.4436 -2.4991
v  1.8532 0.4422 -2.4924
v  1.8556 0.4361 -2.4924
v  1.8556 0.4358 -2.5014
v  1.8495 0.4440 -2.4890
v  1.8467 0.4473 -2.4957
v  1.8510 0.4366 -2.4871
v  1.8516 0.3913 -2.5191
v  1.8582 0.3804 -2.5098
v  1.8534 0.3756 -2.5185
v  1.8539 0.4014 -2.5145
v  1.8591 0.3984 -2.5057
v  1.8618 0.3992 -2.4956
v  1.8622 0.3792 -2.4966
v  1.8647 0.3539 -2.4956
v  1.8617 0.3552 -2.5063
v  1.8578 0.3549 -2.5150
v  0.9911 0.1318 -2.6430
v  0.9914 0.1358 -2.6368
v  0.9905 0.1440 -2.6347
v  0.9948 0.1365 -2.6301
v  0.9952 0.1424 -2.6282
v  1.0041 0.1345 -2.6267
v  1.0048 0.1424 -2.6243
v  1.0036 0.1294 -2.6313
v  1.3066 0.0363 -2.9584
v  1.2993 0.0337 -2.9628
v  1.2978 0.0470 -2.9631
v  1.3067 0.0481 -2.9583
v  1.3191 0.0362 -2.9538
v  1.3152 0.0258 -2.9565
v  1.6853 0.2399 -2.2362
v  1.6995 0.2402 -2.2529
v  1.7149 0.2402 -2.2787
v  1.8775 0.3718 -2.5429
v  1.8681 0.3684 -2.5471
v  1.8650 0.3777 -2.5543
v  1.8571 0.3892 -2.5687
v  1.8684 0.3913 -2.5537
v  1.8553 0.3790 -2.5684
v  1.8575 0.3731 -2.5537
v  1.8608 0.3664 -2.5469
v  1.8502 0.3744 -2.5652
v  1.2587 0.0374 -2.9807
v  1.2657 0.0345 -2.9796
v  1.2515 0.0252 -2.9832
v  1.2478 0.0356 -2.9833
v  1.2819 0.0336 -2.9856
v  1.2959 0.0341 -2.9791
v  1.3014 0.0228 -2.9719
v  1.2675 0.0217 -2.9854
v  1.2699 0.0112 -2.9880
v  1.3052 0.0128 -2.9761
v  1.3112 0.0238 -2.9642
v  1.2982 0.0345 -2.9706
v  0.9910 0.1294 -2.6499
v  0.9992 0.1220 -2.6460
v  1.0024 0.1257 -2.6378
v  0.9928 0.1225 -2.6645
v  0.9908 0.1273 -2.6648
v  1.0236 0.1230 -2.6389
v  1.0233 0.1256 -2.6328
v  1.0029 0.1168 -2.6431
v  1.0247 0.1166 -2.6415
v  1.7338 0.2728 -2.5191
v  1.7138 0.2732 -2.5437
v  1.7173 0.2617 -2.5442
v  1.7357 0.2632 -2.5212
v  1.6918 0.2745 -2.5701
v  1.6950 0.2655 -2.5715
v  1.6907 0.2622 -2.5650
v  1.7112 0.2611 -2.5383
v  1.7304 0.2595 -2.5167
v  1.2576 0.0233 -2.9855
v  1.2724 0.0329 -2.9832
v  1.8534 0.3696 -2.5551
v  1.8462 0.3689 -2.5629
v  1.8542 0.3630 -2.5530
v  1.8454 0.3601 -2.5630
v  1.3119 0.1259 -2.6533
v  1.3130 0.1241 -2.6636
v  1.3168 0.1247 -2.6632
v  1.3164 0.1261 -2.6530
v  1.3145 0.1220 -2.6633
v  1.3136 0.1211 -2.6531
v  1.3172 0.1213 -2.6636
v  1.3184 0.1217 -2.6528
v  1.6536 0.2069 -2.2202
v  1.6550 0.1965 -2.2171
v  1.6626 0.2001 -2.2081
v  1.6587 0.2136 -2.2149
v  1.6507 0.2216 -2.2282
v  1.6473 0.2100 -2.2296
v  1.6458 0.1967 -2.2297
v  1.3109 0.1286 -2.6016
v  1.3111 0.1314 -2.5853
v  1.3054 0.1238 -2.5842
v  1.3103 0.1211 -2.6012
v  1.3030 0.1290 -2.5735
v  1.3111 0.1350 -2.5758
v  1.3194 0.1213 -2.6008
v  1.3210 0.1253 -2.5805
v  1.3186 0.1187 -2.5716
v  1.2949 0.1237 -2.5802
v  1.2992 0.1177 -2.5794
v  1.3172 0.1323 -2.5837
v  1.3206 0.1298 -2.5685
v  1.3166 0.1363 -2.5751
v  1.3281 0.1225 -2.5692
v  1.3277 0.1281 -2.5623
v  1.2928 0.1281 -2.5736
v  1.8665 0.2543 -2.5110
v  1.8713 0.2550 -2.5024
v  1.8681 0.2412 -2.5062
v  1.8628 0.2402 -2.5146
v  1.8654 0.2273 -2.5184
v  1.8665 0.2514 -2.5164
v  1.8564 0.2360 -2.5190
v  1.8573 0.2268 -2.5236
v  1.8622 0.2355 -2.5078
v  1.3426 0.1173 -2.5575
v  1.3420 0.1242 -2.5564
v  1.3010 0.1106 -2.5780
v  1.3186 0.1108 -2.5696
v  1.3416 0.1093 -2.5576
v  1.8057 0.2399 -2.4378
v  1.8172 0.2343 -2.4362
v  1.8146 0.2420 -2.4435
v  1.8079 0.2437 -2.4430
v  1.8003 0.2365 -2.4148
v  1.8084 0.2303 -2.4092
v  1.8329 0.2347 -2.4588
v  1.8375 0.2299 -2.4558
v  1.8719 0.2485 -2.5161
v  1.8712 0.2235 -2.5159
v  1.8524 0.2296 -2.5193
v  1.8611 0.2233 -2.5113
v  1.8579 0.2283 -2.5088
v  1.8634 0.2138 -2.5093
v  1.6406 0.1280 -2.2547
v  1.6276 0.1271 -2.2768
v  1.6353 0.1219 -2.2772
v  1.6457 0.1231 -2.2572
v  1.6426 0.1187 -2.2553
v  1.6285 0.1180 -2.2756
v  1.6105 0.1291 -2.2984
v  1.6146 0.1237 -2.3027
v  1.6313 0.1209 -2.2829
v  1.6125 0.1174 -2.3003
v  1.8663 0.1901 -2.5068
v  1.8635 0.1923 -2.5149
v  1.6718 0.0111 -2.2082
v  1.6770 0.0127 -2.2055
v  1.6769 0.0219 -2.2038
v  1.6699 0.0224 -2.2077
v  1.6823 0.0107 -2.2077
v  1.6770 0.0063 -2.2115
v  1.6844 0.0223 -2.2069
v  1.6771 0.1200 -2.2063
v  1.6832 0.1183 -2.2055
v  1.6897 0.1163 -2.2128
v  1.6831 0.1201 -2.2160
v  1.6830 0.1073 -2.2054
v  1.6755 0.1075 -2.2035
v  1.6894 0.1072 -2.2126
v  1.6735 0.1205 -2.2167
v  1.6692 0.1169 -2.2088
v  1.6810 0.1243 -2.2200
v  1.6753 0.1237 -2.2198
v  1.6897 0.1199 -2.2234
v  1.6856 0.1240 -2.2246
v  1.6950 0.1157 -2.2204
v  1.7714 0.1232 -2.3582
v  1.7772 0.1287 -2.3553
v  1.7626 0.1281 -2.3336
v  1.7569 0.1217 -2.3371
v  1.7439 0.1272 -2.3072
v  1.7404 0.1207 -2.3096
v  1.7453 0.1197 -2.3035
v  1.7614 0.1180 -2.3288
v  1.7758 0.1181 -2.3533
v  1.8624 0.1378 -2.5136
v  1.8592 0.1302 -2.5169
v  1.8598 0.1262 -2.5221
v  1.8631 0.1331 -2.5188
v  1.8645 0.1333 -2.5056
v  1.8667 0.1396 -2.5035
v  1.8540 0.1256 -2.5154
v  1.8606 0.1280 -2.5057
v  1.8583 0.1207 -2.5212
v  1.8506 0.1236 -2.5137
v  1.8519 0.1204 -2.5152
v  1.8650 0.1265 -2.5190
v  1.8686 0.1385 -2.5164
v  1.8645 0.1440 -2.5170
v  1.8617 0.1199 -2.5006
v  1.8710 0.1326 -2.5160
v  1.7903 0.1181 -2.3773
v  1.7855 0.1214 -2.3827
v  1.8044 0.1195 -2.4015
v  1.8021 0.1238 -2.4049
v  1.7923 0.1294 -2.3781
v  1.8086 0.1305 -2.4013
v  1.7811 0.0001 -2.4224
v  1.7678 0.0001 -2.4167
v  1.7731 0.0001 -2.4172
v  1.7873 0.0001 -2.4184
v  1.7537 0.0001 -2.4067
v  1.7457 0.0001 -2.4148
v  1.8567 0.1160 -2.4799
v  1.8580 0.1060 -2.4800
v  1.8680 0.1119 -2.4984
v  1.8556 0.1233 -2.4954
v  1.8548 0.1242 -2.5063
v  1.8521 0.1202 -2.4810
v  1.8805 0.0968 -2.5220
v  1.8813 0.1219 -2.5258
v  1.8751 0.1234 -2.5150
v  1.8755 0.0975 -2.5110
v  1.8682 0.0955 -2.4977
v  1.8579 0.0358 -2.5482
v  1.8514 0.0250 -2.5568
v  1.8490 0.0355 -2.5581
v  1.8543 0.0380 -2.5521
v  1.8407 0.0000 -2.5255
v  1.8374 0.0000 -2.5161
v  1.8266 0.0000 -2.5259
v  1.8348 0.0000 -2.5356
v  1.8493 0.0001 -2.5260
v  1.8472 0.0001 -2.5128
v  1.8436 0.0000 -2.5416
v  1.8811 0.0124 -2.5306
v  1.8695 0.0101 -2.5523
v  1.8681 0.0220 -2.5491
v  1.8814 0.0247 -2.5292
v  1.8786 0.0364 -2.5406
v  1.8812 0.0374 -2.5262
v  1.8708 0.0354 -2.5461
v  1.8618 0.0226 -2.5546
v  1.7660 0.0001 -2.4478
v  1.7903 0.0001 -2.4539
v  1.7192 0.0001 -2.4719
v  1.7467 0.0001 -2.4931
v  1.7353 0.0001 -2.4367
v  1.6985 0.0000 -2.5087
v  1.7218 0.0000 -2.5301
v  1.6666 0.0000 -2.4902
v  1.6835 0.0001 -2.4549
v  1.6980 0.0001 -2.4218
v  1.6524 0.0000 -2.4368
v  1.6701 0.0001 -2.4026
v  1.7130 0.0001 -2.3946
v  1.6905 0.0001 -2.3729
v  1.7295 0.0001 -2.3772
v  1.7100 0.0001 -2.3534
v  1.7255 0.0001 -2.3416
v  1.7448 0.0001 -2.3665
v  1.7671 0.0001 -2.3912
v  1.7870 0.0001 -2.4210
v  1.7561 0.0002 -2.3594
v  1.7756 0.0004 -2.3848
v  1.7959 0.0004 -2.4136
v  1.8040 0.0004 -2.4290
v  1.7913 0.0001 -2.4264
v  1.8018 0.0017 -2.4064
v  1.7838 0.0014 -2.3793
v  1.8128 0.0013 -2.4258
v  1.8153 0.0003 -2.4512
v  1.8250 0.0006 -2.4480
v  1.8200 0.0054 -2.4225
v  1.8072 0.0062 -2.4010
v  1.8330 0.0049 -2.4453
v  1.8390 0.0004 -2.4738
v  1.8472 0.0036 -2.4702
v  1.8228 0.0147 -2.4216
v  1.8370 0.0140 -2.4448
v  1.8517 0.0123 -2.4693
v  1.8580 0.0026 -2.4915
v  1.8635 0.0097 -2.4902
v  1.8381 0.0246 -2.4460
v  1.8528 0.0226 -2.4705
v  1.8649 0.0196 -2.4914
v  1.8732 0.0064 -2.5082
v  1.8754 0.0160 -2.5101
v  1.8537 0.0337 -2.4719
v  1.8657 0.0305 -2.4928
v  1.8760 0.0269 -2.5113
v  1.8760 0.0399 -2.5116
v  1.8665 0.0434 -2.4943
v  1.8759 0.0556 -2.5114
v  1.8671 0.0592 -2.4953
v  1.8808 0.0522 -2.5237
v  1.8807 0.0504 -2.5362
v  1.8806 0.0724 -2.5220
v  1.8755 0.0750 -2.5107
v  1.8812 0.0698 -2.5338
v  1.8774 0.0930 -2.5431
v  1.8815 0.0942 -2.5335
v  1.8770 0.0681 -2.5433
v  1.8747 0.0493 -2.5445
v  1.8681 0.0666 -2.5469
v  1.8666 0.0488 -2.5469
v  1.8648 0.0355 -2.5460
v  1.8595 0.0482 -2.5466
v  1.8561 0.0239 -2.5567
v  1.8399 0.0239 -2.5751
v  1.8359 0.0285 -2.5726
v  1.8454 0.0211 -2.5784
v  1.8219 0.0214 -2.6030
v  1.8166 0.0243 -2.5987
v  1.8247 0.0154 -2.6048
v  1.8478 0.0167 -2.5789
v  1.8248 0.0078 -2.6042
v  1.8478 0.0080 -2.5786
v  1.8222 0.0017 -2.6007
v  1.8447 0.0021 -2.5762
v  1.8654 0.0027 -2.5523
v  1.8587 0.0003 -2.5496
v  1.8395 0.0003 -2.5712
v  1.8684 0.0006 -2.5288
v  1.8766 0.0034 -2.5302
v  1.8661 0.0011 -2.5093
v  1.8587 0.0001 -2.5274
v  1.8568 0.0002 -2.5112
v  1.8498 0.0004 -2.4948
v  1.8410 0.0001 -2.4987
v  1.8302 0.0002 -2.4780
v  1.8208 0.0001 -2.4831
v  1.8316 0.0001 -2.5038
v  1.8035 0.0002 -2.4543
v  1.8075 0.0001 -2.4912
v  1.7904 0.0000 -2.5002
v  1.8039 0.0000 -2.5273
v  1.8189 0.0000 -2.5130
v  1.7689 0.0000 -2.5268
v  1.7824 0.0000 -2.5495
v  1.7416 0.0000 -2.5567
v  1.7562 0.0000 -2.5774
v  1.7125 0.0001 -2.5871
v  1.7291 0.0001 -2.6069
v  1.6924 0.0001 -2.5630
v  1.6629 0.0001 -2.5906
v  1.6840 0.0001 -2.6148
v  1.6711 0.0000 -2.5409
v  1.6411 0.0001 -2.5661
v  1.6443 0.0000 -2.5173
v  1.6175 0.0000 -2.5406
v  1.6145 0.0000 -2.4903
v  1.5914 0.0000 -2.5129
v  1.6342 0.0000 -2.4667
v  1.5899 0.0000 -2.4646
v  1.6102 0.0000 -2.4402
v  1.6297 0.0000 -2.4133
v  1.5959 0.0000 -2.4246
v  1.6162 0.0000 -2.3975
v  1.6504 0.0001 -2.3823
v  1.6366 0.0001 -2.3673
v  1.6723 0.0001 -2.3522
v  1.6574 0.0001 -2.3371
v  1.6913 0.0001 -2.3302
v  1.6759 0.0001 -2.3130
v  1.7069 0.0001 -2.3167
v  1.6904 0.0001 -2.2960
v  1.7186 0.0002 -2.3086
v  1.7014 0.0002 -2.2859
v  1.7368 0.0002 -2.3342
v  1.7281 0.0005 -2.3030
v  1.7466 0.0006 -2.3283
v  1.7654 0.0008 -2.3536
v  1.7547 0.0036 -2.3233
v  1.7727 0.0048 -2.3490
v  1.7902 0.0058 -2.3751
v  1.7760 0.0134 -2.3468
v  1.7928 0.0147 -2.3734
v  1.8089 0.0152 -2.3991
v  1.7930 0.0253 -2.3731
v  1.8089 0.0258 -2.3986
v  1.8233 0.0256 -2.4220
v  1.8089 0.0371 -2.3985
v  1.8237 0.0372 -2.4225
v  1.8389 0.0362 -2.4473
v  1.8240 0.0509 -2.4231
v  1.8398 0.0498 -2.4487
v  1.8546 0.0470 -2.4735
v  1.8407 0.0649 -2.4501
v  1.8556 0.0626 -2.4752
v  1.8414 0.0785 -2.4512
v  1.8567 0.0784 -2.4770
v  1.8677 0.0769 -2.4965
v  1.8575 0.0930 -2.4785
v  1.8419 0.0908 -2.4521
v  1.8422 0.1018 -2.4530
v  1.8252 0.1017 -2.4257
v  1.8249 0.0912 -2.4250
v  1.8254 0.1118 -2.4268
v  1.8428 0.1119 -2.4545
v  1.8230 0.1198 -2.4297
v  1.8399 0.1193 -2.4564
v  1.8214 0.1248 -2.4311
v  1.8399 0.1258 -2.4569
v  1.8533 0.1257 -2.4801
v  1.8444 0.1313 -2.4547
v  1.8577 0.1305 -2.4781
v  1.8585 0.1260 -2.4940
v  1.8633 0.1297 -2.4933
v  1.8563 0.1250 -2.5047
v  1.8672 0.1340 -2.4927
v  1.8620 0.1366 -2.4766
v  1.8690 0.1416 -2.4909
v  1.8637 0.1440 -2.4761
v  1.8699 0.1520 -2.4893
v  1.8645 0.1547 -2.4750
v  1.8695 0.1501 -2.5010
v  1.8709 0.1671 -2.4981
v  1.8695 0.1689 -2.4874
v  1.8669 0.1648 -2.5074
v  1.8652 0.1478 -2.5100
v  1.8638 0.1626 -2.5144
v  1.8697 0.1915 -2.5161
v  1.8697 0.1604 -2.5160
v  1.8775 0.1889 -2.5182
v  1.8764 0.1568 -2.5173
v  1.8814 0.1880 -2.5248
v  1.8802 0.1548 -2.5221
v  1.8817 0.1875 -2.5330
v  1.8819 0.1536 -2.5311
v  1.8801 0.1542 -2.5393
v  1.8793 0.1870 -2.5409
v  1.8811 0.1221 -2.5361
v  1.8760 0.1220 -2.5442
v  1.8741 0.1540 -2.5454
v  1.8668 0.1217 -2.5469
v  1.8650 0.1536 -2.5466
v  1.8682 0.0922 -2.5469
v  1.8576 0.1212 -2.5471
v  1.8585 0.0913 -2.5464
v  1.8593 0.0651 -2.5463
v  1.8522 0.0901 -2.5536
v  1.8534 0.0634 -2.5529
v  1.8543 0.0476 -2.5522
v  1.8478 0.0474 -2.5596
v  1.8464 0.0617 -2.5609
v  1.8356 0.0482 -2.5737
v  1.8348 0.0606 -2.5741
v  1.8359 0.0375 -2.5732
v  1.8140 0.0397 -2.5977
v  1.8136 0.0498 -2.5980
v  1.8141 0.0304 -2.5971
v  1.7897 0.0308 -2.6243
v  1.7894 0.0401 -2.6248
v  1.7917 0.0244 -2.6255
v  1.7663 0.0242 -2.6536
v  1.7640 0.0303 -2.6519
v  1.7715 0.0212 -2.6579
v  1.7969 0.0215 -2.6296
v  1.7740 0.0145 -2.6597
v  1.7999 0.0152 -2.6316
v  1.7737 0.0070 -2.6586
v  1.7999 0.0077 -2.6307
v  1.7706 0.0014 -2.6549
v  1.7972 0.0019 -2.6273
v  1.7657 0.0003 -2.6494
v  1.7924 0.0005 -2.6218
v  1.8174 0.0004 -2.5953
v  1.7874 0.0003 -2.6161
v  1.8122 0.0002 -2.5895
v  1.8342 0.0001 -2.5657
v  1.8071 0.0001 -2.5833
v  1.8286 0.0000 -2.5599
v  1.8513 0.0001 -2.5457
v  1.8010 0.0001 -2.5757
v  1.8219 0.0000 -2.5523
v  1.7922 0.0000 -2.5642
v  1.8130 0.0000 -2.5412
v  1.7668 0.0000 -2.5914
v  1.7759 0.0001 -2.6026
v  1.7401 0.0001 -2.6201
v  1.7492 0.0001 -2.6305
v  1.7127 0.0001 -2.6478
v  1.7212 0.0001 -2.6575
v  1.7019 0.0002 -2.6355
v  1.6740 0.0002 -2.6624
v  1.6842 0.0002 -2.6742
v  1.6557 0.0001 -2.6408
v  1.6274 0.0001 -2.6658
v  1.6446 0.0002 -2.6869
v  1.6064 0.0001 -2.6395
v  1.6346 0.0001 -2.6156
v  1.5848 0.0001 -2.6123
v  1.6127 0.0001 -2.5895
v  1.5630 0.0001 -2.5849
v  1.5901 0.0001 -2.5628
v  1.5407 0.0001 -2.5573
v  1.5665 0.0001 -2.5354
v  1.5209 0.0001 -2.5333
v  1.5451 0.0001 -2.5112
v  1.5683 0.0000 -2.4883
v  1.5307 0.0001 -2.4950
v  1.5533 0.0001 -2.4723
v  1.5750 0.0000 -2.4490
v  1.5417 0.0001 -2.4600
v  1.5634 0.0001 -2.4372
v  1.5844 0.0001 -2.4131
v  1.5543 0.0002 -2.4281
v  1.5751 0.0001 -2.4042
v  1.6045 0.0001 -2.3857
v  1.5952 0.0001 -2.3771
v  1.6241 0.0001 -2.3558
v  1.6148 0.0002 -2.3481
v  1.6444 0.0001 -2.3259
v  1.6346 0.0002 -2.3185
v  1.6625 0.0001 -2.3003
v  1.6524 0.0002 -2.2921
v  1.6770 0.0001 -2.2810
v  1.6667 0.0002 -2.2714
v  1.6884 0.0002 -2.2684
v  1.6779 0.0001 -2.2565
v  1.6969 0.0003 -2.2613
v  1.6868 0.0002 -2.2478
v  1.7106 0.0003 -2.2795
v  1.7052 0.0013 -2.2549
v  1.7194 0.0019 -2.2739
v  1.7370 0.0026 -2.2979
v  1.7259 0.0081 -2.2697
v  1.7427 0.0096 -2.2946
v  1.7592 0.0116 -2.3206
v  1.7438 0.0200 -2.2941
v  1.7600 0.0219 -2.3202
v  1.7764 0.0238 -2.3465
v  1.7600 0.0326 -2.3202
v  1.7765 0.0344 -2.3465
v  1.7930 0.0362 -2.3731
v  1.7765 0.0478 -2.3467
v  1.7931 0.0497 -2.3733
v  1.8089 0.0509 -2.3986
v  1.7932 0.0637 -2.3736
v  1.8090 0.0651 -2.3989
v  1.8243 0.0653 -2.4236
v  1.8091 0.0787 -2.3992
v  1.8246 0.0791 -2.4243
v  1.8092 0.0910 -2.3995
v  1.7935 0.0894 -2.3745
v  1.7933 0.0771 -2.3740
v  1.7936 0.1001 -2.3752
v  1.8090 0.1018 -2.3997
v  1.7930 0.1101 -2.3755
v  1.8084 0.1119 -2.4001
v  1.7770 0.1089 -2.3498
v  1.7770 0.0986 -2.3485
v  1.7615 0.1083 -2.3247
v  1.7609 0.0973 -2.3226
v  1.7462 0.1079 -2.3001
v  1.7457 0.0963 -2.2985
v  1.7304 0.1064 -2.2753
v  1.7300 0.0955 -2.2736
v  1.7298 0.1157 -2.2777
v  1.7136 0.1144 -2.2503
v  1.7140 0.1051 -2.2499
v  1.7087 0.1198 -2.2533
v  1.7239 0.1201 -2.2809
v  1.7251 0.1265 -2.2791
v  1.7078 0.1256 -2.2538
v  1.7131 0.1315 -2.2501
v  1.7315 0.1334 -2.2748
v  1.7497 0.1346 -2.3015
v  1.7525 0.1447 -2.2991
v  1.7349 0.1428 -2.2715
v  1.7695 0.1456 -2.3258
v  1.7673 0.1351 -2.3284
v  1.7827 0.1360 -2.3514
v  1.7854 0.1466 -2.3506
v  1.7990 0.1374 -2.3761
v  1.8015 0.1479 -2.3753
v  1.8150 0.1387 -2.4001
v  1.8173 0.1493 -2.3998
v  1.8315 0.1389 -2.4254
v  1.8336 0.1490 -2.4250
v  1.8269 0.1310 -2.4278
v  1.8485 0.1382 -2.4529
v  1.8506 0.1468 -2.4523
v  1.8522 0.1583 -2.4521
v  1.8354 0.1610 -2.4249
v  1.8524 0.1736 -2.4521
v  1.8359 0.1754 -2.4252
v  1.8642 0.1711 -2.4740
v  1.8630 0.1910 -2.4729
v  1.8509 0.1912 -2.4516
v  1.8681 0.1906 -2.4865
v  1.8660 0.2087 -2.4872
v  1.8594 0.2075 -2.4724
v  1.8700 0.1899 -2.4973
v  1.8676 0.2100 -2.4990
v  1.8630 0.2203 -2.4873
v  1.8650 0.2215 -2.5002
v  1.8601 0.2278 -2.4994
v  1.8580 0.2275 -2.4884
v  1.8585 0.2321 -2.4990
v  1.8555 0.2326 -2.4891
v  1.8568 0.2329 -2.5072
v  1.8643 0.2342 -2.4979
v  1.8520 0.2336 -2.5178
v  1.8613 0.2360 -2.4861
v  1.8718 0.2415 -2.4960
v  1.8655 0.2444 -2.4832
v  1.8716 0.2561 -2.4923
v  1.8644 0.2574 -2.4818
v  1.8686 0.2742 -2.4891
v  1.8613 0.2734 -2.4797
v  1.8719 0.2741 -2.4986
v  1.8694 0.2967 -2.4962
v  1.8651 0.2954 -2.4869
v  1.8670 0.2977 -2.5051
v  1.8680 0.2730 -2.5071
v  1.8649 0.2730 -2.5137
v  1.8631 0.2984 -2.5128
v  1.8694 0.2735 -2.5160
v  1.8668 0.2996 -2.5164
v  1.8767 0.2746 -2.5184
v  1.8746 0.3008 -2.5170
v  1.8777 0.2489 -2.5195
v  1.8810 0.2752 -2.5251
v  1.8813 0.2488 -2.5263
v  1.8778 0.2213 -2.5191
v  1.8815 0.2201 -2.5260
v  1.8814 0.2486 -2.5341
v  1.8814 0.2194 -2.5340
v  1.8788 0.2485 -2.5417
v  1.8789 0.2189 -2.5416
v  1.8722 0.2485 -2.5462
v  1.8722 0.2185 -2.5462
v  1.8728 0.1864 -2.5460
v  1.8642 0.2181 -2.5463
v  1.8647 0.1863 -2.5465
v  1.8563 0.2177 -2.5490
v  1.8570 0.1861 -2.5488
v  1.8568 0.1532 -2.5476
v  1.8504 0.1855 -2.5561
v  1.8506 0.1527 -2.5552
v  1.8512 0.1206 -2.5546
v  1.8427 0.1522 -2.5643
v  1.8434 0.1197 -2.5637
v  1.8448 0.0887 -2.5622
v  1.8320 0.1186 -2.5770
v  1.8337 0.0868 -2.5751
v  1.8116 0.1168 -2.5995
v  1.8127 0.0836 -2.5990
v  1.8131 0.0612 -2.5983
v  1.7885 0.0610 -2.6255
v  1.7880 0.0813 -2.6263
v  1.7890 0.0499 -2.6252
v  1.7634 0.0486 -2.6524
v  1.7627 0.0595 -2.6526
v  1.7638 0.0392 -2.6522
v  1.7369 0.0382 -2.6793
v  1.7366 0.0475 -2.6795
v  1.7370 0.0297 -2.6789
v  1.7095 0.0368 -2.7064
v  1.7099 0.0287 -2.7066
v  1.7131 0.0238 -2.7094
v  1.7401 0.0241 -2.6815
v  1.7174 0.0196 -2.7133
v  1.7447 0.0202 -2.6857
v  1.7191 0.0127 -2.7145
v  1.7466 0.0134 -2.6871
v  1.7183 0.0055 -2.7132
v  1.7461 0.0061 -2.6859
v  1.7146 0.0010 -2.7090
v  1.7429 0.0011 -2.6820
v  1.7097 0.0003 -2.7034
v  1.7379 0.0002 -2.6764
v  1.7046 0.0003 -2.6976
v  1.7329 0.0002 -2.6707
v  1.7606 0.0002 -2.6436
v  1.7278 0.0001 -2.6649
v  1.7555 0.0001 -2.6377
v  1.7822 0.0001 -2.6100
v  1.6995 0.0002 -2.6917
v  1.6927 0.0002 -2.6840
v  1.6647 0.0002 -2.7110
v  1.6715 0.0002 -2.7189
v  1.6558 0.0002 -2.7004
v  1.6272 0.0002 -2.7258
v  1.6361 0.0002 -2.7368
v  1.6153 0.0002 -2.7108
v  1.5860 0.0001 -2.7346
v  1.5977 0.0002 -2.7505
v  1.5695 0.0001 -2.7121
v  1.5987 0.0001 -2.6895
v  1.5495 0.0001 -2.6844
v  1.5781 0.0001 -2.6623
v  1.5290 0.0001 -2.6560
v  1.5570 0.0001 -2.6345
v  1.5085 0.0001 -2.6275
v  1.5358 0.0001 -2.6065
v  1.4880 0.0001 -2.5987
v  1.5146 0.0001 -2.5786
v  1.4706 0.0001 -2.5746
v  1.4960 0.0001 -2.5544
v  1.4577 0.0000 -2.5567
v  1.4824 0.0001 -2.5369
v  1.5071 0.0001 -2.5167
v  1.4713 0.0001 -2.5228
v  1.4957 0.0001 -2.5031
v  1.5192 0.0001 -2.4822
v  1.4871 0.0002 -2.4929
v  1.5101 0.0002 -2.4722
v  1.5325 0.0002 -2.4504
v  1.5036 0.0003 -2.4649
v  1.5257 0.0003 -2.4433
v  1.5472 0.0003 -2.4210
v  1.5192 0.0009 -2.4365
v  1.5404 0.0010 -2.4144
v  1.5677 0.0003 -2.3973
v  1.5607 0.0011 -2.3908
v  1.5876 0.0003 -2.3704
v  1.5804 0.0014 -2.3642
v  1.6070 0.0004 -2.3420
v  1.5995 0.0013 -2.3363
v  1.6265 0.0004 -2.3129
v  1.6187 0.0014 -2.3076
v  1.6363 0.0007 -2.2810
v  1.6444 0.0003 -2.2863
v  1.6587 0.0003 -2.2649
v  1.6511 0.0006 -2.2591
v  1.6692 0.0002 -2.2489
v  1.6614 0.0006 -2.2433
v  1.6780 0.0002 -2.2382
v  1.6698 0.0005 -2.2312
v  1.6856 0.0006 -2.2307
v  1.6773 0.0011 -2.2223
v  1.6948 0.0009 -2.2414
v  1.6926 0.0037 -2.2250
v  1.7016 0.0051 -2.2363
v  1.7120 0.0068 -2.2501
v  1.7042 0.0147 -2.2341
v  1.7137 0.0168 -2.2487
v  1.7272 0.0184 -2.2688
v  1.7138 0.0278 -2.2484
v  1.7272 0.0295 -2.2687
v  1.7438 0.0310 -2.2944
v  1.7274 0.0424 -2.2691
v  1.7439 0.0439 -2.2947
v  1.7600 0.0457 -2.3202
v  1.7442 0.0581 -2.2952
v  1.7601 0.0598 -2.3204
v  1.7766 0.0618 -2.3470
v  1.7602 0.0733 -2.3208
v  1.7768 0.0751 -2.3474
v  1.7604 0.0858 -2.3214
v  1.7769 0.0874 -2.3479
v  1.7452 0.0845 -2.2973
v  1.7446 0.0719 -2.2961
v  1.7292 0.0835 -2.2722
v  1.7285 0.0706 -2.2709
v  1.7137 0.0825 -2.2486
v  1.7138 0.0691 -2.2484
v  1.7141 0.0945 -2.2493
v  1.7028 0.0943 -2.2321
v  1.7032 0.0820 -2.2325
v  1.7022 0.1050 -2.2316
v  1.6954 0.0951 -2.2207
v  1.6951 0.1065 -2.2204
v  1.7016 0.1143 -2.2316
v  1.6964 0.1197 -2.2339
v  1.6933 0.1244 -2.2347
v  1.6981 0.1296 -2.2305
v  1.6887 0.1285 -2.2196
v  1.6921 0.1340 -2.2145
v  1.7028 0.1365 -2.2267
v  1.7175 0.1400 -2.2466
v  1.7046 0.1458 -2.2244
v  1.7190 0.1504 -2.2448
v  1.7360 0.1536 -2.2698
v  1.7195 0.1622 -2.2432
v  1.7364 0.1653 -2.2688
v  1.7539 0.1556 -2.2978
v  1.7543 0.1674 -2.2972
v  1.7710 0.1574 -2.3245
v  1.7717 0.1701 -2.3242
v  1.7871 0.1589 -2.3501
v  1.7878 0.1725 -2.3503
v  1.8031 0.1603 -2.3749
v  1.8035 0.1742 -2.3753
v  1.8190 0.1613 -2.3995
v  1.8194 0.1753 -2.4000
v  1.8032 0.1898 -2.3765
v  1.8191 0.1904 -2.4009
v  1.8349 0.1907 -2.4259
v  1.8180 0.2043 -2.4024
v  1.8330 0.2048 -2.4268
v  1.8474 0.2062 -2.4512
v  1.8435 0.2189 -2.4517
v  1.8293 0.2193 -2.4286
v  1.8560 0.2193 -2.4726
v  1.8515 0.2281 -2.4742
v  1.8476 0.2339 -2.4764
v  1.8510 0.2393 -2.4738
v  1.8342 0.2426 -2.4575
v  1.8527 0.2476 -2.4708
v  1.8361 0.2507 -2.4568
v  1.8515 0.2593 -2.4700
v  1.8368 0.2617 -2.4576
v  1.8498 0.2740 -2.4694
v  1.8365 0.2755 -2.4585
v  1.8471 0.2937 -2.4689
v  1.8353 0.2942 -2.4591
v  1.8575 0.2943 -2.4781
v  1.8451 0.3207 -2.4696
v  1.8547 0.3217 -2.4778
v  1.8621 0.3232 -2.4861
v  1.8523 0.3512 -2.4787
v  1.8597 0.3526 -2.4865
v  1.8673 0.3250 -2.4947
v  1.8646 0.3262 -2.5047
v  1.8610 0.3268 -2.5129
v  1.8644 0.3281 -2.5174
v  1.8610 0.3551 -2.5190
v  1.8721 0.3293 -2.5160
v  1.8695 0.3563 -2.5163
v  1.8773 0.3563 -2.5190
v  1.8788 0.3301 -2.5206
v  1.8802 0.3020 -2.5230
v  1.8817 0.3031 -2.5312
v  1.8815 0.3310 -2.5286
v  1.8817 0.2757 -2.5330
v  1.8793 0.2763 -2.5408
v  1.8801 0.3040 -2.5393
v  1.8731 0.2770 -2.5459
v  1.8745 0.3049 -2.5453
v  1.8643 0.2780 -2.5465
v  1.8662 0.3064 -2.5468
v  1.8639 0.2486 -2.5465
v  1.8565 0.2487 -2.5498
v  1.8567 0.2788 -2.5492
v  1.8498 0.2488 -2.5573
v  1.8502 0.2796 -2.5568
v  1.8498 0.2175 -2.5568
v  1.8423 0.2489 -2.5663
v  1.8424 0.2172 -2.5658
v  1.8429 0.1849 -2.5652
v  1.8304 0.2168 -2.5793
v  1.8306 0.1842 -2.5789
v  1.8307 0.1514 -2.5780
v  1.8095 0.1834 -2.6017
v  1.8104 0.1501 -2.6006
v  1.7858 0.1486 -2.6277
v  1.7848 0.1822 -2.6287
v  1.7868 0.1147 -2.6268
v  1.7600 0.1472 -2.6548
v  1.7611 0.1131 -2.6541
v  1.7624 0.0803 -2.6535
v  1.7358 0.0791 -2.6805
v  1.7345 0.1117 -2.6812
v  1.7360 0.0582 -2.6795
v  1.7085 0.0575 -2.7066
v  1.7084 0.0784 -2.7076
v  1.7092 0.0464 -2.7066
v  1.6808 0.0462 -2.7335
v  1.6803 0.0577 -2.7335
v  1.6811 0.0362 -2.7333
v  1.6518 0.0370 -2.7591
v  1.6516 0.0467 -2.7593
v  1.6520 0.0288 -2.7591
v  1.6814 0.0282 -2.7332
v  1.6556 0.0237 -2.7628
v  1.6849 0.0236 -2.7366
v  1.6602 0.0200 -2.7674
v  1.6893 0.0195 -2.7408
v  1.6615 0.0127 -2.7686
v  1.6907 0.0127 -2.7417
v  1.6605 0.0053 -2.7671
v  1.6898 0.0055 -2.7403
v  1.6570 0.0010 -2.7626
v  1.6862 0.0011 -2.7360
v  1.6523 0.0002 -2.7568
v  1.6814 0.0004 -2.7304
v  1.6475 0.0002 -2.7509
v  1.6765 0.0003 -2.7247
v  1.6427 0.0002 -2.7450
v  1.6129 0.0003 -2.7703
v  1.6175 0.0004 -2.7763
v  1.6065 0.0002 -2.7621
v  1.5756 0.0002 -2.7856
v  1.5816 0.0003 -2.7941
v  1.5673 0.0001 -2.7739
v  1.5428 0.0001 -2.8066
v  1.5352 0.0001 -2.7949
v  1.5247 0.0000 -2.7788
v  1.5559 0.0001 -2.7574
v  1.5092 0.0001 -2.7547
v  1.5397 0.0000 -2.7339
v  1.4908 0.0001 -2.7259
v  1.5205 0.0001 -2.7058
v  1.4718 0.0001 -2.6962
v  1.5007 0.0001 -2.6766
v  1.4530 0.0001 -2.6663
v  1.4809 0.0001 -2.6475
v  1.4342 0.0001 -2.6362
v  1.4612 0.0001 -2.6179
v  1.4183 0.0001 -2.6109
v  1.4448 0.0001 -2.5936
v  1.4068 0.0001 -2.5926
v  1.4324 0.0000 -2.5753
v  1.3970 0.0001 -2.5772
v  1.4221 0.0001 -2.5600
v  1.4469 0.0001 -2.5417
v  1.4144 0.0002 -2.5488
v  1.4393 0.0001 -2.5314
v  1.4635 0.0002 -2.5131
v  1.4571 0.0004 -2.5054
v  1.4333 0.0003 -2.5234
v  1.4809 0.0004 -2.4855
v  1.4512 0.0010 -2.4981
v  1.4750 0.0013 -2.4785
v  1.4974 0.0010 -2.4581
v  1.4699 0.0047 -2.4724
v  1.4922 0.0046 -2.4524
v  1.5137 0.0043 -2.4309
v  1.4900 0.0125 -2.4499
v  1.5117 0.0125 -2.4286
v  1.5348 0.0046 -2.4087
v  1.5325 0.0130 -2.4063
v  1.5551 0.0054 -2.3856
v  1.5530 0.0135 -2.3832
v  1.5745 0.0052 -2.3591
v  1.5727 0.0135 -2.3570
v  1.5931 0.0055 -2.3313
v  1.5914 0.0139 -2.3295
v  1.6124 0.0058 -2.3033
v  1.6101 0.0141 -2.3014
v  1.6294 0.0047 -2.2764
v  1.6270 0.0135 -2.2745
v  1.6446 0.0043 -2.2542
v  1.6423 0.0130 -2.2521
v  1.6549 0.0037 -2.2388
v  1.6522 0.0124 -2.2368
v  1.6593 0.0118 -2.2247
v  1.6630 0.0035 -2.2266
v  1.6652 0.0117 -2.2151
v  1.6706 0.0039 -2.2173
v  1.6841 0.0042 -2.2167
v  1.6896 0.0115 -2.2133
v  1.6964 0.0126 -2.2224
v  1.6908 0.0231 -2.2135
v  1.6968 0.0242 -2.2223
v  1.7042 0.0260 -2.2337
v  1.6968 0.0375 -2.2225
v  1.7040 0.0387 -2.2334
v  1.7138 0.0405 -2.2483
v  1.7037 0.0533 -2.2330
v  1.7138 0.0549 -2.2484
v  1.7279 0.0566 -2.2698
v  1.7036 0.0682 -2.2329
v  1.6965 0.0675 -2.2221
v  1.6967 0.0522 -2.2224
v  1.6961 0.0818 -2.2215
v  1.6909 0.0670 -2.2139
v  1.6905 0.0818 -2.2134
v  1.6899 0.0953 -2.2128
v  1.6842 0.0818 -2.2065
v  1.6837 0.0950 -2.2061
v  1.6760 0.0947 -2.2034
v  1.6762 0.0814 -2.2034
v  1.6694 0.0940 -2.2085
v  1.6691 0.0808 -2.2084
v  1.6694 0.1063 -2.2085
v  1.6643 0.1049 -2.2157
v  1.6641 0.0929 -2.2160
v  1.6645 0.1154 -2.2155
v  1.6594 0.1135 -2.2236
v  1.6592 0.1033 -2.2240
v  1.6677 0.1204 -2.2192
v  1.6613 0.1200 -2.2252
v  1.6696 0.1237 -2.2211
v  1.6635 0.1238 -2.2268
v  1.6679 0.1275 -2.2169
v  1.6603 0.1283 -2.2233
v  1.6750 0.1272 -2.2148
v  1.6746 0.1314 -2.2084
v  1.6656 0.1325 -2.2116
v  1.6819 0.1275 -2.2154
v  1.6834 0.1320 -2.2090
v  1.6848 0.1389 -2.2033
v  1.6741 0.1388 -2.2026
v  1.6945 0.1421 -2.2111
v  1.6850 0.1514 -2.2002
v  1.6949 0.1535 -2.2092
v  1.7054 0.1572 -2.2229
v  1.6949 0.1689 -2.2088
v  1.7053 0.1722 -2.2219
v  1.7189 0.1770 -2.2421
v  1.7044 0.1912 -2.2221
v  1.7174 0.1951 -2.2419
v  1.7357 0.1797 -2.2684
v  1.7344 0.1967 -2.2685
v  1.7538 0.1817 -2.2971
v  1.7527 0.1975 -2.2976
v  1.7715 0.1850 -2.3248
v  1.7703 0.2001 -2.3262
v  1.7875 0.1884 -2.3515
v  1.7865 0.2026 -2.3534
v  1.8023 0.2037 -2.3784
v  1.7850 0.2151 -2.3558
v  1.8005 0.2165 -2.3809
v  1.8151 0.2174 -2.4049
v  1.7971 0.2278 -2.3847
v  1.7749 0.2354 -2.3659
v  1.7825 0.2272 -2.3590
v  1.7895 0.2353 -2.3913
v  1.7643 0.2425 -2.3754
v  1.7793 0.2420 -2.3996
v  1.7898 0.2420 -2.4204
v  1.7641 0.2482 -2.4126
v  1.7735 0.2478 -2.4289
v  1.7812 0.2475 -2.4415
v  1.7975 0.2427 -2.4378
v  1.7882 0.2474 -2.4510
v  1.8014 0.2434 -2.4453
v  1.7931 0.2497 -2.4565
v  1.8026 0.2489 -2.4467
v  1.8089 0.2487 -2.4428
v  1.8105 0.2554 -2.4424
v  1.8017 0.2552 -2.4458
v  1.8184 0.2468 -2.4432
v  1.8219 0.2543 -2.4454
v  1.8114 0.2648 -2.4423
v  1.8240 0.2640 -2.4474
v  1.8242 0.2771 -2.4487
v  1.8113 0.2779 -2.4434
v  1.8236 0.2954 -2.4501
v  1.8109 0.2962 -2.4455
v  1.8233 0.3216 -2.4527
v  1.8108 0.3218 -2.4496
v  1.8343 0.3208 -2.4608
v  1.8236 0.3512 -2.4564
v  1.8341 0.3505 -2.4633
v  1.8438 0.3504 -2.4711
v  1.8424 0.3782 -2.4725
v  1.8337 0.3788 -2.4655
v  1.8504 0.3781 -2.4796
v  1.8490 0.3999 -2.4805
v  1.8414 0.4005 -2.4738
v  1.8563 0.3995 -2.4875
v  1.8579 0.3785 -2.4871
v  1.8545 0.4149 -2.4874
v  1.8481 0.4152 -2.4810
v  1.8601 0.4148 -2.4946
v  1.8579 0.4270 -2.4938
v  1.8527 0.4274 -2.4871
v  1.8574 0.4261 -2.5026
v  1.8586 0.4137 -2.5038
v  1.8529 0.4254 -2.5118
v  1.8542 0.4139 -2.5126
v  1.8456 0.4155 -2.5248
v  1.8450 0.4251 -2.5240
v  1.8450 0.4057 -2.5264
v  1.8336 0.4161 -2.5408
v  1.8328 0.4075 -2.5422
v  1.8433 0.3973 -2.5292
v  1.8316 0.3990 -2.5439
v  1.8336 0.3939 -2.5472
v  1.8147 0.3996 -2.5669
v  1.8170 0.3968 -2.5699
v  1.8375 0.3994 -2.5500
v  1.8221 0.4016 -2.5740
v  1.8434 0.4030 -2.5548
v  1.8277 0.4037 -2.5790
v  1.8500 0.4030 -2.5611
v  1.8335 0.4018 -2.5847
v  1.8597 0.4033 -2.5450
v  1.8660 0.4004 -2.5501
v  1.8552 0.3982 -2.5664
v  1.8376 0.3956 -2.5888
v  1.8387 0.3874 -2.5900
v  1.8161 0.3933 -2.6136
v  1.8164 0.3851 -2.6142
v  1.8371 0.3795 -2.5883
v  1.8145 0.3777 -2.6124
v  1.8097 0.3732 -2.6075
v  1.8332 0.3741 -2.5843
v  1.8305 0.3668 -2.5815
v  1.8078 0.3652 -2.6056
v  1.8299 0.3576 -2.5808
v  1.8075 0.3558 -2.6054
v  1.8297 0.3472 -2.5805
v  1.8073 0.3455 -2.6053
v  1.8449 0.3495 -2.5631
v  1.8441 0.3350 -2.5639
v  1.8297 0.3343 -2.5805
v  1.8519 0.3345 -2.5546
v  1.8531 0.3513 -2.5535
v  1.8586 0.3338 -2.5471
v  1.8608 0.3526 -2.5464
v  1.8686 0.3332 -2.5468
v  1.8697 0.3539 -2.5468
v  1.8763 0.3326 -2.5445
v  1.8777 0.3551 -2.5432
v  1.8809 0.3318 -2.5373
v  1.8811 0.3557 -2.5353
v  1.8811 0.3735 -2.5338
v  1.8812 0.3560 -2.5265
v  1.8805 0.3743 -2.5247
v  1.8758 0.3750 -2.5181
v  1.8673 0.3758 -2.5165
v  1.8578 0.3750 -2.5211
v  1.8578 0.3082 -2.5483
v  1.8510 0.3096 -2.5558
v  1.8433 0.3110 -2.5650
v  1.8425 0.2805 -2.5659
v  1.8295 0.2815 -2.5805
v  1.8295 0.3131 -2.5806
v  1.8300 0.2490 -2.5803
v  1.8086 0.2493 -2.6039
v  1.8082 0.2827 -2.6045
v  1.8090 0.2163 -2.6030
v  1.7843 0.2157 -2.6299
v  1.7839 0.2494 -2.6309
v  1.7586 0.2150 -2.6567
v  1.7584 0.2492 -2.6577
v  1.7591 0.1811 -2.6557
v  1.7324 0.2143 -2.6835
v  1.7327 0.1801 -2.6827
v  1.7335 0.1459 -2.6821
v  1.7056 0.1791 -2.7094
v  1.7065 0.1447 -2.7089
v  1.7074 0.1103 -2.7081
v  1.6785 0.1434 -2.7350
v  1.6793 0.1088 -2.7344
v  1.6801 0.0779 -2.7341
v  1.6504 0.1075 -2.7601
v  1.6510 0.0774 -2.7598
v  1.6511 0.0580 -2.7591
v  1.6209 0.0765 -2.7848
v  1.6208 0.0574 -2.7842
v  1.6213 0.0464 -2.7843
v  1.5901 0.0566 -2.8084
v  1.5905 0.0460 -2.8087
v  1.5905 0.0363 -2.8084
v  1.6215 0.0369 -2.7841
v  1.5904 0.0278 -2.8079
v  1.6216 0.0284 -2.7836
v  1.5936 0.0238 -2.8120
v  1.6251 0.0237 -2.7876
v  1.5976 0.0199 -2.8173
v  1.6293 0.0198 -2.7925
v  1.5989 0.0128 -2.8188
v  1.6308 0.0127 -2.7940
v  1.5981 0.0053 -2.8174
v  1.6300 0.0053 -2.7927
v  1.5947 0.0010 -2.8126
v  1.6265 0.0009 -2.7881
v  1.5904 0.0006 -2.8065
v  1.6220 0.0005 -2.7822
v  1.5860 0.0004 -2.8004
v  1.5575 0.0003 -2.8292
v  1.5531 0.0002 -2.8226
v  1.5487 0.0002 -2.8158
v  1.5200 0.0002 -2.8442
v  1.5155 0.0002 -2.8368
v  1.5095 0.0001 -2.8271
v  1.4762 0.0002 -2.8475
v  1.4821 0.0002 -2.8577
v  1.4690 0.0001 -2.8348
v  1.5023 0.0001 -2.8151
v  1.4597 0.0001 -2.8182
v  1.4925 0.0001 -2.7989
v  1.4458 0.0001 -2.7932
v  1.4780 0.0001 -2.7746
v  1.4294 0.0001 -2.7630
v  1.4604 0.0001 -2.7450
v  1.4127 0.0001 -2.7321
v  1.4426 0.0001 -2.7147
v  1.3960 0.0001 -2.7009
v  1.4247 0.0001 -2.6841
v  1.3794 0.0001 -2.6697
v  1.4069 0.0001 -2.6534
v  1.3653 0.0001 -2.6425
v  1.3918 0.0001 -2.6273
v  1.3548 0.0001 -2.6222
v  1.3809 0.0001 -2.6084
v  1.3716 0.0001 -2.5925
v  1.3461 0.0001 -2.6057
v  1.3647 0.0002 -2.5806
v  1.3397 0.0002 -2.5936
v  1.3895 0.0002 -2.5656
v  1.3838 0.0003 -2.5567
v  1.3592 0.0004 -2.5716
v  1.4086 0.0003 -2.5404
v  1.4032 0.0014 -2.5327
v  1.3785 0.0009 -2.5487
v  1.4275 0.0011 -2.5157
v  1.4227 0.0051 -2.5095
v  1.3988 0.0054 -2.5265
v  1.4462 0.0046 -2.4921
v  1.4442 0.0129 -2.4898
v  1.4210 0.0135 -2.5076
v  1.4677 0.0126 -2.4698
v  1.4675 0.0217 -2.4696
v  1.4440 0.0222 -2.4895
v  1.4898 0.0215 -2.4495
v  1.4674 0.0310 -2.4695
v  1.4898 0.0309 -2.4494
v  1.5114 0.0307 -2.4278
v  1.5115 0.0216 -2.4281
v  1.5323 0.0220 -2.4059
v  1.5323 0.0312 -2.4056
v  1.5527 0.0226 -2.3823
v  1.5528 0.0321 -2.3817
v  1.5725 0.0228 -2.3561
v  1.5727 0.0324 -2.3556
v  1.5914 0.0232 -2.3289
v  1.5916 0.0330 -2.3284
v  1.6100 0.0237 -2.3008
v  1.6102 0.0338 -2.3005
v  1.6271 0.0234 -2.2741
v  1.6273 0.0335 -2.2737
v  1.6423 0.0230 -2.2514
v  1.6424 0.0336 -2.2511
v  1.6520 0.0231 -2.2364
v  1.6520 0.0347 -2.2362
v  1.6589 0.0228 -2.2247
v  1.6588 0.0351 -2.2247
v  1.6641 0.0355 -2.2159
v  1.6642 0.0228 -2.2155
v  1.6694 0.0357 -2.2078
v  1.6639 0.0495 -2.2162
v  1.6692 0.0500 -2.2081
v  1.6768 0.0357 -2.2033
v  1.6766 0.0504 -2.2034
v  1.6846 0.0360 -2.2067
v  1.6847 0.0507 -2.2068
v  1.6910 0.0367 -2.2139
v  1.6910 0.0513 -2.2141
v  1.6845 0.0666 -2.2068
v  1.6764 0.0662 -2.2034
v  1.6691 0.0657 -2.2083
v  1.6638 0.0649 -2.2163
v  1.6638 0.0801 -2.2163
v  1.6588 0.0793 -2.2246
v  1.6588 0.0641 -2.2246
v  1.6590 0.0919 -2.2243
v  1.6520 0.0907 -2.2358
v  1.6520 0.0779 -2.2357
v  1.6520 0.1016 -2.2359
v  1.6415 0.1002 -2.2524
v  1.6417 0.0894 -2.2519
v  1.6520 0.1111 -2.2361
v  1.6410 0.1103 -2.2534
v  1.6522 0.1192 -2.2363
v  1.6558 0.1240 -2.2383
v  1.6520 0.1284 -2.2358
v  1.6358 0.1342 -2.2513
v  1.6480 0.1345 -2.2331
v  1.6562 0.1338 -2.2195
v  1.6461 0.1425 -2.2316
v  1.6552 0.1416 -2.2181
v  1.6639 0.1401 -2.2073
v  1.6551 0.1509 -2.2168
v  1.6638 0.1506 -2.2056
v  1.6734 0.1505 -2.1972
v  1.6634 0.1649 -2.2051
v  1.6737 0.1661 -2.1983
v  1.6856 0.1673 -2.2002
v  1.6737 0.1841 -2.1988
v  1.6851 0.1857 -2.2005
v  1.6944 0.1876 -2.2091
v  1.6833 0.2064 -2.2008
v  1.6921 0.2082 -2.2093
v  1.7021 0.2111 -2.2234
v  1.6844 0.2277 -2.2141
v  1.6966 0.2283 -2.2253
v  1.7147 0.2136 -2.2430
v  1.7106 0.2301 -2.2454
v  1.7265 0.2293 -2.2725
v  1.7315 0.2136 -2.2698
v  1.7461 0.2286 -2.3019
v  1.7502 0.2134 -2.2992
v  1.7682 0.2140 -2.3284
v  1.7653 0.2274 -2.3313
v  1.7356 0.2383 -2.3090
v  1.7566 0.2366 -2.3383
v  1.7452 0.2445 -2.3478
v  1.7303 0.2511 -2.3614
v  1.7500 0.2496 -2.3901
v  1.7093 0.2565 -2.3839
v  1.7293 0.2552 -2.4118
v  1.7431 0.2540 -2.4314
v  1.7068 0.2588 -2.4369
v  1.7204 0.2581 -2.4543
v  1.7532 0.2533 -2.4449
v  1.7305 0.2575 -2.4666
v  1.7613 0.2528 -2.4551
v  1.7387 0.2570 -2.4758
v  1.7463 0.2566 -2.4839
v  1.7686 0.2523 -2.4635
v  1.7537 0.2566 -2.4913
v  1.7751 0.2521 -2.4703
v  1.7574 0.2613 -2.4942
v  1.7775 0.2581 -2.4715
v  1.7922 0.2560 -2.4554
v  1.7908 0.2647 -2.4541
v  1.7763 0.2674 -2.4692
v  1.8008 0.2642 -2.4452
v  1.7993 0.2776 -2.4463
v  1.7895 0.2774 -2.4543
v  1.7985 0.2957 -2.4487
v  1.7884 0.2946 -2.4562
v  1.7877 0.3182 -2.4603
v  1.7983 0.3205 -2.4526
v  1.7887 0.3486 -2.4658
v  1.7996 0.3504 -2.4577
v  1.8117 0.3512 -2.4546
v  1.8017 0.3798 -2.4625
v  1.8130 0.3798 -2.4592
v  1.8243 0.3795 -2.4596
v  1.8245 0.4033 -2.4627
v  1.8140 0.4044 -2.4630
v  1.8334 0.4016 -2.4677
v  1.8336 0.4178 -2.4693
v  1.8250 0.4198 -2.4650
v  1.8411 0.4162 -2.4750
v  1.8407 0.4288 -2.4763
v  1.8336 0.4304 -2.4709
v  1.8471 0.4279 -2.4815
v  1.8459 0.4378 -2.4826
v  1.8400 0.4394 -2.4778
v  1.8446 0.4461 -2.4852
v  1.8380 0.4476 -2.4810
v  1.8408 0.4493 -2.4918
v  1.8339 0.4504 -2.4875
v  1.8354 0.4496 -2.5006
v  1.8284 0.4509 -2.4956
v  1.8417 0.4471 -2.5051
v  1.8280 0.4495 -2.5117
v  1.8347 0.4466 -2.5167
v  1.8475 0.4428 -2.5088
v  1.8407 0.4424 -2.5210
v  1.8511 0.4350 -2.5109
v  1.8433 0.4341 -2.5228
v  1.8298 0.4415 -2.5365
v  1.8321 0.4333 -2.5387
v  1.8331 0.4251 -2.5402
v  1.8149 0.4328 -2.5623
v  1.8158 0.4241 -2.5636
v  1.8160 0.4155 -2.5641
v  1.7949 0.4224 -2.5905
v  1.7948 0.4146 -2.5912
v  1.8154 0.4078 -2.5652
v  1.7943 0.4074 -2.5917
v  1.7937 0.3997 -2.5924
v  1.7720 0.4062 -2.6186
v  1.7717 0.3993 -2.6189
v  1.7974 0.3988 -2.5958
v  1.7758 0.3996 -2.6229
v  1.8027 0.4024 -2.6004
v  1.7807 0.4029 -2.6276
v  1.8083 0.4033 -2.6058
v  1.7864 0.4028 -2.6330
v  1.8135 0.4002 -2.6109
v  1.7908 0.3987 -2.6374
v  1.7928 0.3915 -2.6395
v  1.7666 0.3976 -2.6644
v  1.7679 0.3904 -2.6661
v  1.7928 0.3836 -2.6398
v  1.7675 0.3829 -2.6661
v  1.7900 0.3768 -2.6374
v  1.7642 0.3762 -2.6630
v  1.7605 0.3721 -2.6591
v  1.7847 0.3721 -2.6325
v  1.7836 0.3646 -2.6315
v  1.7590 0.3641 -2.6579
v  1.7833 0.3550 -2.6315
v  1.7586 0.3551 -2.6578
v  1.7831 0.3449 -2.6315
v  1.7581 0.3455 -2.6578
v  1.7579 0.3340 -2.6580
v  1.7831 0.3327 -2.6316
v  1.8075 0.3330 -2.6052
v  1.7832 0.3157 -2.6316
v  1.8076 0.3150 -2.6049
v  1.7835 0.2837 -2.6314
v  1.7582 0.2839 -2.6582
v  1.7578 0.3153 -2.6581
v  1.7320 0.3153 -2.6846
v  1.7321 0.2835 -2.6844
v  1.7324 0.2487 -2.6843
v  1.7052 0.2830 -2.7107
v  1.7053 0.2483 -2.7105
v  1.7053 0.2137 -2.7100
v  1.6774 0.2478 -2.7367
v  1.6773 0.2130 -2.7360
v  1.6778 0.1782 -2.7355
v  1.6485 0.2120 -2.7612
v  1.6493 0.1771 -2.7610
v  1.6498 0.1422 -2.7606
v  1.6194 0.1759 -2.7854
v  1.6199 0.1411 -2.7852
v  1.6203 0.1065 -2.7848
v  1.5894 0.1401 -2.8091
v  1.5895 0.1055 -2.8088
v  1.5902 0.0757 -2.8089
v  1.5581 0.1046 -2.8319
v  1.5585 0.0752 -2.8320
v  1.5584 0.0573 -2.8315
v  1.5256 0.0749 -2.8542
v  1.5252 0.0578 -2.8538
v  1.5253 0.0472 -2.8539
v  1.5585 0.0464 -2.8317
v  1.5255 0.0379 -2.8539
v  1.5585 0.0371 -2.8317
v  1.5257 0.0294 -2.8542
v  1.5583 0.0288 -2.8315
v  1.5280 0.0238 -2.8576
v  1.5610 0.0238 -2.8355
v  1.5315 0.0195 -2.8629
v  1.5649 0.0197 -2.8410
v  1.5327 0.0121 -2.8647
v  1.5660 0.0124 -2.8423
v  1.5317 0.0047 -2.8630
v  1.5652 0.0050 -2.8408
v  1.5284 0.0009 -2.8577
v  1.5618 0.0008 -2.8357
v  1.5242 0.0003 -2.8510
v  1.4940 0.0008 -2.8787
v  1.4902 0.0004 -2.8719
v  1.4862 0.0003 -2.8651
v  1.4549 0.0004 -2.8917
v  1.4512 0.0002 -2.8848
v  1.4474 0.0002 -2.8774
v  1.4150 0.0002 -2.9023
v  1.4111 0.0002 -2.8941
v  1.4418 0.0001 -2.8667
v  1.4059 0.0001 -2.8836
v  1.4349 0.0001 -2.8536
v  1.3996 0.0001 -2.8705
v  1.3917 0.0001 -2.8538
v  1.4261 0.0001 -2.8365
v  1.3793 0.0001 -2.8273
v  1.4130 0.0001 -2.8108
v  1.3651 0.0001 -2.7958
v  1.3976 0.0001 -2.7800
v  1.3508 0.0001 -2.7636
v  1.3822 0.0001 -2.7487
v  1.3369 0.0001 -2.7313
v  1.3668 0.0001 -2.7170
v  1.3233 0.0001 -2.6990
v  1.3517 0.0001 -2.6851
v  1.3110 0.0001 -2.6686
v  1.3384 0.0001 -2.6566
v  1.3018 0.0001 -2.6459
v  1.3284 0.0001 -2.6348
v  1.3206 0.0001 -2.6175
v  1.2948 0.0001 -2.6284
v  1.2898 0.0003 -2.6158
v  1.3150 0.0002 -2.6053
v  1.2863 0.0004 -2.6066
v  1.3107 0.0004 -2.5961
v  1.3349 0.0003 -2.5845
v  1.3303 0.0011 -2.5761
v  1.3065 0.0011 -2.5872
v  1.3542 0.0013 -2.5634
v  1.3499 0.0048 -2.5566
v  1.3264 0.0053 -2.5691
v  1.3741 0.0050 -2.5424
v  1.3723 0.0134 -2.5404
v  1.3481 0.0132 -2.5544
v  1.3971 0.0137 -2.5247
v  1.3965 0.0228 -2.5244
v  1.3715 0.0225 -2.5404
v  1.4206 0.0228 -2.5075
v  1.4202 0.0322 -2.5075
v  1.3960 0.0322 -2.5246
v  1.4438 0.0317 -2.4894
v  1.4438 0.0426 -2.4895
v  1.4200 0.0427 -2.5076
v  1.4673 0.0423 -2.4695
v  1.4671 0.0558 -2.4696
v  1.4437 0.0556 -2.4896
v  1.4897 0.0559 -2.4492
v  1.4898 0.0420 -2.4492
v  1.5113 0.0562 -2.4276
v  1.5114 0.0419 -2.4277
v  1.5324 0.0423 -2.4054
v  1.5325 0.0565 -2.4052
v  1.5530 0.0428 -2.3813
v  1.5531 0.0567 -2.3810
v  1.5730 0.0436 -2.3552
v  1.5732 0.0571 -2.3549
v  1.5919 0.0446 -2.3279
v  1.5921 0.0581 -2.3275
v  1.6103 0.0456 -2.3001
v  1.6105 0.0591 -2.2998
v  1.6276 0.0460 -2.2733
v  1.6278 0.0603 -2.2730
v  1.6426 0.0468 -2.2508
v  1.6424 0.0618 -2.2510
v  1.6521 0.0479 -2.2358
v  1.6521 0.0629 -2.2357
v  1.6588 0.0488 -2.2247
v  1.6420 0.0767 -2.2515
v  1.6278 0.0752 -2.2730
v  1.6275 0.0883 -2.2734
v  1.6108 0.0871 -2.2995
v  1.6107 0.0737 -2.2996
v  1.6109 0.0984 -2.2995
v  1.6273 0.0993 -2.2738
v  1.6112 0.1083 -2.2997
v  1.6275 0.1091 -2.2743
v  1.5924 0.1076 -2.3276
v  1.5924 0.0975 -2.3273
v  1.5928 0.1167 -2.3286
v  1.5731 0.1062 -2.3550
v  1.5732 0.1152 -2.3555
v  1.5731 0.1241 -2.3557
v  1.5940 0.1240 -2.3294
v  1.5691 0.1291 -2.3522
v  1.5901 0.1294 -2.3255
v  1.5650 0.1348 -2.3490
v  1.5858 0.1355 -2.3224
v  1.6055 0.1349 -2.2950
v  1.6028 0.1434 -2.2942
v  1.5835 0.1431 -2.3209
v  1.6202 0.1430 -2.2704
v  1.6218 0.1347 -2.2730
v  1.6345 0.1428 -2.2494
v  1.6192 0.1525 -2.2689
v  1.6337 0.1521 -2.2477
v  1.6456 0.1515 -2.2304
v  1.6334 0.1625 -2.2467
v  1.6455 0.1630 -2.2290
v  1.6550 0.1639 -2.2157
v  1.6457 0.1792 -2.2286
v  1.6551 0.1809 -2.2157
v  1.6637 0.1826 -2.2058
v  1.6714 0.2041 -2.2003
v  1.6656 0.2211 -2.2102
v  1.6744 0.2255 -2.2102
v  1.6637 0.2369 -2.2279
v  1.6555 0.2310 -2.2268
v  1.6730 0.2396 -2.2298
v  1.6525 0.2450 -2.2518
v  1.6283 0.2398 -2.2757
v  1.6440 0.2369 -2.2486
v  1.6384 0.2487 -2.2821
v  1.6101 0.2399 -2.3037
v  1.6214 0.2494 -2.3124
v  1.5911 0.2396 -2.3315
v  1.6025 0.2493 -2.3411
v  1.6174 0.2559 -2.3526
v  1.5824 0.2483 -2.3680
v  1.5964 0.2548 -2.3803
v  1.6386 0.2594 -2.3685
v  1.6176 0.2592 -2.3985
v  1.6632 0.2600 -2.3887
v  1.6424 0.2608 -2.4200
v  1.6870 0.2595 -2.4128
v  1.6659 0.2610 -2.4428
v  1.6848 0.2608 -2.4637
v  1.6456 0.2618 -2.4717
v  1.6646 0.2618 -2.4903
v  1.6979 0.2604 -2.4794
v  1.6779 0.2616 -2.5039
v  1.7076 0.2600 -2.4912
v  1.6881 0.2614 -2.5145
v  1.7158 0.2597 -2.5006
v  1.6966 0.2612 -2.5233
v  1.7231 0.2595 -2.5088
v  1.7040 0.2611 -2.5313
v  1.6755 0.2622 -2.5496
v  1.6832 0.2622 -2.5573
v  1.6509 0.2628 -2.5783
v  1.6580 0.2629 -2.5862
v  1.6650 0.2632 -2.5941
v  1.6330 0.2631 -2.6132
v  1.6401 0.2634 -2.6207
v  1.6687 0.2673 -2.5991
v  1.6439 0.2678 -2.6253
v  1.6665 0.2761 -2.5980
v  1.6412 0.2762 -2.6240
v  1.6652 0.2873 -2.5978
v  1.6399 0.2871 -2.6241
v  1.6897 0.2855 -2.5702
v  1.6893 0.2989 -2.5714
v  1.6648 0.3001 -2.5987
v  1.7121 0.2981 -2.5449
v  1.7121 0.2845 -2.5436
v  1.7338 0.2980 -2.5184
v  1.7333 0.2843 -2.5182
v  1.7565 0.2970 -2.4908
v  1.7560 0.2829 -2.4907
v  1.7559 0.2707 -2.4917
v  1.7758 0.2798 -2.4685
v  1.7758 0.2944 -2.4689
v  1.7762 0.3161 -2.4715
v  1.7578 0.3160 -2.4924
v  1.7770 0.3462 -2.4773
v  1.7600 0.3433 -2.4964
v  1.7623 0.3743 -2.5024
v  1.7795 0.3773 -2.4831
v  1.7911 0.3789 -2.4709
v  1.7827 0.4026 -2.4876
v  1.7943 0.4042 -2.4754
v  1.8038 0.4046 -2.4672
v  1.7976 0.4226 -2.4795
v  1.8065 0.4229 -2.4714
v  1.8152 0.4217 -2.4661
v  1.8162 0.4337 -2.4690
v  1.8084 0.4341 -2.4749
v  1.8253 0.4321 -2.4671
v  1.8105 0.4430 -2.4789
v  1.8000 0.4336 -2.4830
v  1.8022 0.4423 -2.4869
v  1.8149 0.4482 -2.4845
v  1.8070 0.4476 -2.4933
v  1.8214 0.4512 -2.4903
v  1.8136 0.4509 -2.5000
v  1.8209 0.4513 -2.5064
v  1.8032 0.4507 -2.5133
v  1.8107 0.4515 -2.5206
v  1.8178 0.4494 -2.5265
v  1.7947 0.4515 -2.5419
v  1.8017 0.4493 -2.5486
v  1.8242 0.4462 -2.5319
v  1.8078 0.4459 -2.5545
v  1.8132 0.4411 -2.5597
v  1.7864 0.4455 -2.5815
v  1.7920 0.4405 -2.5869
v  1.7939 0.4319 -2.5891
v  1.7695 0.4401 -2.6148
v  1.7713 0.4308 -2.6168
v  1.7721 0.4217 -2.6179
v  1.7479 0.4298 -2.6439
v  1.7490 0.4210 -2.6451
v  1.7722 0.4136 -2.6184
v  1.7490 0.4134 -2.6456
v  1.7484 0.4061 -2.6461
v  1.7230 0.4135 -2.6735
v  1.7228 0.4062 -2.6736
v  1.7481 0.3995 -2.6466
v  1.7226 0.3997 -2.6736
v  1.7519 0.4006 -2.6501
v  1.7268 0.4002 -2.6779
v  1.7574 0.4034 -2.6549
v  1.7321 0.4030 -2.6833
v  1.7627 0.4023 -2.6602
v  1.7369 0.4022 -2.6882
v  1.7406 0.3969 -2.6920
v  1.7096 0.4016 -2.7158
v  1.7131 0.3964 -2.7195
v  1.7419 0.3896 -2.6933
v  1.7145 0.3891 -2.7210
v  1.7416 0.3821 -2.6930
v  1.7139 0.3815 -2.7204
v  1.7382 0.3759 -2.6899
v  1.7111 0.3757 -2.7176
v  1.7060 0.3735 -2.7122
v  1.7348 0.3741 -2.6863
v  1.7049 0.3666 -2.7110
v  1.7325 0.3656 -2.6841
v  1.7050 0.3573 -2.7111
v  1.7324 0.3565 -2.6843
v  1.7050 0.3478 -2.7110
v  1.7322 0.3468 -2.6844
v  1.7050 0.3357 -2.7108
v  1.7320 0.3351 -2.6846
v  1.7051 0.3148 -2.7108
v  1.6768 0.3352 -2.7370
v  1.6769 0.3145 -2.7368
v  1.6771 0.2825 -2.7367
v  1.6477 0.3145 -2.7626
v  1.6479 0.2816 -2.7622
v  1.6484 0.2469 -2.7620
v  1.6180 0.2806 -2.7868
v  1.6187 0.2457 -2.7864
v  1.6189 0.2108 -2.7856
v  1.5883 0.2444 -2.8098
v  1.5885 0.2096 -2.8090
v  1.5891 0.1749 -2.8092
v  1.5576 0.2085 -2.8320
v  1.5580 0.1739 -2.8322
v  1.5580 0.1393 -2.8321
v  1.5258 0.1730 -2.8537
v  1.5257 0.1387 -2.8538
v  1.5254 0.1043 -2.8537
v  1.4919 0.1384 -2.8738
v  1.4916 0.1047 -2.8741
v  1.4916 0.0753 -2.8747
v  1.4563 0.0764 -2.8936
v  1.4567 0.1056 -2.8932
v  1.4559 0.0579 -2.8935
v  1.4911 0.0570 -2.8741
v  1.4558 0.0472 -2.8937
v  1.4912 0.0467 -2.8744
v  1.4557 0.0378 -2.8938
v  1.4912 0.0374 -2.8744
v  1.4558 0.0293 -2.8938
v  1.4912 0.0291 -2.8746
v  1.4581 0.0238 -2.8980
v  1.4935 0.0238 -2.8785
v  1.4612 0.0199 -2.9040
v  1.4970 0.0196 -2.8842
v  1.4623 0.0125 -2.9057
v  1.4980 0.0123 -2.8857
v  1.4615 0.0049 -2.9041
v  1.4971 0.0048 -2.8842
v  1.4585 0.0008 -2.8985
v  1.4249 0.0050 -2.9225
v  1.4221 0.0008 -2.9168
v  1.4185 0.0003 -2.9095
v  1.3851 0.0006 -2.9341
v  1.3815 0.0003 -2.9264
v  1.3778 0.0002 -2.9187
v  1.3432 0.0002 -2.9433
v  1.3399 0.0001 -2.9353
v  1.3366 0.0001 -2.9263
v  1.3738 0.0001 -2.9106
v  1.3317 0.0000 -2.9145
v  1.3690 0.0001 -2.8996
v  1.3633 0.0001 -2.8866
v  1.3264 0.0000 -2.9009
v  1.3560 0.0000 -2.8692
v  1.3197 0.0000 -2.8831
v  1.3448 0.0001 -2.8425
v  1.3098 0.0000 -2.8561
v  1.2982 0.0000 -2.8233
v  1.3319 0.0000 -2.8106
v  1.2865 0.0000 -2.7895
v  1.3189 0.0000 -2.7773
v  1.2752 0.0000 -2.7555
v  1.3063 0.0000 -2.7441
v  1.2644 0.0001 -2.7216
v  1.2942 0.0001 -2.7111
v  1.2545 0.0001 -2.6899
v  1.2830 0.0001 -2.6798
v  1.2471 0.0001 -2.6660
v  1.2747 0.0001 -2.6564
v  1.2415 0.0001 -2.6475
v  1.2684 0.0001 -2.6384
v  1.2375 0.0003 -2.6337
v  1.2638 0.0002 -2.6253
v  1.2350 0.0005 -2.6247
v  1.2608 0.0005 -2.6162
v  1.2327 0.0013 -2.6161
v  1.2579 0.0013 -2.6075
v  1.2829 0.0015 -2.5977
v  1.2555 0.0050 -2.5998
v  1.2802 0.0056 -2.5904
v  1.3031 0.0057 -2.5799
v  1.2794 0.0141 -2.5878
v  1.3022 0.0143 -2.5777
v  1.3249 0.0136 -2.5668
v  1.3245 0.0230 -2.5666
v  1.3020 0.0234 -2.5773
v  1.3473 0.0226 -2.5544
v  1.3466 0.0320 -2.5547
v  1.3240 0.0326 -2.5666
v  1.3708 0.0319 -2.5406
v  1.3701 0.0421 -2.5409
v  1.3457 0.0426 -2.5551
v  1.3954 0.0423 -2.5248
v  1.3949 0.0547 -2.5251
v  1.3693 0.0546 -2.5414
v  1.4197 0.0551 -2.5077
v  1.4195 0.0682 -2.5079
v  1.3945 0.0676 -2.5254
v  1.4435 0.0692 -2.4897
v  1.4193 0.0806 -2.5080
v  1.4434 0.0817 -2.4898
v  1.4669 0.0702 -2.4698
v  1.4667 0.0833 -2.4700
v  1.4897 0.0714 -2.4492
v  1.4895 0.0854 -2.4495
v  1.5112 0.0720 -2.4277
v  1.5111 0.0863 -2.4278
v  1.5324 0.0863 -2.4052
v  1.5325 0.0721 -2.4052
v  1.5532 0.0860 -2.3808
v  1.5532 0.0721 -2.3808
v  1.5733 0.0859 -2.3546
v  1.5733 0.0723 -2.3547
v  1.5923 0.0729 -2.3272
v  1.5924 0.0863 -2.3272
v  1.5732 0.0966 -2.3547
v  1.5531 0.0968 -2.3809
v  1.5531 0.1065 -2.3809
v  1.5324 0.0976 -2.4052
v  1.5324 0.1077 -2.4052
v  1.5533 0.1157 -2.3810
v  1.5327 0.1172 -2.4055
v  1.5530 0.1240 -2.3808
v  1.5316 0.1249 -2.4047
v  1.5482 0.1288 -2.3771
v  1.5268 0.1293 -2.4006
v  1.5443 0.1343 -2.3739
v  1.5228 0.1356 -2.3971
v  1.5423 0.1422 -2.3722
v  1.5208 0.1439 -2.3952
v  1.5629 0.1424 -2.3474
v  1.5405 0.1513 -2.3706
v  1.5613 0.1513 -2.3459
v  1.5820 0.1521 -2.3198
v  1.5603 0.1609 -2.3449
v  1.5811 0.1620 -2.3192
v  1.6012 0.1527 -2.2933
v  1.6004 0.1629 -2.2928
v  1.6187 0.1629 -2.2677
v  1.6002 0.1764 -2.2928
v  1.6188 0.1775 -2.2671
v  1.6334 0.1783 -2.2462
v  1.6193 0.1971 -2.2674
v  1.6344 0.1981 -2.2462
v  1.6205 0.2130 -2.2688
v  1.6361 0.2132 -2.2463
v  1.6225 0.2273 -2.2709
v  1.6388 0.2261 -2.2468
v  1.6014 0.2109 -2.2952
v  1.6035 0.2267 -2.2979
v  1.5818 0.2088 -2.3218
v  1.5841 0.2259 -2.3249
v  1.5615 0.2074 -2.3472
v  1.5637 0.2251 -2.3504
v  1.5711 0.2389 -2.3578
v  1.5431 0.2247 -2.3748
v  1.5506 0.2380 -2.3824
v  1.5613 0.2473 -2.3930
v  1.5292 0.2377 -2.4055
v  1.5394 0.2467 -2.4161
v  1.5750 0.2540 -2.4062
v  1.5528 0.2537 -2.4300
v  1.5965 0.2591 -2.4263
v  1.5749 0.2589 -2.4521
v  1.6215 0.2611 -2.4492
v  1.6001 0.2613 -2.4764
v  1.6245 0.2623 -2.4998
v  1.5777 0.2613 -2.5023
v  1.6018 0.2625 -2.5269
v  1.6437 0.2625 -2.5181
v  1.6209 0.2629 -2.5463
v  1.6570 0.2624 -2.5310
v  1.6335 0.2629 -2.5593
v  1.6669 0.2623 -2.5409
v  1.6429 0.2629 -2.5695
v  1.6090 0.2631 -2.5871
v  1.6183 0.2631 -2.5972
v  1.6259 0.2631 -2.6056
v  1.5929 0.2632 -2.6240
v  1.6004 0.2633 -2.6324
v  1.6075 0.2633 -2.6401
v  1.5732 0.2634 -2.6575
v  1.5798 0.2634 -2.6656
v  1.6145 0.2635 -2.6478
v  1.5866 0.2636 -2.6739
v  1.6182 0.2668 -2.6523
v  1.5907 0.2665 -2.6790
v  1.6152 0.2747 -2.6502
v  1.5877 0.2736 -2.6764
v  1.6137 0.2853 -2.6499
v  1.5860 0.2836 -2.6751
v  1.6130 0.2974 -2.6506
v  1.5857 0.2959 -2.6755
v  1.6395 0.2997 -2.6252
v  1.6396 0.3152 -2.6269
v  1.6131 0.3132 -2.6522
v  1.6651 0.3164 -2.6006
v  1.6663 0.3367 -2.6037
v  1.6407 0.3355 -2.6298
v  1.6909 0.3380 -2.5771
v  1.6896 0.3161 -2.5737
v  1.7143 0.3391 -2.5504
v  1.7126 0.3160 -2.5469
v  1.7373 0.3408 -2.5232
v  1.7351 0.3159 -2.5198
v  1.7167 0.3672 -2.5552
v  1.7400 0.3703 -2.5282
v  1.7425 0.3956 -2.5334
v  1.7194 0.3933 -2.5602
v  1.7645 0.3990 -2.5077
v  1.7672 0.4174 -2.5127
v  1.7453 0.4153 -2.5383
v  1.7857 0.4206 -2.4919
v  1.7882 0.4317 -2.4957
v  1.7697 0.4294 -2.5167
v  1.7909 0.4412 -2.4997
v  1.7728 0.4402 -2.5208
v  1.7963 0.4474 -2.5060
v  1.7791 0.4472 -2.5271
v  1.7868 0.4508 -2.5344
v  1.7572 0.4465 -2.5528
v  1.7648 0.4505 -2.5603
v  1.7726 0.4509 -2.5681
v  1.7406 0.4500 -2.5858
v  1.7485 0.4512 -2.5938
v  1.7801 0.4494 -2.5754
v  1.7564 0.4494 -2.6017
v  1.7634 0.4457 -2.6087
v  1.7323 0.4494 -2.6281
v  1.7396 0.4453 -2.6354
v  1.7452 0.4387 -2.6411
v  1.7152 0.4453 -2.6625
v  1.7213 0.4394 -2.6688
v  1.7231 0.4303 -2.6714
v  1.6956 0.4402 -2.6971
v  1.6963 0.4315 -2.6986
v  1.7232 0.4214 -2.6728
v  1.6967 0.4224 -2.7000
v  1.6958 0.4139 -2.7010
v  1.6688 0.4231 -2.7265
v  1.6682 0.4146 -2.7270
v  1.6952 0.4061 -2.7010
v  1.6676 0.4066 -2.7271
v  1.6951 0.3994 -2.7013
v  1.6673 0.3998 -2.7273
v  1.6712 0.4002 -2.7316
v  1.6992 0.4000 -2.7054
v  1.6763 0.4031 -2.7372
v  1.7046 0.4028 -2.7107
v  1.6813 0.4019 -2.7429
v  1.6512 0.4017 -2.7698
v  1.6459 0.4032 -2.7644
v  1.6548 0.3961 -2.7735
v  1.6847 0.3964 -2.7466
v  1.6561 0.3886 -2.7747
v  1.6858 0.3890 -2.7479
v  1.6555 0.3811 -2.7738
v  1.6852 0.3816 -2.7474
v  1.6519 0.3755 -2.7694
v  1.6822 0.3757 -2.7441
v  1.6772 0.3736 -2.7390
v  1.6480 0.3723 -2.7645
v  1.6764 0.3656 -2.7379
v  1.6472 0.3641 -2.7634
v  1.6472 0.3555 -2.7631
v  1.6767 0.3565 -2.7375
v  1.6472 0.3460 -2.7629
v  1.6767 0.3471 -2.7371
v  1.6475 0.3346 -2.7629
v  1.6173 0.3456 -2.7875
v  1.6176 0.3343 -2.7875
v  1.6177 0.3139 -2.7873
v  1.5871 0.3337 -2.8110
v  1.5873 0.3132 -2.8108
v  1.5877 0.2793 -2.8104
v  1.5569 0.3117 -2.8330
v  1.5572 0.2780 -2.8328
v  1.5575 0.2431 -2.8323
v  1.5257 0.2767 -2.8535
v  1.5258 0.2418 -2.8533
v  1.5258 0.2073 -2.8535
v  1.4935 0.2404 -2.8728
v  1.4930 0.2061 -2.8732
v  1.4925 0.1721 -2.8736
v  1.4591 0.2049 -2.8917
v  1.4582 0.1714 -2.8925
v  1.4573 0.1384 -2.8928
v  1.4225 0.1703 -2.9101
v  1.4208 0.1385 -2.9109
v  1.4202 0.1076 -2.9111
v  1.3840 0.1378 -2.9274
v  1.3821 0.1101 -2.9282
v  1.3830 0.0826 -2.9279
v  1.4203 0.0784 -2.9116
v  1.3833 0.0626 -2.9281
v  1.4198 0.0592 -2.9112
v  1.3830 0.0501 -2.9283
v  1.4198 0.0480 -2.9116
v  1.3827 0.0397 -2.9287
v  1.4196 0.0385 -2.9118
v  1.3827 0.0306 -2.9293
v  1.4195 0.0297 -2.9118
v  1.3846 0.0240 -2.9334
v  1.4216 0.0238 -2.9162
v  1.3874 0.0201 -2.9396
v  1.4246 0.0200 -2.9220
v  1.3888 0.0124 -2.9422
v  1.4257 0.0125 -2.9241
v  1.3880 0.0044 -2.9405
v  1.3481 0.0042 -2.9577
v  1.3481 0.0119 -2.9601
v  1.3462 0.0004 -2.9509
v  1.3052 0.0005 -2.9662
v  1.3068 0.0039 -2.9734
v  1.3028 0.0003 -2.9581
v  1.2660 0.0007 -2.9786
v  1.2634 0.0003 -2.9706
v  1.2610 0.0002 -2.9627
v  1.3004 0.0001 -2.9500
v  1.2582 0.0001 -2.9533
v  1.2974 0.0001 -2.9401
v  1.2548 0.0000 -2.9407
v  1.2934 0.0000 -2.9281
v  1.2507 0.0000 -2.9257
v  1.2889 0.0000 -2.9142
v  1.2455 0.0001 -2.9062
v  1.2829 0.0000 -2.8954
v  1.2381 0.0001 -2.8780
v  1.2742 0.0001 -2.8678
v  1.2294 0.0001 -2.8442
v  1.2640 0.0001 -2.8347
v  1.2205 0.0001 -2.8092
v  1.2537 0.0000 -2.8001
v  1.2118 0.0000 -2.7743
v  1.2437 0.0000 -2.7655
v  1.2034 0.0001 -2.7396
v  1.2341 0.0000 -2.7311
v  1.1956 0.0000 -2.7068
v  1.2253 0.0000 -2.6989
v  1.1898 0.0000 -2.6820
v  1.2188 0.0000 -2.6745
v  1.1856 0.0001 -2.6633
v  1.2141 0.0001 -2.6558
v  1.1828 0.0002 -2.6501
v  1.2108 0.0003 -2.6424
v  1.1808 0.0004 -2.6405
v  1.2086 0.0005 -2.6326
v  1.1790 0.0011 -2.6315
v  1.2066 0.0013 -2.6240
v  1.1774 0.0046 -2.6237
v  1.2047 0.0039 -2.6158
v  1.2309 0.0053 -2.6085
v  1.2043 0.0127 -2.6132
v  1.2304 0.0134 -2.6056
v  1.2552 0.0135 -2.5971
v  1.2307 0.0227 -2.6049
v  1.2557 0.0229 -2.5964
v  1.2795 0.0233 -2.5871
v  1.2566 0.0322 -2.5959
v  1.2799 0.0328 -2.5867
v  1.3018 0.0331 -2.5772
v  1.2807 0.0436 -2.5864
v  1.3016 0.0436 -2.5772
v  1.3234 0.0432 -2.5669
v  1.3225 0.0560 -2.5672
v  1.3014 0.0566 -2.5773
v  1.3448 0.0553 -2.5556
v  1.3438 0.0683 -2.5561
v  1.3217 0.0694 -2.5677
v  1.3685 0.0675 -2.5419
v  1.3679 0.0799 -2.5423
v  1.3430 0.0805 -2.5565
v  1.3941 0.0799 -2.5257
v  1.3939 0.0909 -2.5258
v  1.3675 0.0907 -2.5426
v  1.4191 0.0918 -2.5082
v  1.3938 0.1008 -2.5260
v  1.4189 0.1022 -2.5084
v  1.4432 0.0929 -2.4899
v  1.4431 0.1033 -2.4901
v  1.4664 0.0944 -2.4702
v  1.4661 0.1046 -2.4705
v  1.4892 0.0967 -2.4496
v  1.4889 0.1071 -2.4500
v  1.5109 0.1083 -2.4282
v  1.5110 0.0979 -2.4280
v  1.4885 0.1170 -2.4506
v  1.5113 0.1180 -2.4286
v  1.4872 0.1245 -2.4493
v  1.5102 0.1250 -2.4276
v  1.4822 0.1292 -2.4433
v  1.5045 0.1294 -2.4224
v  1.5007 0.1365 -2.4187
v  1.4786 0.1366 -2.4395
v  1.4990 0.1454 -2.4172
v  1.4769 0.1458 -2.4380
v  1.4974 0.1546 -2.4158
v  1.4755 0.1554 -2.4368
v  1.5190 0.1528 -2.3936
v  1.5183 0.1627 -2.3930
v  1.4966 0.1643 -2.4152
v  1.5395 0.1612 -2.3696
v  1.5392 0.1731 -2.3694
v  1.5181 0.1748 -2.3930
v  1.5601 0.1735 -2.3448
v  1.5603 0.1895 -2.3453
v  1.5395 0.1897 -2.3700
v  1.5808 0.1746 -2.3192
v  1.5808 0.1910 -2.3199
v  1.6004 0.1940 -2.2934
v  1.5406 0.2074 -2.3716
v  1.5184 0.1914 -2.3935
v  1.5195 0.2086 -2.3950
v  1.5222 0.2251 -2.3980
v  1.4981 0.2104 -2.4173
v  1.5008 0.2256 -2.4204
v  1.5074 0.2374 -2.4276
v  1.4787 0.2263 -2.4415
v  1.4852 0.2374 -2.4488
v  1.5170 0.2459 -2.4382
v  1.4944 0.2455 -2.4594
v  1.5302 0.2532 -2.4526
v  1.5078 0.2532 -2.4747
v  1.5528 0.2588 -2.4766
v  1.5302 0.2589 -2.5000
v  1.5544 0.2615 -2.5271
v  1.5069 0.2592 -2.5227
v  1.5305 0.2616 -2.5510
v  1.5778 0.2627 -2.5528
v  1.5533 0.2627 -2.5778
v  1.5966 0.2631 -2.5734
v  1.5714 0.2631 -2.5991
v  1.5838 0.2632 -2.6136
v  1.5454 0.2631 -2.6231
v  1.5571 0.2632 -2.6377
v  1.5659 0.2633 -2.6485
v  1.5293 0.2631 -2.6598
v  1.5375 0.2632 -2.6710
v  1.5443 0.2633 -2.6803
v  1.5085 0.2629 -2.6924
v  1.5149 0.2630 -2.7015
v  1.5210 0.2632 -2.7099
v  1.5503 0.2634 -2.6888
v  1.5270 0.2634 -2.7183
v  1.5564 0.2634 -2.6974
v  1.5318 0.2665 -2.7250
v  1.5607 0.2663 -2.7035
v  1.5301 0.2747 -2.7226
v  1.5588 0.2740 -2.7008
v  1.5576 0.2840 -2.6991
v  1.5291 0.2850 -2.7211
v  1.5575 0.2957 -2.6989
v  1.5291 0.2970 -2.7210
v  1.5580 0.3118 -2.6998
v  1.5295 0.3126 -2.7219
v  1.5858 0.3119 -2.6765
v  1.5872 0.3340 -2.6792
v  1.5593 0.3338 -2.7024
v  1.6143 0.3346 -2.6550
v  1.6163 0.3595 -2.6589
v  1.5894 0.3593 -2.6831
v  1.6426 0.3603 -2.6338
v  1.6452 0.3864 -2.6386
v  1.6189 0.3851 -2.6635
v  1.6711 0.3883 -2.6131
v  1.6683 0.3621 -2.6081
v  1.6958 0.3909 -2.5870
v  1.6930 0.3645 -2.5819
v  1.6739 0.4097 -2.6177
v  1.6988 0.4119 -2.5918
v  1.7223 0.4137 -2.5650
v  1.7248 0.4268 -2.5688
v  1.7014 0.4253 -2.5955
v  1.7480 0.4278 -2.5424
v  1.7516 0.4386 -2.5468
v  1.7279 0.4376 -2.5726
v  1.7333 0.4456 -2.5784
v  1.7042 0.4362 -2.5991
v  1.7090 0.4447 -2.6043
v  1.7161 0.4494 -2.6116
v  1.6842 0.4450 -2.6309
v  1.6913 0.4498 -2.6386
v  1.7242 0.4510 -2.6199
v  1.6995 0.4511 -2.6469
v  1.7077 0.4492 -2.6551
v  1.6739 0.4510 -2.6740
v  1.6818 0.4493 -2.6822
v  1.6892 0.4455 -2.6900
v  1.6544 0.4493 -2.7086
v  1.6611 0.4457 -2.7165
v  1.6675 0.4417 -2.7239
v  1.6319 0.4461 -2.7421
v  1.6373 0.4422 -2.7493
v  1.6683 0.4324 -2.7254
v  1.6384 0.4335 -2.7522
v  1.6388 0.4243 -2.7536
v  1.6075 0.4335 -2.7769
v  1.6077 0.4244 -2.7787
v  1.6378 0.4155 -2.7545
v  1.6060 0.4156 -2.7803
v  1.6365 0.4072 -2.7551
v  1.6356 0.3998 -2.7558
v  1.6401 0.4004 -2.7594
v  1.6145 0.4033 -2.7913
v  1.5861 0.4037 -2.8136
v  1.5906 0.4015 -2.8196
v  1.6203 0.4015 -2.7961
v  1.5938 0.3955 -2.8231
v  1.6240 0.3958 -2.7997
v  1.5951 0.3878 -2.8242
v  1.6254 0.3880 -2.8007
v  1.5944 0.3800 -2.8229
v  1.6252 0.3802 -2.7995
v  1.5913 0.3749 -2.8180
v  1.6219 0.3752 -2.7952
v  1.5874 0.3715 -2.8116
v  1.6174 0.3715 -2.7894
v  1.5871 0.3635 -2.8114
v  1.6169 0.3635 -2.7882
v  1.5869 0.3547 -2.8113
v  1.6171 0.3549 -2.7878
v  1.5869 0.3451 -2.8111
v  1.5567 0.3452 -2.8333
v  1.5566 0.3548 -2.8335
v  1.5568 0.3342 -2.8333
v  1.5251 0.3448 -2.8546
v  1.5254 0.3327 -2.8544
v  1.5255 0.3103 -2.8538
v  1.4948 0.3319 -2.8731
v  1.4945 0.3093 -2.8728
v  1.4940 0.2753 -2.8727
v  1.4629 0.3080 -2.8901
v  1.4618 0.2737 -2.8904
v  1.4604 0.2389 -2.8910
v  1.4290 0.2719 -2.9071
v  1.4265 0.2374 -2.9080
v  1.4243 0.2036 -2.9092
v  1.3928 0.2359 -2.9235
v  1.3889 0.2024 -2.9252
v  1.3863 0.1683 -2.9265
v  1.3592 0.2013 -2.9376
v  1.3560 0.1649 -2.9390
v  1.3386 0.1996 -2.9455
v  1.3359 0.1606 -2.9467
v  1.3237 0.1959 -2.9491
v  1.3432 0.2342 -2.9433
v  1.3642 0.2350 -2.9355
v  1.3486 0.2673 -2.9418
v  1.3682 0.2689 -2.9340
v  1.3962 0.2702 -2.9220
v  1.3707 0.3035 -2.9333
v  1.3988 0.3050 -2.9211
v  1.4308 0.3066 -2.9063
v  1.4002 0.3321 -2.9208
v  1.4318 0.3311 -2.9061
v  1.4637 0.3315 -2.8903
v  1.4322 0.3431 -2.9059
v  1.4639 0.3436 -2.8900
v  1.4948 0.3444 -2.8729
v  1.4642 0.3532 -2.8902
v  1.4950 0.3542 -2.8730
v  1.5247 0.3545 -2.8551
v  1.4330 0.3619 -2.9060
v  1.4643 0.3624 -2.8902
v  1.4326 0.3528 -2.9059
v  1.4015 0.3621 -2.9207
v  1.4011 0.3528 -2.9205
v  1.4006 0.3432 -2.9203
v  1.3714 0.3438 -2.9330
v  1.3711 0.3539 -2.9335
v  1.3715 0.3311 -2.9333
v  1.3504 0.3307 -2.9418
v  1.3498 0.3457 -2.9417
v  1.3505 0.3024 -2.9414
v  1.3362 0.3309 -2.9472
v  1.3370 0.3017 -2.9465
v  1.3269 0.3014 -2.9502
v  1.3257 0.3310 -2.9507
v  1.3188 0.3011 -2.9520
v  1.3168 0.3308 -2.9516
v  1.3095 0.3287 -2.9479
v  1.3119 0.2995 -2.9510
v  1.3039 0.3279 -2.9469
v  1.3037 0.2986 -2.9503
v  1.3002 0.2999 -2.9561
v  1.3002 0.3293 -2.9534
v  1.2962 0.3013 -2.9624
v  1.2955 0.3300 -2.9585
v  1.2987 0.3034 -2.9701
v  1.2967 0.3312 -2.9656
v  1.2982 0.3319 -2.9740
v  1.2967 0.3041 -2.9784
v  1.2954 0.2752 -2.9803
v  1.2872 0.2759 -2.9851
v  1.2892 0.3052 -2.9844
v  1.2866 0.2465 -2.9853
v  1.2951 0.2460 -2.9806
v  1.2871 0.2168 -2.9851
v  1.2955 0.2172 -2.9803
v  1.2964 0.1857 -2.9793
v  1.2882 0.1851 -2.9847
v  1.2984 0.1864 -2.9695
v  1.2978 0.1516 -2.9770
v  1.2988 0.1866 -2.9617
v  1.2904 0.1518 -2.9839
v  1.2925 0.1207 -2.9827
v  1.2984 0.1210 -2.9734
v  1.2982 0.0942 -2.9711
v  1.2939 0.0925 -2.9813
v  1.2986 0.0672 -2.9709
v  1.2946 0.0661 -2.9807
v  1.2988 0.0692 -2.9609
v  1.2985 0.0468 -2.9719
v  1.3092 0.0704 -2.9571
v  1.3216 0.0499 -2.9529
v  1.3245 0.0705 -2.9518
v  1.3267 0.0959 -2.9500
v  1.3497 0.0892 -2.9414
v  1.3493 0.0673 -2.9425
v  1.3484 0.0518 -2.9426
v  1.3470 0.0395 -2.9433
v  1.3455 0.0293 -2.9439
v  1.3461 0.0235 -2.9510
v  1.3470 0.0210 -2.9571
v  1.2949 0.0467 -2.9807
v  1.2852 0.0649 -2.9854
v  1.2851 0.0465 -2.9853
v  1.2750 0.0641 -2.9853
v  1.2752 0.0463 -2.9855
v  1.2681 0.0466 -2.9797
v  1.2669 0.0638 -2.9793
v  1.2581 0.0467 -2.9808
v  1.2558 0.0628 -2.9813
v  1.2455 0.0468 -2.9838
v  1.2426 0.0623 -2.9843
v  1.2187 0.0477 -2.9899
v  1.2172 0.0613 -2.9900
v  1.2197 0.0367 -2.9896
v  1.1809 0.0368 -2.9973
v  1.1803 0.0474 -2.9975
v  1.1814 0.0284 -2.9975
v  1.2207 0.0276 -2.9892
v  1.1829 0.0231 -3.0029
v  1.2235 0.0228 -2.9947
v  1.1844 0.0172 -3.0078
v  1.2259 0.0184 -2.9989
v  1.1851 0.0094 -3.0082
v  1.2272 0.0094 -2.9995
v  1.2260 0.0028 -2.9962
v  1.1847 0.0025 -3.0048
v  1.2688 0.0031 -2.9853
v  1.2243 0.0004 -2.9894
v  1.1835 0.0004 -2.9975
v  1.1823 0.0003 -2.9896
v  1.2226 0.0002 -2.9816
v  1.1811 0.0002 -2.9819
v  1.2210 0.0001 -2.9739
v  1.1794 0.0002 -2.9729
v  1.2189 0.0001 -2.9649
v  1.1772 0.0001 -2.9591
v  1.2160 0.0000 -2.9515
v  1.1745 0.0001 -2.9431
v  1.2125 0.0000 -2.9354
v  1.1711 0.0001 -2.9236
v  1.2083 0.0001 -2.9157
v  1.1660 0.0001 -2.8942
v  1.2020 0.0001 -2.8867
v  1.1599 0.0001 -2.8592
v  1.1946 0.0001 -2.8522
v  1.1536 0.0001 -2.8240
v  1.1871 0.0001 -2.8172
v  1.1474 0.0001 -2.7886
v  1.1797 0.0001 -2.7821
v  1.1412 0.0001 -2.7533
v  1.1723 0.0001 -2.7470
v  1.1354 0.0000 -2.7202
v  1.1655 0.0000 -2.7138
v  1.1308 0.0000 -2.6941
v  1.1604 0.0000 -2.6884
v  1.1278 0.0001 -2.6758
v  1.1568 0.0001 -2.6700
v  1.1254 0.0002 -2.6613
v  1.1543 0.0002 -2.6560
v  1.1239 0.0004 -2.6519
v  1.1526 0.0003 -2.6466
v  1.1224 0.0009 -2.6427
v  1.1510 0.0007 -2.6375
v  1.1210 0.0041 -2.6346
v  1.1495 0.0038 -2.6292
v  1.1489 0.0118 -2.6264
v  1.1203 0.0114 -2.6316
v  1.1769 0.0125 -2.6208
v  1.1486 0.0213 -2.6263
v  1.1768 0.0218 -2.6203
v  1.2044 0.0222 -2.6129
v  1.1769 0.0313 -2.6201
v  1.2047 0.0318 -2.6126
v  1.2313 0.0321 -2.6045
v  1.2050 0.0429 -2.6124
v  1.2321 0.0431 -2.6041
v  1.2579 0.0433 -2.5953
v  1.2333 0.0563 -2.6037
v  1.2596 0.0568 -2.5947
v  1.2817 0.0570 -2.5859
v  1.2614 0.0707 -2.5940
v  1.2828 0.0707 -2.5855
v  1.3012 0.0703 -2.5773
v  1.2836 0.0830 -2.5851
v  1.3014 0.0829 -2.5773
v  1.3209 0.0820 -2.5680
v  1.3200 0.0928 -2.5685
v  1.3017 0.0934 -2.5772
v  1.3425 0.0914 -2.5568
v  1.3420 0.1005 -2.5572
v  1.3191 0.1019 -2.5691
v  1.3674 0.1002 -2.5427
v  1.3676 0.1091 -2.5427
v  1.3936 0.1103 -2.5262
v  1.3676 0.1181 -2.5425
v  1.3931 0.1200 -2.5259
v  1.4187 0.1123 -2.5086
v  1.4178 0.1216 -2.5078
v  1.4431 0.1135 -2.4903
v  1.4419 0.1227 -2.4888
v  1.4658 0.1146 -2.4708
v  1.4641 0.1235 -2.4690
v  1.4372 0.1289 -2.4833
v  1.4594 0.1289 -2.4636
v  1.4335 0.1364 -2.4792
v  1.4561 0.1365 -2.4598
v  1.4320 0.1460 -2.4773
v  1.4547 0.1460 -2.4581
v  1.4308 0.1561 -2.4759
v  1.4534 0.1561 -2.4568
v  1.4527 0.1673 -2.4562
v  1.4300 0.1676 -2.4751
v  1.4747 0.1661 -2.4361
v  1.4746 0.1805 -2.4362
v  1.4526 0.1820 -2.4563
v  1.4964 0.1778 -2.4152
v  1.4967 0.1943 -2.4157
v  1.4751 0.1969 -2.4372
v  1.4764 0.2121 -2.4388
v  1.4531 0.1979 -2.4572
v  1.4544 0.2125 -2.4590
v  1.4566 0.2264 -2.4620
v  1.4316 0.2126 -2.4778
v  1.4337 0.2262 -2.4806
v  1.4397 0.2374 -2.4881
v  1.4626 0.2374 -2.4692
v  1.4719 0.2461 -2.4803
v  1.4491 0.2464 -2.5000
v  1.4851 0.2535 -2.4962
v  1.4621 0.2540 -2.5168
v  1.4832 0.2591 -2.5441
v  1.4383 0.2543 -2.5363
v  1.4589 0.2590 -2.5644
v  1.5061 0.2616 -2.5735
v  1.4811 0.2614 -2.5948
v  1.5282 0.2628 -2.6015
v  1.5021 0.2626 -2.6234
v  1.5184 0.2630 -2.6453
v  1.4746 0.2623 -2.6435
v  1.4901 0.2627 -2.6661
v  1.5004 0.2628 -2.6808
v  1.4610 0.2621 -2.6852
v  1.4716 0.2622 -2.7013
v  1.4798 0.2624 -2.7132
v  1.4504 0.2611 -2.7321
v  1.4423 0.2609 -2.7198
v  1.4573 0.2613 -2.7420
v  1.4865 0.2625 -2.7225
v  1.4636 0.2615 -2.7505
v  1.4926 0.2626 -2.7307
v  1.4697 0.2618 -2.7587
v  1.4987 0.2629 -2.7389
v  1.4741 0.2643 -2.7649
v  1.5038 0.2654 -2.7458
v  1.4726 0.2724 -2.7623
v  1.5016 0.2740 -2.7429
v  1.4713 0.2828 -2.7606
v  1.5005 0.2846 -2.7415
v  1.4709 0.2950 -2.7606
v  1.5003 0.2968 -2.7416
v  1.4711 0.3103 -2.7616
v  1.5006 0.3125 -2.7425
v  1.4722 0.3317 -2.7640
v  1.5020 0.3332 -2.7451
v  1.5309 0.3338 -2.7244
v  1.5041 0.3591 -2.7488
v  1.5330 0.3595 -2.7281
v  1.5615 0.3595 -2.7062
v  1.5641 0.3844 -2.7106
v  1.5356 0.3847 -2.7325
v  1.5919 0.3845 -2.6875
v  1.5947 0.4060 -2.6919
v  1.5670 0.4059 -2.7152
v  1.6218 0.4065 -2.6681
v  1.6246 0.4224 -2.6724
v  1.5975 0.4221 -2.6961
v  1.6506 0.4231 -2.6474
v  1.6480 0.4080 -2.6433
v  1.6765 0.4241 -2.6216
v  1.6795 0.4356 -2.6255
v  1.6536 0.4353 -2.6517
v  1.6584 0.4450 -2.6574
v  1.6277 0.4346 -2.6768
v  1.6321 0.4447 -2.6827
v  1.6658 0.4495 -2.6654
v  1.6392 0.4497 -2.6911
v  1.6470 0.4511 -2.7001
v  1.6115 0.4494 -2.7153
v  1.6189 0.4509 -2.7250
v  1.6258 0.4496 -2.7341
v  1.5890 0.4510 -2.7475
v  1.5955 0.4499 -2.7574
v  1.6011 0.4466 -2.7661
v  1.5660 0.4501 -2.7779
v  1.5719 0.4467 -2.7869
v  1.6058 0.4422 -2.7739
v  1.5769 0.4415 -2.7944
v  1.5791 0.4328 -2.7983
v  1.5479 0.4409 -2.8146
v  1.5509 0.4324 -2.8186
v  1.5795 0.4235 -2.8001
v  1.5521 0.4230 -2.8200
v  1.5789 0.4147 -2.8006
v  1.5517 0.4142 -2.8202
v  1.5209 0.4147 -2.8403
v  1.5200 0.4232 -2.8404
v  1.5209 0.4067 -2.8401
v  1.4909 0.4072 -2.8582
v  1.4909 0.4156 -2.8583
v  1.5208 0.3999 -2.8403
v  1.4911 0.3999 -2.8590
v  1.5240 0.4011 -2.8461
v  1.4939 0.4008 -2.8641
v  1.5271 0.4034 -2.8535
v  1.4972 0.4031 -2.8717
v  1.5580 0.4035 -2.8334
v  1.5619 0.4016 -2.8397
v  1.5307 0.4015 -2.8602
v  1.5646 0.3955 -2.8440
v  1.5332 0.3958 -2.8647
v  1.5653 0.3879 -2.8454
v  1.5338 0.3881 -2.8662
v  1.5643 0.3803 -2.8445
v  1.5327 0.3804 -2.8655
v  1.5037 0.3883 -2.8851
v  1.5029 0.3804 -2.8842
v  1.4722 0.3883 -2.9029
v  1.4715 0.3805 -2.9020
v  1.4685 0.3753 -2.8971
v  1.4396 0.3802 -2.9183
v  1.4366 0.3750 -2.9125
v  1.4648 0.3709 -2.8912
v  1.4337 0.3704 -2.9066
v  1.4055 0.3749 -2.9273
v  1.4023 0.3706 -2.9218
v  1.3766 0.3755 -2.9419
v  1.3730 0.3718 -2.9348
v  1.3719 0.3636 -2.9336
v  1.3471 0.3664 -2.9434
v  1.3478 0.3736 -2.9481
v  1.3489 0.3563 -2.9423
v  1.3348 0.3480 -2.9474
v  1.3238 0.3501 -2.9509
v  1.3151 0.3519 -2.9505
v  1.3089 0.3498 -2.9451
v  1.3042 0.3493 -2.9437
v  1.3045 0.3659 -2.9412
v  1.3013 0.3510 -2.9495
v  1.2960 0.3521 -2.9554
v  1.2932 0.3527 -2.9613
v  1.2974 0.3534 -2.9670
v  1.2929 0.3321 -2.9821
v  1.2833 0.3328 -2.9860
v  1.2795 0.3060 -2.9863
v  1.2724 0.3339 -2.9837
v  1.2707 0.3072 -2.9818
v  1.2697 0.2774 -2.9804
v  1.2775 0.2765 -2.9862
v  1.2683 0.2470 -2.9803
v  1.2769 0.2467 -2.9863
v  1.2693 0.2163 -2.9805
v  1.2775 0.2164 -2.9863
v  1.2704 0.1843 -2.9809
v  1.2784 0.1847 -2.9862
v  1.2713 0.1515 -2.9822
v  1.2803 0.1517 -2.9862
v  1.2723 0.1198 -2.9837
v  1.2823 0.1203 -2.9862
v  1.2841 0.0913 -2.9858
v  1.2738 0.0901 -2.9847
v  1.2626 0.1193 -2.9800
v  1.2642 0.0890 -2.9794
v  1.2506 0.1186 -2.9823
v  1.2529 0.0876 -2.9820
v  1.2358 0.1175 -2.9859
v  1.2389 0.0860 -2.9852
v  1.2151 0.0841 -2.9906
v  1.2125 0.1163 -2.9908
v  1.1786 0.0822 -2.9980
v  1.1769 0.1147 -2.9979
v  1.1796 0.0599 -2.9973
v  1.1412 0.0590 -3.0035
v  1.1406 0.0810 -3.0042
v  1.1417 0.0468 -3.0040
v  1.1031 0.0462 -3.0089
v  1.1027 0.0582 -3.0088
v  1.1034 0.0363 -3.0089
v  1.1421 0.0367 -3.0039
v  1.1038 0.0275 -3.0091
v  1.1425 0.0283 -3.0042
v  1.1047 0.0226 -3.0151
v  1.1437 0.0229 -3.0099
v  1.1054 0.0166 -3.0202
v  1.1448 0.0169 -3.0151
v  1.1056 0.0087 -3.0204
v  1.1451 0.0089 -3.0152
v  1.1053 0.0022 -3.0167
v  1.1448 0.0022 -3.0117
v  1.1045 0.0005 -3.0089
v  1.1438 0.0005 -3.0039
v  1.1038 0.0003 -3.0008
v  1.1428 0.0003 -2.9959
v  1.1029 0.0002 -2.9926
v  1.1418 0.0003 -2.9880
v  1.1019 0.0002 -2.9830
v  1.1405 0.0002 -2.9785
v  1.1005 0.0001 -2.9697
v  1.1388 0.0002 -2.9651
v  1.0990 0.0001 -2.9544
v  1.1367 0.0001 -2.9495
v  1.0970 0.0001 -2.9342
v  1.1341 0.0001 -2.9298
v  1.0942 0.0001 -2.9049
v  1.1301 0.0001 -2.9004
v  1.0906 0.0001 -2.8696
v  1.1253 0.0001 -2.8652
v  1.0868 0.0001 -2.8340
v  1.1202 0.0001 -2.8296
v  1.0828 0.0001 -2.7982
v  1.1150 0.0001 -2.7941
v  1.0788 0.0000 -2.7629
v  1.1099 0.0001 -2.7588
v  1.0747 0.0000 -2.7295
v  1.1050 0.0001 -2.7255
v  1.1011 0.0001 -2.6992
v  1.0713 0.0001 -2.7032
v  1.0982 0.0001 -2.6807
v  1.0687 0.0002 -2.6843
v  1.0960 0.0003 -2.6664
v  1.0667 0.0003 -2.6700
v  1.0945 0.0005 -2.6566
v  1.0652 0.0005 -2.6602
v  1.0931 0.0012 -2.6474
v  1.0639 0.0012 -2.6509
v  1.0918 0.0040 -2.6391
v  1.0626 0.0039 -2.6423
v  1.0911 0.0110 -2.6359
v  1.0619 0.0110 -2.6392
v  1.0908 0.0202 -2.6359
v  1.0614 0.0201 -2.6391
v  1.1201 0.0207 -2.6315
v  1.1199 0.0304 -2.6315
v  1.0904 0.0295 -2.6359
v  1.1485 0.0309 -2.6262
v  1.1195 0.0410 -2.6315
v  1.1483 0.0420 -2.6262
v  1.1770 0.0426 -2.6200
v  1.1482 0.0555 -2.6262
v  1.1772 0.0557 -2.6200
v  1.2056 0.0559 -2.6122
v  1.1774 0.0702 -2.6199
v  1.2062 0.0702 -2.6120
v  1.2346 0.0704 -2.6032
v  1.2069 0.0834 -2.6118
v  1.2359 0.0827 -2.6028
v  1.2629 0.0827 -2.5934
v  1.2371 0.0935 -2.6024
v  1.2641 0.0931 -2.5929
v  1.2846 0.0932 -2.5847
v  1.2653 0.1023 -2.5924
v  1.2854 0.1021 -2.5844
v  1.3017 0.1023 -2.5774
v  1.2855 0.1103 -2.5844
v  1.2665 0.1110 -2.5920
v  1.2850 0.1179 -2.5847
v  1.2674 0.1192 -2.5916
v  1.2835 0.1247 -2.5814
v  1.2659 0.1252 -2.5859
v  1.2820 0.1295 -2.5759
v  1.2639 0.1301 -2.5791
v  1.2808 0.1359 -2.5711
v  1.2635 0.1384 -2.5755
v  1.2917 0.1342 -2.5677
v  1.2921 0.1441 -2.5658
v  1.2812 0.1452 -2.5687
v  1.3021 0.1350 -2.5669
v  1.3014 0.1443 -2.5645
v  1.3109 0.1401 -2.5706
v  1.3100 0.1472 -2.5674
v  1.3162 0.1416 -2.5698
v  1.3159 0.1487 -2.5667
v  1.3192 0.1374 -2.5617
v  1.3191 0.1467 -2.5591
v  1.3261 0.1364 -2.5561
v  1.3257 0.1467 -2.5538
v  1.3369 0.1379 -2.5481
v  1.3359 0.1480 -2.5461
v  1.3392 0.1295 -2.5517
v  1.3611 0.1318 -2.5341
v  1.3586 0.1406 -2.5319
v  1.3651 0.1257 -2.5390
v  1.3897 0.1269 -2.5212
v  1.3858 0.1338 -2.5160
v  1.4138 0.1280 -2.5025
v  1.4102 0.1352 -2.4979
v  1.3838 0.1431 -2.5139
v  1.4084 0.1449 -2.4960
v  1.3822 0.1534 -2.5124
v  1.4070 0.1552 -2.4946
v  1.3811 0.1647 -2.5117
v  1.4062 0.1665 -2.4938
v  1.3807 0.1798 -2.5119
v  1.4059 0.1811 -2.4937
v  1.4299 0.1823 -2.4752
v  1.4062 0.1975 -2.4943
v  1.4303 0.1980 -2.4760
v  1.4078 0.2125 -2.4962
v  1.3827 0.2124 -2.5142
v  1.3811 0.1969 -2.5125
v  1.3853 0.2268 -2.5168
v  1.4104 0.2264 -2.4995
v  1.3914 0.2383 -2.5246
v  1.4161 0.2378 -2.5068
v  1.4006 0.2470 -2.5365
v  1.4253 0.2469 -2.5188
v  1.4137 0.2540 -2.5544
v  1.3890 0.2538 -2.5713
v  1.3755 0.2467 -2.5532
v  1.4082 0.2583 -2.6004
v  1.4340 0.2588 -2.5833
v  1.4277 0.2605 -2.6317
v  1.4549 0.2612 -2.6141
v  1.4463 0.2616 -2.6617
v  1.4173 0.2601 -2.6776
v  1.3998 0.2592 -2.6467
v  1.4318 0.2606 -2.7027
v  1.4023 0.2584 -2.7184
v  1.3880 0.2579 -2.6906
v  1.4125 0.2589 -2.7363
v  1.3829 0.2559 -2.7514
v  1.3727 0.2553 -2.7302
v  1.3905 0.2563 -2.7645
v  1.4203 0.2592 -2.7487
v  1.3970 0.2567 -2.7750
v  1.4272 0.2594 -2.7596
v  1.4030 0.2570 -2.7844
v  1.4333 0.2597 -2.7685
v  1.4088 0.2575 -2.7932
v  1.4392 0.2600 -2.7772
v  1.4130 0.2592 -2.7999
v  1.4436 0.2624 -2.7839
v  1.4118 0.2679 -2.7968
v  1.4420 0.2702 -2.7806
v  1.4107 0.2777 -2.7945
v  1.4408 0.2804 -2.7785
v  1.4102 0.2885 -2.7940
v  1.4405 0.2922 -2.7783
v  1.4101 0.3033 -2.7946
v  1.4407 0.3069 -2.7789
v  1.4112 0.3276 -2.7975
v  1.4419 0.3300 -2.7815
v  1.4136 0.3565 -2.8019
v  1.4442 0.3577 -2.7856
v  1.4745 0.3587 -2.7679
v  1.4471 0.3839 -2.7900
v  1.4773 0.3844 -2.7723
v  1.5068 0.3847 -2.7531
v  1.4801 0.4050 -2.7766
v  1.5096 0.4053 -2.7575
v  1.5384 0.4059 -2.7369
v  1.5122 0.4208 -2.7615
v  1.5411 0.4220 -2.7411
v  1.5696 0.4220 -2.7193
v  1.5723 0.4339 -2.7233
v  1.5436 0.4332 -2.7448
v  1.6005 0.4341 -2.7005
v  1.6048 0.4441 -2.7065
v  1.5761 0.4439 -2.7290
v  1.5824 0.4487 -2.7378
v  1.5467 0.4435 -2.7496
v  1.5525 0.4490 -2.7581
v  1.5592 0.4510 -2.7679
v  1.5233 0.4483 -2.7782
v  1.5297 0.4510 -2.7879
v  1.5365 0.4500 -2.7980
v  1.4999 0.4510 -2.8076
v  1.5063 0.4498 -2.8180
v  1.5427 0.4466 -2.8071
v  1.5120 0.4464 -2.8272
v  1.5169 0.4415 -2.8354
v  1.4821 0.4465 -2.8461
v  1.4867 0.4415 -2.8536
v  1.4889 0.4332 -2.8573
v  1.5192 0.4326 -2.8392
v  1.4899 0.4242 -2.8586
v  1.4583 0.4239 -2.8755
v  1.4574 0.4327 -2.8743
v  1.4591 0.4154 -2.8757
v  1.4271 0.4148 -2.8918
v  1.4269 0.4231 -2.8914
v  1.4591 0.4071 -2.8755
v  1.4272 0.4064 -2.8921
v  1.4591 0.4000 -2.8759
v  1.4273 0.3995 -2.8924
v  1.4302 0.4008 -2.8981
v  1.4622 0.4009 -2.8817
v  1.4655 0.4036 -2.8891
v  1.4337 0.4035 -2.9053
v  1.4689 0.4018 -2.8961
v  1.4372 0.4018 -2.9124
v  1.5007 0.4018 -2.8786
v  1.5030 0.3961 -2.8833
v  1.4714 0.3961 -2.9010
v  1.4396 0.3959 -2.9175
v  1.4404 0.3881 -2.9194
v  1.4088 0.3961 -2.9323
v  1.4093 0.3882 -2.9339
v  1.4086 0.3802 -2.9328
v  1.3798 0.3888 -2.9476
v  1.3793 0.3809 -2.9469
v  1.3527 0.3890 -2.9589
v  1.3525 0.3817 -2.9581
v  1.3506 0.3762 -2.9539
v  1.3295 0.3896 -2.9679
v  1.3096 0.3966 -2.9741
v  1.3291 0.3964 -2.9664
v  1.3090 0.3897 -2.9760
v  1.3520 0.3964 -2.9573
v  1.3272 0.4017 -2.9619
v  1.3500 0.4017 -2.9526
v  1.3791 0.3963 -2.9459
v  1.3769 0.4019 -2.9413
v  1.3470 0.4034 -2.9460
v  1.3736 0.4034 -2.9342
v  1.4067 0.4018 -2.9274
v  1.4034 0.4033 -2.9203
v  1.3702 0.4013 -2.9268
v  1.3999 0.4010 -2.9129
v  1.3431 0.4018 -2.9398
v  1.3397 0.3990 -2.9341
v  1.3672 0.3992 -2.9207
v  1.3970 0.3995 -2.9068
v  1.3669 0.4062 -2.9203
v  1.3969 0.4065 -2.9065
v  1.3394 0.4141 -2.9322
v  1.3670 0.4150 -2.9204
v  1.3393 0.4060 -2.9329
v  1.3969 0.4148 -2.9063
v  1.3670 0.4238 -2.9201
v  1.3967 0.4233 -2.9060
v  1.3391 0.4319 -2.9297
v  1.3663 0.4327 -2.9189
v  1.3396 0.4228 -2.9313
v  1.3962 0.4319 -2.9050
v  1.3649 0.4415 -2.9159
v  1.3948 0.4407 -2.9024
v  1.4264 0.4318 -2.8904
v  1.4248 0.4403 -2.8873
v  1.3906 0.4462 -2.8944
v  1.4207 0.4461 -2.8796
v  1.4555 0.4410 -2.8709
v  1.4514 0.4462 -2.8636
v  1.4156 0.4498 -2.8703
v  1.4462 0.4498 -2.8545
v  1.4766 0.4498 -2.8370
v  1.4403 0.4510 -2.8442
v  1.4704 0.4510 -2.8267
v  1.4099 0.4510 -2.8601
v  1.4039 0.4491 -2.8497
v  1.4342 0.4490 -2.8334
v  1.4640 0.4488 -2.8161
v  1.4285 0.4437 -2.8236
v  1.4585 0.4428 -2.8069
v  1.4936 0.4485 -2.7973
v  1.4880 0.4424 -2.7884
v  1.4552 0.4324 -2.8017
v  1.4852 0.4320 -2.7840
v  1.5180 0.4422 -2.7703
v  1.5147 0.4322 -2.7653
v  1.4827 0.4205 -2.7804
v  1.4527 0.4207 -2.7979
v  1.4500 0.4051 -2.7941
v  1.4223 0.4211 -2.8144
v  1.4196 0.4052 -2.8107
v  1.4250 0.4330 -2.8183
v  1.3946 0.4333 -2.8344
v  1.3919 0.4211 -2.8303
v  1.3983 0.4440 -2.8401
v  1.3687 0.4437 -2.8556
v  1.3648 0.4334 -2.8499
v  1.3742 0.4489 -2.8648
v  1.3460 0.4493 -2.8787
v  1.3404 0.4438 -2.8700
v  1.3517 0.4511 -2.8886
v  1.3800 0.4508 -2.8749
v  1.3569 0.4504 -2.8987
v  1.3857 0.4500 -2.8851
v  1.3614 0.4471 -2.9082
v  1.3352 0.4468 -2.9191
v  1.3314 0.4499 -2.9102
v  1.3379 0.4411 -2.9263
v  1.3163 0.4451 -2.9254
v  1.3191 0.4402 -2.9331
v  1.3210 0.4311 -2.9365
v  1.3093 0.4291 -2.9354
v  1.3082 0.4356 -2.9317
v  1.3212 0.4216 -2.9383
v  1.3098 0.4208 -2.9373
v  1.3209 0.4126 -2.9390
v  1.3094 0.4124 -2.9381
v  1.3016 0.4132 -2.9420
v  1.3023 0.4212 -2.9399
v  1.2925 0.4229 -2.9478
v  1.2914 0.4146 -2.9493
v  1.2758 0.4237 -2.9530
v  1.2748 0.4153 -2.9540
v  1.2736 0.4072 -2.9548
v  1.2509 0.4152 -2.9601
v  1.2504 0.4069 -2.9606
v  1.2727 0.3991 -2.9556
v  1.2496 0.3988 -2.9612
v  1.2725 0.3972 -2.9600
v  1.2495 0.3971 -2.9654
v  1.2729 0.4019 -2.9663
v  1.2505 0.4020 -2.9721
v  1.2742 0.4033 -2.9736
v  1.2520 0.4036 -2.9796
v  1.2917 0.4033 -2.9682
v  1.2930 0.4017 -2.9752
v  1.2757 0.4014 -2.9806
v  1.3089 0.4018 -2.9693
v  1.3071 0.4035 -2.9624
v  1.3242 0.4035 -2.9556
v  1.2933 0.3961 -2.9800
v  1.2767 0.3956 -2.9853
v  1.2925 0.3881 -2.9818
v  1.2762 0.3876 -2.9871
v  1.2729 0.3791 -2.9868
v  1.2558 0.3960 -2.9920
v  1.2568 0.3885 -2.9933
v  1.2284 0.3885 -3.0003
v  1.2277 0.3960 -2.9987
v  1.1969 0.3883 -3.0070
v  1.1962 0.3959 -3.0053
v  1.1972 0.3806 -3.0058
v  1.1633 0.3805 -3.0123
v  1.1632 0.3883 -3.0133
v  1.1628 0.3752 -3.0067
v  1.1967 0.3752 -3.0008
v  1.1626 0.3690 -3.0017
v  1.1963 0.3686 -2.9955
v  1.1628 0.3603 -3.0009
v  1.1969 0.3598 -2.9948
v  1.2276 0.3607 -2.9882
v  1.1977 0.3496 -2.9944
v  1.2281 0.3504 -2.9879
v  1.2498 0.3513 -2.9829
v  1.2501 0.3632 -2.9831
v  1.2482 0.3362 -2.9831
v  1.2284 0.3367 -2.9878
v  1.2616 0.3353 -2.9799
v  1.2627 0.3520 -2.9800
v  1.2647 0.3672 -2.9807
v  1.2760 0.3522 -2.9858
v  1.2468 0.3106 -2.9835
v  1.2597 0.3088 -2.9807
v  1.2456 0.2793 -2.9838
v  1.2584 0.2783 -2.9809
v  1.2449 0.2478 -2.9840
v  1.2574 0.2473 -2.9812
v  1.2460 0.2161 -2.9836
v  1.2582 0.2162 -2.9808
v  1.2476 0.1838 -2.9833
v  1.2599 0.1840 -2.9803
v  1.2489 0.1509 -2.9828
v  1.2613 0.1512 -2.9799
v  1.2336 0.1504 -2.9862
v  1.2317 0.1834 -2.9867
v  1.2096 0.1497 -2.9913
v  1.2064 0.1830 -2.9920
v  1.1751 0.1489 -2.9981
v  1.1733 0.1826 -2.9984
v  1.1386 0.1482 -3.0041
v  1.1380 0.1824 -3.0039
v  1.1396 0.1137 -3.0042
v  1.1018 0.1131 -3.0089
v  1.1012 0.1478 -3.0088
v  1.1024 0.0803 -3.0093
v  1.0639 0.1126 -3.0124
v  1.0642 0.0795 -3.0127
v  1.0644 0.0574 -3.0123
v  1.0260 0.0789 -3.0147
v  1.0261 0.0565 -3.0143
v  1.0262 0.0455 -3.0145
v  1.0646 0.0457 -3.0128
v  1.0263 0.0356 -3.0145
v  1.0648 0.0357 -3.0125
v  1.0265 0.0274 -3.0145
v  1.0651 0.0274 -3.0125
v  1.0268 0.0230 -3.0202
v  1.0658 0.0229 -3.0183
v  1.0270 0.0176 -3.0257
v  1.0662 0.0170 -3.0235
v  1.0271 0.0098 -3.0261
v  1.0662 0.0092 -3.0240
v  1.0270 0.0028 -3.0231
v  1.0660 0.0024 -3.0204
v  1.0266 0.0005 -3.0157
v  1.0655 0.0003 -3.0128
v  1.0263 0.0002 -3.0078
v  1.0649 0.0002 -3.0046
v  1.0258 0.0001 -2.9999
v  1.0642 0.0001 -2.9964
v  1.0253 0.0001 -2.9913
v  1.0635 0.0001 -2.9873
v  1.0248 0.0000 -2.9778
v  1.0624 0.0001 -2.9739
v  1.0243 0.0000 -2.9616
v  1.0614 0.0000 -2.9584
v  1.0237 0.0000 -2.9394
v  1.0602 0.0000 -2.9377
v  1.0230 0.0000 -2.9086
v  1.0584 0.0001 -2.9076
v  1.0562 0.0001 -2.8724
v  1.0220 0.0001 -2.8738
v  1.0536 0.0000 -2.8369
v  1.0207 0.0000 -2.8385
v  1.0509 0.0000 -2.8011
v  1.0192 0.0000 -2.8027
v  1.0479 0.0000 -2.7658
v  1.0177 0.0000 -2.7673
v  1.0448 0.0001 -2.7321
v  1.0159 0.0001 -2.7335
v  1.0420 0.0001 -2.7057
v  1.0143 0.0001 -2.7068
v  1.0398 0.0002 -2.6864
v  1.0130 0.0002 -2.6873
v  1.0380 0.0004 -2.6719
v  1.0120 0.0003 -2.6726
v  1.0368 0.0008 -2.6622
v  1.0113 0.0005 -2.6627
v  1.0357 0.0018 -2.6529
v  1.0106 0.0014 -2.6533
v  1.0348 0.0043 -2.6445
v  1.0100 0.0042 -2.6454
v  1.0340 0.0112 -2.6412
v  1.0095 0.0115 -2.6426
v  1.0335 0.0203 -2.6412
v  1.0092 0.0204 -2.6424
v  1.0328 0.0293 -2.6412
v  1.0088 0.0294 -2.6424
v  1.0608 0.0292 -2.6391
v  1.0601 0.0397 -2.6392
v  1.0318 0.0398 -2.6413
v  1.0899 0.0400 -2.6360
v  1.0892 0.0539 -2.6360
v  1.0590 0.0531 -2.6392
v  1.1190 0.0548 -2.6315
v  1.1186 0.0695 -2.6316
v  1.0885 0.0688 -2.6361
v  1.1481 0.0698 -2.6262
v  1.1480 0.0832 -2.6262
v  1.1181 0.0832 -2.6317
v  1.1777 0.0837 -2.6198
v  1.1479 0.0947 -2.6263
v  1.1780 0.0952 -2.6198
v  1.2076 0.0948 -2.6116
v  1.1783 0.1052 -2.6197
v  1.2083 0.1048 -2.6115
v  1.2380 0.1033 -2.6021
v  1.2092 0.1148 -2.6113
v  1.2389 0.1125 -2.6018
v  1.2096 0.1235 -2.6093
v  1.2394 0.1210 -2.6011
v  1.2375 0.1258 -2.5939
v  1.2075 0.1261 -2.6022
v  1.2056 0.1315 -2.5946
v  1.2357 0.1312 -2.5866
v  1.2053 0.1406 -2.5915
v  1.2354 0.1401 -2.5829
v  1.2052 0.1501 -2.5891
v  1.2355 0.1497 -2.5807
v  1.2633 0.1479 -2.5732
v  1.2633 0.1581 -2.5715
v  1.2358 0.1602 -2.5790
v  1.2815 0.1562 -2.5668
v  1.2821 0.1718 -2.5655
v  1.2637 0.1725 -2.5702
v  1.2932 0.1555 -2.5640
v  1.2943 0.1715 -2.5629
v  1.3019 0.1559 -2.5627
v  1.3030 0.1715 -2.5623
v  1.3095 0.1572 -2.5658
v  1.3102 0.1714 -2.5658
v  1.3158 0.1581 -2.5652
v  1.3156 0.1714 -2.5652
v  1.3182 0.1581 -2.5580
v  1.3173 0.1717 -2.5573
v  1.3248 0.1584 -2.5523
v  1.3240 0.1724 -2.5516
v  1.3355 0.1597 -2.5442
v  1.3353 0.1744 -2.5433
v  1.3558 0.1623 -2.5294
v  1.3553 0.1774 -2.5292
v  1.3571 0.1509 -2.5304
v  1.3353 0.1925 -2.5436
v  1.3558 0.1954 -2.5296
v  1.3362 0.2102 -2.5457
v  1.3576 0.2119 -2.5313
v  1.3378 0.2257 -2.5490
v  1.3601 0.2266 -2.5339
v  1.3434 0.2378 -2.5578
v  1.3664 0.2383 -2.5418
v  1.3526 0.2466 -2.5700
v  1.3341 0.2446 -2.5821
v  1.3269 0.2353 -2.5698
v  1.3439 0.2515 -2.5994
v  1.3648 0.2534 -2.5871
v  1.3574 0.2555 -2.6261
v  1.3817 0.2574 -2.6153
v  1.3725 0.2572 -2.6580
v  1.3486 0.2536 -2.6643
v  1.3389 0.2522 -2.6318
v  1.3601 0.2545 -2.6986
v  1.3393 0.2500 -2.7017
v  1.3342 0.2498 -2.6665
v  1.3463 0.2506 -2.7362
v  1.3310 0.2458 -2.7370
v  1.3276 0.2456 -2.7022
v  1.3351 0.2464 -2.7678
v  1.3548 0.2515 -2.7630
v  1.3627 0.2524 -2.7783
v  1.3693 0.2530 -2.7896
v  1.3755 0.2536 -2.7990
v  1.3600 0.2508 -2.8206
v  1.3815 0.2543 -2.8083
v  1.3623 0.2560 -2.8260
v  1.3854 0.2586 -2.8144
v  1.3594 0.2633 -2.8228
v  1.3834 0.2657 -2.8110
v  1.3818 0.2749 -2.8093
v  1.3568 0.2724 -2.8218
v  1.3809 0.2859 -2.8089
v  1.3545 0.2826 -2.8223
v  1.3804 0.3001 -2.8096
v  1.3522 0.2976 -2.8240
v  1.3808 0.3249 -2.8128
v  1.3510 0.3225 -2.8278
v  1.3521 0.3534 -2.8332
v  1.3828 0.3551 -2.8177
v  1.3550 0.3834 -2.8382
v  1.3859 0.3833 -2.8225
v  1.4166 0.3836 -2.8065
v  1.3891 0.4052 -2.8267
v  1.3584 0.4059 -2.8424
v  1.3617 0.4216 -2.8460
v  1.3302 0.4072 -2.8576
v  1.3330 0.4238 -2.8613
v  1.3364 0.4349 -2.8650
v  1.3162 0.4246 -2.8724
v  1.3171 0.4354 -2.8768
v  1.3190 0.4445 -2.8823
v  1.3080 0.4331 -2.8850
v  1.3078 0.4406 -2.8905
v  1.3230 0.4493 -2.8908
v  1.3087 0.4457 -2.8979
v  1.3272 0.4507 -2.9007
v  1.3112 0.4472 -2.9075
v  1.3135 0.4474 -2.9169
v  1.3060 0.4418 -2.9185
v  1.3052 0.4421 -2.9098
v  1.3070 0.4399 -2.9259
v  1.3025 0.4392 -2.9274
v  1.3017 0.4422 -2.9201
v  1.3032 0.4351 -2.9327
v  1.2942 0.4398 -2.9411
v  1.2935 0.4439 -2.9330
v  1.3031 0.4288 -2.9369
v  1.2937 0.4312 -2.9450
v  1.2766 0.4406 -2.9467
v  1.2765 0.4323 -2.9509
v  1.2505 0.4409 -2.9545
v  1.2510 0.4326 -2.9576
v  1.2514 0.4238 -2.9593
v  1.2206 0.4318 -2.9650
v  1.2208 0.4230 -2.9667
v  1.2207 0.4145 -2.9672
v  1.1888 0.4216 -2.9732
v  1.1888 0.4133 -2.9735
v  1.2207 0.4061 -2.9674
v  1.1887 0.4051 -2.9736
v  1.2209 0.3982 -2.9676
v  1.1887 0.3973 -2.9739
v  1.1897 0.3970 -2.9785
v  1.2217 0.3970 -2.9719
v  1.1913 0.4020 -2.9850
v  1.2227 0.4018 -2.9784
v  1.1931 0.4034 -2.9927
v  1.2243 0.4034 -2.9861
v  1.1948 0.4017 -3.0003
v  1.2262 0.4017 -2.9936
v  1.2540 0.4018 -2.9869
v  1.1615 0.4017 -3.0066
v  1.1599 0.4038 -2.9993
v  1.1626 0.3960 -3.0118
v  1.1274 0.3957 -3.0170
v  1.1263 0.4015 -3.0121
v  1.1280 0.3879 -3.0185
v  1.0919 0.3873 -3.0226
v  1.0914 0.3951 -3.0214
v  1.0921 0.3799 -3.0210
v  1.1282 0.3803 -3.0173
v  1.0919 0.3749 -3.0149
v  1.1278 0.3751 -3.0114
v  1.0918 0.3693 -3.0106
v  1.1276 0.3696 -3.0066
v  1.0921 0.3605 -3.0102
v  1.1278 0.3608 -3.0061
v  1.0925 0.3508 -3.0101
v  1.1283 0.3508 -3.0058
v  1.1633 0.3504 -3.0006
v  1.1289 0.3384 -3.0056
v  1.1640 0.3380 -3.0003
v  1.1985 0.3373 -2.9941
v  1.1651 0.3164 -3.0005
v  1.1996 0.3150 -2.9941
v  1.2285 0.3125 -2.9878
v  1.2006 0.2823 -2.9940
v  1.2283 0.2807 -2.9880
v  1.2016 0.2491 -2.9939
v  1.2282 0.2484 -2.9879
v  1.2028 0.2162 -2.9931
v  1.2293 0.2161 -2.9874
v  1.1711 0.2162 -2.9991
v  1.1684 0.2500 -2.9999
v  1.1376 0.2163 -3.0045
v  1.1350 0.2505 -3.0052
v  1.0998 0.2165 -3.0091
v  1.0984 0.2508 -3.0097
v  1.1005 0.1822 -3.0086
v  1.0628 0.1821 -3.0121
v  1.0620 0.2165 -3.0125
v  1.0634 0.1474 -3.0122
v  1.0256 0.1471 -3.0141
v  1.0253 0.1818 -3.0140
v  1.0259 0.1123 -3.0144
v  1.0076 0.0677 -2.6423
v  1.0080 0.0529 -2.6423
v  1.0085 0.0395 -2.6424
v  1.0307 0.0529 -2.6413
v  1.0294 0.0675 -2.6413
v  1.0577 0.0678 -2.6393
v  1.0565 0.0818 -2.6394
v  1.0281 0.0816 -2.6414
v  1.0876 0.0829 -2.6363
v  1.0868 0.0942 -2.6364
v  1.0555 0.0929 -2.6395
v  1.1177 0.0947 -2.6318
v  1.1174 0.1048 -2.6319
v  1.0861 0.1038 -2.6365
v  1.1479 0.1049 -2.6263
v  1.1478 0.1151 -2.6264
v  1.1171 0.1148 -2.6320
v  1.1786 0.1154 -2.6197
v  1.1475 0.1235 -2.6246
v  1.1785 0.1234 -2.6180
v  1.1462 0.1260 -2.6173
v  1.1768 0.1256 -2.6105
v  1.1449 0.1313 -2.6104
v  1.1756 0.1318 -2.6041
v  1.1443 0.1397 -2.6067
v  1.1750 0.1404 -2.6002
v  1.1440 0.1490 -2.6043
v  1.1746 0.1498 -2.5973
v  1.1436 0.1586 -2.6026
v  1.1746 0.1596 -2.5957
v  1.2054 0.1601 -2.5875
v  1.1746 0.1716 -2.5948
v  1.2058 0.1727 -2.5868
v  1.2364 0.1733 -2.5782
v  1.2063 0.1891 -2.5868
v  1.2372 0.1904 -2.5782
v  1.2645 0.1913 -2.5703
v  1.2381 0.2073 -2.5798
v  1.2652 0.2084 -2.5719
v  1.2847 0.2072 -2.5666
v  1.2834 0.1905 -2.5654
v  1.2961 0.1899 -2.5630
v  1.2978 0.2062 -2.5640
v  1.3046 0.1893 -2.5633
v  1.3063 0.2053 -2.5656
v  1.3118 0.2035 -2.5703
v  1.3113 0.1882 -2.5673
v  1.3157 0.1877 -2.5661
v  1.3160 0.2036 -2.5692
v  1.3175 0.2054 -2.5624
v  1.3174 0.1884 -2.5586
v  1.3237 0.1896 -2.5526
v  1.3229 0.2075 -2.5555
v  1.3172 0.2196 -2.5674
v  1.3226 0.2228 -2.5607
v  1.3194 0.2313 -2.5756
v  1.3164 0.2270 -2.5804
v  1.3161 0.2164 -2.5738
v  1.3234 0.2397 -2.5881
v  1.3184 0.2354 -2.5913
v  1.3217 0.2426 -2.6092
v  1.3294 0.2473 -2.6061
v  1.3279 0.2482 -2.6344
v  1.3202 0.2435 -2.6358
v  1.3175 0.2377 -2.6108
v  1.3247 0.2455 -2.6672
v  1.3173 0.2404 -2.6675
v  1.3138 0.2386 -2.6363
v  1.3189 0.2406 -2.7024
v  1.3112 0.2410 -2.7023
v  1.3098 0.2425 -2.6672
v  1.3119 0.2392 -2.7368
v  1.3206 0.2408 -2.7368
v  1.3126 0.2372 -2.7677
v  1.3227 0.2410 -2.7679
v  1.3034 0.2443 -2.7373
v  1.3044 0.2428 -2.7690
v  1.3051 0.2418 -2.7938
v  1.2933 0.2476 -2.7706
v  1.2932 0.2470 -2.7957
v  1.3031 0.2421 -2.8141
v  1.2921 0.2469 -2.8150
v  1.3005 0.2426 -2.8299
v  1.2894 0.2473 -2.8287
v  1.2976 0.2434 -2.8414
v  1.2872 0.2475 -2.8395
v  1.3066 0.2387 -2.8447
v  1.3124 0.2338 -2.8482
v  1.3189 0.2354 -2.8515
v  1.3163 0.2341 -2.8585
v  1.3203 0.2411 -2.8535
v  1.3144 0.2394 -2.8614
v  1.3300 0.2421 -2.8424
v  1.3266 0.2493 -2.8437
v  1.3143 0.2455 -2.8515
v  1.3421 0.2531 -2.8360
v  1.3428 0.2469 -2.8313
v  1.3374 0.2605 -2.8337
v  1.3213 0.2568 -2.8423
v  1.3338 0.2692 -2.8338
v  1.3175 0.2656 -2.8434
v  1.3305 0.2799 -2.8352
v  1.3143 0.2758 -2.8457
v  1.3276 0.2951 -2.8375
v  1.3122 0.2922 -2.8489
v  1.3127 0.3182 -2.8525
v  1.3254 0.3198 -2.8423
v  1.3253 0.3515 -2.8483
v  1.3136 0.3506 -2.8574
v  1.3275 0.3830 -2.8534
v  1.3143 0.3823 -2.8628
v  1.3150 0.4075 -2.8681
v  1.3075 0.3814 -2.8707
v  1.3077 0.4066 -2.8759
v  1.3077 0.4233 -2.8805
v  1.3011 0.4058 -2.8816
v  1.3023 0.4221 -2.8852
v  1.3028 0.4316 -2.8893
v  1.2970 0.4339 -2.8864
v  1.2956 0.4235 -2.8821
v  1.3028 0.4380 -2.8941
v  1.2984 0.4413 -2.8927
v  1.3042 0.4409 -2.9011
v  1.2998 0.4436 -2.9017
v  1.3008 0.4435 -2.9110
v  1.2892 0.4480 -2.9032
v  1.2910 0.4482 -2.9137
v  1.2925 0.4467 -2.9238
v  1.2718 0.4505 -2.9186
v  1.2736 0.4490 -2.9296
v  1.2754 0.4461 -2.9392
v  1.2468 0.4495 -2.9368
v  1.2488 0.4458 -2.9465
v  1.2165 0.4490 -2.9435
v  1.2185 0.4455 -2.9535
v  1.2201 0.4403 -2.9617
v  1.1863 0.4451 -2.9601
v  1.1879 0.4396 -2.9685
v  1.1885 0.4306 -2.9720
v  1.1541 0.4388 -2.9746
v  1.1547 0.4297 -2.9779
v  1.1552 0.4210 -2.9789
v  1.1203 0.4291 -2.9825
v  1.1204 0.4204 -2.9836
v  1.1209 0.4123 -2.9842
v  1.1554 0.4132 -2.9794
v  1.1217 0.4041 -2.9844
v  1.1555 0.4053 -2.9796
v  1.1225 0.3965 -2.9847
v  1.1557 0.3976 -2.9799
v  1.1232 0.3977 -2.9902
v  1.1568 0.3979 -2.9853
v  1.1237 0.4027 -2.9974
v  1.1583 0.4024 -2.9916
v  1.1250 0.4035 -3.0048
v  1.0896 0.4033 -3.0094
v  1.0887 0.4028 -3.0015
v  1.0906 0.4012 -3.0169
v  1.0543 0.4006 -3.0210
v  1.0533 0.4034 -3.0137
v  1.0549 0.3940 -3.0248
v  1.0198 0.3929 -3.0265
v  1.0193 0.3994 -3.0231
v  1.0201 0.3854 -3.0269
v  1.0554 0.3861 -3.0255
v  1.0202 0.3785 -3.0243
v  1.0558 0.3787 -3.0235
v  1.0202 0.3745 -3.0181
v  1.0557 0.3745 -3.0170
v  1.0204 0.3687 -3.0146
v  1.0558 0.3689 -3.0131
v  1.0208 0.3599 -3.0148
v  1.0562 0.3602 -3.0132
v  1.0212 0.3506 -3.0148
v  1.0566 0.3507 -3.0132
v  1.0216 0.3400 -3.0144
v  1.0571 0.3398 -3.0127
v  1.0931 0.3390 -3.0098
v  1.0582 0.3186 -3.0133
v  1.0943 0.3183 -3.0101
v  1.1301 0.3174 -3.0059
v  1.0962 0.2855 -3.0100
v  1.1322 0.2849 -3.0056
v  1.1666 0.2839 -3.0003
v  1.0597 0.2858 -3.0130
v  1.0610 0.2510 -3.0130
v  1.0243 0.2510 -3.0146
v  1.0235 0.2859 -3.0146
v  1.0248 0.2164 -3.0144
v  1.0052 0.1022 -2.6426
v  1.0063 0.0931 -2.6424
v  1.0070 0.0818 -2.6424
v  1.0271 0.0924 -2.6415
v  1.0262 0.1014 -2.6416
v  1.0546 0.1020 -2.6396
v  1.0539 0.1106 -2.6395
v  1.0258 0.1093 -2.6417
v  1.0853 0.1127 -2.6366
v  1.0534 0.1187 -2.6391
v  1.0846 0.1208 -2.6361
v  1.1167 0.1235 -2.6307
v  1.0837 0.1248 -2.6293
v  1.1154 0.1259 -2.6237
v  1.0830 0.1294 -2.6218
v  1.1140 0.1305 -2.6167
v  1.0824 0.1367 -2.6173
v  1.1133 0.1388 -2.6129
v  1.0817 0.1454 -2.6154
v  1.1129 0.1476 -2.6106
v  1.0813 0.1545 -2.6139
v  1.1124 0.1566 -2.6091
v  1.0810 0.1647 -2.6131
v  1.1122 0.1675 -2.6082
v  1.1434 0.1699 -2.6016
v  1.1120 0.1817 -2.6081
v  1.1434 0.1850 -2.6019
v  1.1749 0.1874 -2.5947
v  1.1437 0.2014 -2.6030
v  1.1754 0.2036 -2.5962
v  1.2069 0.2055 -2.5882
v  1.1761 0.2189 -2.5994
v  1.2077 0.2209 -2.5912
v  1.2391 0.2222 -2.5829
v  1.2091 0.2355 -2.5963
v  1.2408 0.2361 -2.5884
v  1.2663 0.2232 -2.5749
v  1.2690 0.2367 -2.5809
v  1.2869 0.2225 -2.5692
v  1.2905 0.2355 -2.5758
v  1.3003 0.2212 -2.5672
v  1.3031 0.2329 -2.5758
v  1.3085 0.2191 -2.5700
v  1.3109 0.2285 -2.5791
v  1.3124 0.2161 -2.5754
v  1.3131 0.2250 -2.5827
v  1.3151 0.2316 -2.5932
v  1.3116 0.2343 -2.5916
v  1.3119 0.2374 -2.6109
v  1.3069 0.2423 -2.6093
v  1.3054 0.2390 -2.5895
v  1.3087 0.2437 -2.6350
v  1.3009 0.2490 -2.6339
v  1.2983 0.2477 -2.6082
v  1.3018 0.2477 -2.6666
v  1.2899 0.2520 -2.6665
v  1.2856 0.2535 -2.6338
v  1.2920 0.2502 -2.7028
v  1.3027 0.2460 -2.7024
v  1.2928 0.2485 -2.7382
v  1.2690 0.2549 -2.7047
v  1.2709 0.2537 -2.7404
v  1.2718 0.2525 -2.7734
v  1.2373 0.2574 -2.7447
v  1.2386 0.2566 -2.7775
v  1.2715 0.2519 -2.7984
v  1.2398 0.2558 -2.8017
v  1.2711 0.2515 -2.8158
v  1.2411 0.2552 -2.8180
v  1.2707 0.2512 -2.8284
v  1.2423 0.2547 -2.8304
v  1.2704 0.2508 -2.8386
v  1.2437 0.2542 -2.8404
v  1.2699 0.2507 -2.8476
v  1.2446 0.2540 -2.8497
v  1.2698 0.2508 -2.8562
v  1.2458 0.2538 -2.8589
v  1.2703 0.2549 -2.8600
v  1.2463 0.2573 -2.8640
v  1.2696 0.2616 -2.8577
v  1.2459 0.2637 -2.8610
v  1.2690 0.2697 -2.8563
v  1.2455 0.2720 -2.8587
v  1.2690 0.2800 -2.8558
v  1.2452 0.2823 -2.8584
v  1.2845 0.2784 -2.8562
v  1.2835 0.2931 -2.8573
v  1.2691 0.2940 -2.8565
v  1.2939 0.2925 -2.8603
v  1.2960 0.2776 -2.8598
v  1.3013 0.2919 -2.8642
v  1.3035 0.2765 -2.8617
v  1.3063 0.2919 -2.8568
v  1.3068 0.2752 -2.8544
v  1.3080 0.2639 -2.8528
v  1.3100 0.2541 -2.8516
v  1.3065 0.3174 -2.8606
v  1.3009 0.3167 -2.8674
v  1.3072 0.3499 -2.8654
v  1.3018 0.3493 -2.8723
v  1.3011 0.3807 -2.8769
v  1.2937 0.3496 -2.8679
v  1.2930 0.3813 -2.8724
v  1.2943 0.4070 -2.8775
v  1.2831 0.4075 -2.8755
v  1.2826 0.3814 -2.8702
v  1.2842 0.4247 -2.8804
v  1.2673 0.4249 -2.8814
v  1.2668 0.4076 -2.8763
v  1.2679 0.4367 -2.8871
v  1.2855 0.4357 -2.8856
v  1.2872 0.4440 -2.8932
v  1.2687 0.4457 -2.8954
v  1.2701 0.4498 -2.9067
v  1.2409 0.4458 -2.9008
v  1.2425 0.4506 -2.9124
v  1.2446 0.4511 -2.9251
v  1.2120 0.4502 -2.9185
v  1.2142 0.4510 -2.9314
v  1.1800 0.4499 -2.9248
v  1.1824 0.4511 -2.9379
v  1.1846 0.4490 -2.9501
v  1.1492 0.4510 -2.9442
v  1.1511 0.4492 -2.9564
v  1.1527 0.4448 -2.9664
v  1.1173 0.4488 -2.9613
v  1.1187 0.4443 -2.9716
v  1.1200 0.4382 -2.9800
v  1.0848 0.4446 -2.9758
v  1.0855 0.4378 -2.9835
v  1.0857 0.4289 -2.9865
v  1.0521 0.4380 -2.9870
v  1.0514 0.4284 -2.9897
v  1.0858 0.4197 -2.9877
v  1.0498 0.4186 -2.9907
v  1.0855 0.4109 -2.9881
v  1.0486 0.4091 -2.9910
v  1.0858 0.4022 -2.9884
v  1.0482 0.4003 -2.9914
v  1.0485 0.3956 -2.9948
v  1.0865 0.3959 -2.9889
v  1.0500 0.4000 -2.9992
v  1.0876 0.3977 -2.9945
v  1.0518 0.4033 -3.0059
v  1.0176 0.4032 -3.0095
v  1.0154 0.4009 -3.0026
v  1.0186 0.4028 -3.0166
v  1.0225 0.3187 -3.0148
v  0.9909 0.1540 -2.6316
v  0.9915 0.1677 -2.6299
v  0.9964 0.1534 -2.6260
v  0.9971 0.1679 -2.6243
v  1.0053 0.1537 -2.6227
v  1.0055 0.1687 -2.6213
v  1.0223 0.1562 -2.6201
v  1.0219 0.1711 -2.6191
v  1.0228 0.1456 -2.6216
v  1.0236 0.1372 -2.6235
v  1.0501 0.1508 -2.6177
v  1.0496 0.1607 -2.6164
v  1.0506 0.1421 -2.6196
v  1.0236 0.1304 -2.6268
v  1.0511 0.1338 -2.6230
v  1.0520 0.1284 -2.6275
v  1.0528 0.1243 -2.6339
v  1.0492 0.1752 -2.6159
v  1.0807 0.1784 -2.6129
v  1.0489 0.1949 -2.6167
v  1.0805 0.1967 -2.6136
v  1.1120 0.1987 -2.6087
v  1.0806 0.2144 -2.6166
v  1.1126 0.2154 -2.6119
v  1.1443 0.2169 -2.6057
v  1.1133 0.2308 -2.6165
v  1.1452 0.2318 -2.6100
v  1.1772 0.2332 -2.6045
v  1.1475 0.2421 -2.6215
v  1.1798 0.2436 -2.6152
v  1.2123 0.2452 -2.6078
v  1.1836 0.2514 -2.6303
v  1.2172 0.2526 -2.6237
v  1.2444 0.2460 -2.5999
v  1.2505 0.2531 -2.6159
v  1.2739 0.2456 -2.5922
v  1.2800 0.2517 -2.6091
v  1.2944 0.2432 -2.5891
v  1.2579 0.2558 -2.6372
v  1.2234 0.2567 -2.6438
v  1.2303 0.2582 -2.6743
v  1.2650 0.2560 -2.6686
v  1.2350 0.2582 -2.7091
v  1.1950 0.2590 -2.6809
v  1.2000 0.2595 -2.7147
v  1.2029 0.2593 -2.7499
v  1.1649 0.2601 -2.7202
v  1.1681 0.2601 -2.7546
v  1.2044 0.2589 -2.7819
v  1.1699 0.2599 -2.7863
v  1.2057 0.2583 -2.8052
v  1.1712 0.2596 -2.8093
v  1.2069 0.2578 -2.8213
v  1.1724 0.2593 -2.8258
v  1.2082 0.2575 -2.8342
v  1.1735 0.2591 -2.8391
v  1.2095 0.2571 -2.8446
v  1.1746 0.2588 -2.8498
v  1.2107 0.2569 -2.8540
v  1.1757 0.2586 -2.8593
v  1.2121 0.2568 -2.8636
v  1.1769 0.2584 -2.8690
v  1.2130 0.2595 -2.8698
v  1.1778 0.2611 -2.8759
v  1.1774 0.2676 -2.8728
v  1.2129 0.2662 -2.8666
v  1.2127 0.2746 -2.8644
v  1.1773 0.2763 -2.8708
v  1.2128 0.2845 -2.8642
v  1.1774 0.2859 -2.8704
v  1.2128 0.2964 -2.8647
v  1.1775 0.2973 -2.8710
v  1.2451 0.2958 -2.8592
v  1.2448 0.3175 -2.8618
v  1.2128 0.3189 -2.8675
v  1.2686 0.3172 -2.8593
v  1.2674 0.3493 -2.8644
v  1.2438 0.3492 -2.8672
v  1.2831 0.3495 -2.8648
v  1.2832 0.3174 -2.8599
v  1.2933 0.3173 -2.8632
v  1.2667 0.3814 -2.8705
v  1.2424 0.3812 -2.8739
v  1.2410 0.4069 -2.8807
v  1.2105 0.3805 -2.8800
v  1.2094 0.4056 -2.8868
v  1.2401 0.4242 -2.8862
v  1.2089 0.4234 -2.8926
v  1.2400 0.4366 -2.8924
v  1.2091 0.4362 -2.8982
v  1.2101 0.4458 -2.9066
v  1.1768 0.4354 -2.9043
v  1.1780 0.4452 -2.9129
v  1.1441 0.4346 -2.9103
v  1.1453 0.4453 -2.9187
v  1.1472 0.4502 -2.9311
v  1.1120 0.4458 -2.9235
v  1.1137 0.4502 -2.9361
v  1.1156 0.4510 -2.9493
v  1.0823 0.4510 -2.9531
v  1.0806 0.4499 -2.9397
v  1.0837 0.4489 -2.9654
v  1.0509 0.4510 -2.9559
v  1.0517 0.4489 -2.9684
v  1.0521 0.4449 -2.9791
v  1.0231 0.4489 -2.9704
v  1.0231 0.4448 -2.9810
v  1.0228 0.4369 -2.9883
v  1.0031 0.4431 -2.9812
v  1.0039 0.4349 -2.9875
v  1.0224 0.4264 -2.9906
v  1.0033 0.4249 -2.9901
v  1.0207 0.4160 -2.9913
v  1.0016 0.4144 -2.9907
v  1.0168 0.4037 -2.9919
v  0.9988 0.4027 -2.9908
v  0.9919 0.4390 -2.9784
v  0.9922 0.4426 -2.9695
v  1.0022 0.4474 -2.9708
v  0.9918 0.4442 -2.9592
v  1.0014 0.4490 -2.9593
v  1.0224 0.4508 -2.9583
v  1.0006 0.4484 -2.9472
v  1.0212 0.4502 -2.9448
v  1.0495 0.4500 -2.9422
v  1.0195 0.4461 -2.9327
v  1.0478 0.4456 -2.9297
v  1.0790 0.4456 -2.9271
v  1.0462 0.4357 -2.9211
v  1.0776 0.4354 -2.9182
v  1.1107 0.4350 -2.9147
v  1.0762 0.4221 -2.9120
v  1.1096 0.4214 -2.9087
v  1.1432 0.4213 -2.9042
v  1.1086 0.4026 -2.9028
v  1.1426 0.4028 -2.8984
v  1.1764 0.4220 -2.8986
v  1.1763 0.4041 -2.8931
v  1.1423 0.3794 -2.8920
v  1.1765 0.3799 -2.8864
v  1.1069 0.3495 -2.8898
v  1.1422 0.3496 -2.8853
v  1.1076 0.3790 -2.8966
v  1.1771 0.3498 -2.8796
v  1.1422 0.3215 -2.8799
v  1.1776 0.3203 -2.8740
v  1.2119 0.3495 -2.8731
v  1.1065 0.3002 -2.8814
v  1.1422 0.2991 -2.8769
v  1.1066 0.3214 -2.8844
v  1.0709 0.3198 -2.8873
v  1.0710 0.2995 -2.8842
v  1.0715 0.3491 -2.8931
v  1.0401 0.3487 -2.8957
v  1.0388 0.3176 -2.8894
v  1.0413 0.3793 -2.9025
v  1.0729 0.3791 -2.8998
v  1.0427 0.4048 -2.9091
v  1.0745 0.4035 -2.9062
v  1.0444 0.4231 -2.9149
v  1.0169 0.4049 -2.9120
v  1.0168 0.4239 -2.9183
v  1.0178 0.4368 -2.9244
v  1.0015 0.4231 -2.9231
v  1.0007 0.4359 -2.9286
v  1.0001 0.4448 -2.9362
v  0.9912 0.4403 -2.9402
v  0.9918 0.4334 -2.9337
v  0.9913 0.4438 -2.9488
v  0.9913 0.1863 -2.6307
v  0.9909 0.2039 -2.6336
v  0.9968 0.1872 -2.6252
v  0.9951 0.2061 -2.6280
v  1.0047 0.1884 -2.6221
v  1.0029 0.2075 -2.6247
v  1.0214 0.1912 -2.6196
v  1.0209 0.2110 -2.6223
v  1.0489 0.2135 -2.6199
v  1.0205 0.2266 -2.6265
v  1.0491 0.2291 -2.6246
v  1.0811 0.2307 -2.6210
v  1.0499 0.2402 -2.6351
v  1.0825 0.2416 -2.6321
v  1.1151 0.2419 -2.6272
v  1.0845 0.2489 -2.6464
v  1.1178 0.2495 -2.6420
v  1.1506 0.2500 -2.6364
v  1.1210 0.2552 -2.6609
v  1.1547 0.2558 -2.6559
v  1.1886 0.2566 -2.6501
v  1.1602 0.2592 -2.6865
v  1.1257 0.2592 -2.6912
v  1.1298 0.2601 -2.7249
v  1.0910 0.2587 -2.6953
v  1.0950 0.2594 -2.7290
v  1.1332 0.2604 -2.7587
v  1.0986 0.2596 -2.7628
v  1.1357 0.2604 -2.7903
v  1.1014 0.2596 -2.7943
v  1.1373 0.2603 -2.8136
v  1.1031 0.2595 -2.8179
v  1.1385 0.2602 -2.8304
v  1.1042 0.2593 -2.8344
v  1.1394 0.2600 -2.8435
v  1.1050 0.2592 -2.8473
v  1.1401 0.2598 -2.8543
v  1.1056 0.2591 -2.8576
v  1.1408 0.2595 -2.8637
v  1.1062 0.2591 -2.8671
v  1.1416 0.2595 -2.8729
v  1.1070 0.2591 -2.8766
v  1.1422 0.2616 -2.8804
v  1.1075 0.2615 -2.8837
v  1.1420 0.2687 -2.8781
v  1.1071 0.2690 -2.8816
v  1.1420 0.2778 -2.8765
v  1.1068 0.2783 -2.8805
v  1.1422 0.2876 -2.8763
v  1.1066 0.2881 -2.8805
v  1.0717 0.2769 -2.8831
v  1.0713 0.2870 -2.8831
v  1.0391 0.2832 -2.8852
v  1.0398 0.2735 -2.8854
v  1.0386 0.2963 -2.8861
v  1.0160 0.2938 -2.8885
v  1.0160 0.2787 -2.8875
v  1.0172 0.3170 -2.8918
v  1.0032 0.3163 -2.8963
v  1.0029 0.2929 -2.8926
v  1.0033 0.3471 -2.9027
v  1.0180 0.3481 -2.8980
v  1.0175 0.3788 -2.9051
v  1.0025 0.3775 -2.9094
v  1.0018 0.4037 -2.9166
v  0.9932 0.3759 -2.9158
v  0.9933 0.4025 -2.9225
v  0.9929 0.4220 -2.9284
v  0.9902 0.2171 -2.6397
v  0.9901 0.2274 -2.6482
v  0.9927 0.2207 -2.6339
v  0.9936 0.2314 -2.6441
v  1.0015 0.2346 -2.6406
v  1.0008 0.2234 -2.6292
v  1.0207 0.2376 -2.6368
v  1.0216 0.2457 -2.6519
v  1.0032 0.2427 -2.6556
v  1.0513 0.2476 -2.6491
v  1.0234 0.2523 -2.6726
v  1.0532 0.2541 -2.6683
v  1.0871 0.2548 -2.6647
v  1.0567 0.2574 -2.6991
v  1.0261 0.2544 -2.7024
v  1.0289 0.2544 -2.7356
v  1.0607 0.2578 -2.7328
v  1.0314 0.2541 -2.7688
v  1.0643 0.2578 -2.7665
v  1.0337 0.2539 -2.8009
v  1.0670 0.2576 -2.7982
v  1.0688 0.2574 -2.8220
v  1.0351 0.2536 -2.8260
v  1.0699 0.2573 -2.8377
v  1.0368 0.2536 -2.8412
v  1.0384 0.2534 -2.8532
v  1.0708 0.2572 -2.8499
v  1.0396 0.2534 -2.8631
v  1.0714 0.2572 -2.8600
v  1.0408 0.2533 -2.8722
v  1.0720 0.2571 -2.8695
v  1.0418 0.2537 -2.8811
v  1.0725 0.2571 -2.8787
v  1.0419 0.2574 -2.8871
v  1.0727 0.2602 -2.8855
v  1.0407 0.2651 -2.8863
v  1.0722 0.2679 -2.8841
v  1.0196 0.2538 -2.8894
v  1.0179 0.2614 -2.8883
v  1.0168 0.2695 -2.8875
v  1.0030 0.2675 -2.8906
v  1.0041 0.2591 -2.8905
v  1.0026 0.2773 -2.8911
v  0.9935 0.2773 -2.8966
v  0.9939 0.2921 -2.8987
v  0.9941 0.3153 -2.9028
v  0.9934 0.3456 -2.9090
v  0.9917 0.2405 -2.6801
v  0.9908 0.2349 -2.6608
v  0.9965 0.2445 -2.6785
v  0.9951 0.2389 -2.6584
v  1.0053 0.2488 -2.6762
v  1.0077 0.2505 -2.7045
v  0.9989 0.2467 -2.7056
v  1.0093 0.2501 -2.7368
v  1.0003 0.2465 -2.7371
v  1.0011 0.2457 -2.7695
v  1.0109 0.2495 -2.7695
v  1.0026 0.2456 -2.8010
v  1.0129 0.2493 -2.8013
v  1.0040 0.2452 -2.8281
v  1.0146 0.2492 -2.8279
v  1.0154 0.2486 -2.8456
v  1.0041 0.2446 -2.8469
v  1.0164 0.2484 -2.8570
v  1.0039 0.2438 -2.8596
v  1.0175 0.2482 -2.8674
v  1.0048 0.2436 -2.8707
v  1.0186 0.2483 -2.8765
v  1.0200 0.2486 -2.8849
v  0.9956 0.2392 -2.8609
v  0.9963 0.2391 -2.8721
v  0.9933 0.2425 -2.7371
v  0.9930 0.2427 -2.7064
v  0.9938 0.2416 -2.7696
v  0.9947 0.2415 -2.8007
v  0.9952 0.2410 -2.8276
v  0.9953 0.2400 -2.8467
v  1.0144 0.3957 -2.9975
v  1.0140 0.3965 -2.9924
v  0.9975 0.3924 -2.9910
v  0.9923 0.3752 -2.9892
v  0.9920 0.3555 -2.9883
v  0.9916 0.3294 -2.9879
v  0.9911 0.3007 -2.9873
v  0.9905 0.2782 -2.9871
v  0.9906 0.2623 -2.9866
v  1.0044 0.1100 -2.6427
v  1.3170 0.1290 -2.6013
v  1.3111 0.1270 -2.6281
v  1.3168 0.1269 -2.6280
v  1.3185 0.1206 -2.6279
v  1.3119 0.1206 -2.6280
v  0.9918 0.1220 -2.6893
v  0.9915 0.1213 -2.7112
v  0.9905 0.1256 -2.6895
v  0.9907 0.1248 -2.7112
v  0.9909 0.1220 -2.7276
v  0.9902 0.1247 -2.7272
v  0.9897 0.1226 -2.7372
v  1.3204 0.1205 -2.9370
v  1.3188 0.1204 -2.9213
v  1.3185 0.1279 -2.8969
v  1.3187 0.1204 -2.8972
v  1.3105 0.1207 -2.8970
v  1.3116 0.1298 -2.8967
v  1.3188 0.1203 -2.8660
v  1.3113 0.1205 -2.8659
v  1.3118 0.1281 -2.8658
v  1.3186 0.1269 -2.8658
v  1.3118 0.1205 -2.8335
v  1.3121 0.1274 -2.8335
v  1.3184 0.1263 -2.8335
v  1.3189 0.1203 -2.8335
v  1.3124 0.1273 -2.8037
v  1.3177 0.1261 -2.8035
v  1.3185 0.1205 -2.8036
v  1.3129 0.1213 -2.8038
v  1.3179 0.1204 -2.7903
v  1.3174 0.1257 -2.7902
v  1.3131 0.1214 -2.7904
v  1.3120 0.1262 -2.7903
v  1.3114 0.2153 -2.9488
v  1.2978 0.2474 -2.8876
v  1.2981 0.2452 -2.9062
v  0.9939 0.2345 -2.9199
v  0.9987 0.2394 -2.9207
v  0.9933 0.2324 -2.9400
v  0.9979 0.2367 -2.9405
v  0.9940 0.2417 -2.9414
v  0.9940 0.2405 -2.9549
v  0.9982 0.2355 -2.9545
v  0.9935 0.2395 -2.9643
v  1.0201 0.2323 -2.9879
v  0.9928 0.2014 -2.9856
v  0.9908 0.1867 -2.9838
v  0.9903 0.1981 -2.9803
v  0.9910 0.1660 -2.9851
v  0.9910 0.1525 -2.9841
v  0.9925 0.1264 -2.9514
v  0.9919 0.1256 -2.9316
v  0.9916 0.1248 -2.9061
v  0.9914 0.1240 -2.8756
v  0.9912 0.1235 -2.8448
v  0.9908 0.1234 -2.8180
v  0.9904 0.1237 -2.8056
v  0.9879 0.1251 -2.7429
# 8589 vertices

vn 0.0000 0.0000 -0.0000
vn -0.0000 0.0856 -0.9963
vn 0.6244 0.0899 -0.7759
vn 0.0001 0.1390 -0.9903
vn -0.0000 0.9973 -0.0732
vn 0.0001 0.9956 -0.0935
vn 0.5920 0.8052 -0.0343
vn 0.8987 -0.3885 -0.2036
vn -0.0000 -0.5281 -0.8492
vn -0.0000 -0.9468 -0.3220
vn 0.7997 0.0104 -0.6003
vn 0.0001 -0.8029 -0.5961
vn 0.0001 0.8371 -0.5470
vn 0.7005 0.5871 -0.4058
vn -0.0000 0.6305 0.7762
vn 0.1082 0.6802 -0.7250
vn 0.0217 0.0528 -0.9984
vn 0.3857 0.0612 -0.9206
vn 0.0001 -0.9900 0.1411
vn 0.2738 -0.9149 0.2967
vn -0.0003 -0.9432 0.3321
vn -0.0000 0.8162 0.5778
vn 0.0001 -0.1873 0.9823
vn 0.4336 0.1259 0.8923
vn -0.0000 -0.2685 -0.9633
vn 0.9314 -0.3550 0.0803
vn 0.9994 -0.0163 0.0302
vn -0.0003 -1.0000 0.0005
vn -0.0002 -1.0000 0.0003
vn 0.0001 -1.0000 -0.0005
vn 0.0003 -1.0000 -0.0012
vn -0.1737 0.0360 -0.9841
vn 0.6601 0.3514 -0.6639
vn 0.0001 0.5968 -0.8024
vn -0.0000 0.5957 -0.8032
vn 0.7226 0.0602 -0.6887
vn -0.0000 0.0617 -0.9981
vn 0.0001 0.0900 -0.9959
vn 0.9964 0.0535 0.0658
vn 0.9590 0.1286 0.2524
vn 0.0001 -0.5108 0.8597
vn 0.9082 -0.3825 0.1699
vn 0.0002 -0.4255 0.9049
vn -0.0126 -0.9999 0.0057
vn 0.4427 0.0583 -0.8948
vn -0.8185 0.0144 0.5743
vn -0.6598 0.0081 0.7514
vn -0.6243 0.0899 -0.7760
vn -0.5919 0.8053 -0.0343
vn -0.8987 -0.3885 -0.2036
vn -0.7997 0.0104 -0.6003
vn -0.1082 0.6802 -0.7250
vn -0.7005 0.5871 -0.4058
vn -0.0217 0.0528 -0.9984
vn -0.3856 0.0612 -0.9206
vn -0.2741 -0.9148 0.2966
vn -0.4336 0.1259 0.8923
vn -0.9994 -0.0163 0.0302
vn -0.9314 -0.3551 0.0803
vn -0.0001 -1.0000 -0.0005
vn 0.0002 -1.0000 0.0003
vn 0.0003 -1.0000 0.0005
vn -0.0003 -1.0000 -0.0012
vn 0.1770 0.0364 -0.9835
vn -0.6601 0.3514 -0.6639
vn -0.7225 0.0602 -0.6887
vn -0.9964 0.0535 0.0658
vn -0.9590 0.1286 0.2525
vn -0.9081 -0.3826 0.1699
vn 0.8181 0.0143 0.5749
vn -0.4427 0.0582 -0.8948
vn 0.0126 -0.9999 0.0057
vn 0.6605 0.0081 0.7508
# 73 vertex normals

vt 0.8204 0.2142 0.0000
vt 0.8178 0.2146 0.0000
vt 0.8176 0.2119 0.0000
vt 0.8198 0.2109 0.0000
vt 0.7053 0.9826 0.0000
vt 0.6941 0.9797 0.0000
vt 0.6940 0.9769 0.0000
vt 0.7053 0.9800 0.0000
vt 0.8140 0.3099 0.0000
vt 0.8142 0.3137 0.0000
vt 0.8082 0.3142 0.0000
vt 0.8097 0.3096 0.0000
vt 0.8152 0.3174 0.0000
vt 0.8097 0.3181 0.0000
vt 0.6017 0.8513 0.0000
vt 0.5981 0.8515 0.0000
vt 0.5981 0.8503 0.0000
vt 0.6026 0.8494 0.0000
vt 0.6133 0.8587 0.0000
vt 0.6120 0.8582 0.0000
vt 0.6135 0.8555 0.0000
vt 0.6137 0.8567 0.0000
vt 0.1227 0.6252 0.0000
vt 0.1240 0.6277 0.0000
vt 0.1221 0.6261 0.0000
vt 0.1203 0.6250 0.0000
vt 0.1201 0.6260 0.0000
vt 0.1214 0.6266 0.0000
vt 0.1222 0.6274 0.0000
vt 0.1200 0.6273 0.0000
vt 0.7299 0.8971 0.0000
vt 0.7302 0.8968 0.0000
vt 0.7312 0.8963 0.0000
vt 0.7302 0.8973 0.0000
vt 0.0379 0.5959 0.0000
vt 0.0359 0.5927 0.0000
vt 0.0360 0.5926 0.0000
vt 0.0385 0.5965 0.0000
vt 0.7260 0.8978 0.0000
vt 0.7267 0.8970 0.0000
vt 0.7261 0.8980 0.0000
vt 0.7261 0.8983 0.0000
vt 0.5311 0.4127 0.0000
vt 0.5287 0.4174 0.0000
vt 0.5181 0.4091 0.0000
vt 0.5224 0.3995 0.0000
vt 0.5052 0.4021 0.0000
vt 0.5080 0.3923 0.0000
vt 0.5104 0.3795 0.0000
vt 0.5219 0.3825 0.0000
vt 0.5306 0.3984 0.0000
vt 0.5331 0.4079 0.0000
vt 0.5287 0.3822 0.0000
vt 0.3638 0.1842 0.0000
vt 0.3514 0.1845 0.0000
vt 0.3529 0.1813 0.0000
vt 0.3675 0.1812 0.0000
vt 0.3676 0.1881 0.0000
vt 0.3535 0.1881 0.0000
vt 0.3398 0.1882 0.0000
vt 0.3389 0.1851 0.0000
vt 0.3391 0.1820 0.0000
vt 0.2074 0.1837 0.0000
vt 0.2118 0.1862 0.0000
vt 0.2038 0.1865 0.0000
vt 0.2002 0.1835 0.0000
vt 0.2195 0.1806 0.0000
vt 0.2205 0.1830 0.0000
vt 0.2085 0.1816 0.0000
vt 0.2207 0.1780 0.0000
vt 0.9604 0.1786 0.0000
vt 0.9562 0.1722 0.0000
vt 0.9601 0.1725 0.0000
vt 0.9628 0.1793 0.0000
vt 0.3965 0.9710 0.0000
vt 0.3995 0.9709 0.0000
vt 0.3981 0.9747 0.0000
vt 0.3947 0.9714 0.0000
vt 0.4038 0.9711 0.0000
vt 0.4030 0.9761 0.0000
vt 0.3968 0.9783 0.0000
vt 0.3923 0.9731 0.0000
vt 0.4006 0.9686 0.0000
vt 0.4036 0.9666 0.0000
vt 0.9033 0.3385 0.0000
vt 0.8982 0.3381 0.0000
vt 0.9066 0.3328 0.0000
vt 0.9078 0.3374 0.0000
vt 0.7001 0.9442 0.0000
vt 0.6930 0.9434 0.0000
vt 0.6988 0.9411 0.0000
vt 0.7018 0.9424 0.0000
vt 0.6206 0.8436 0.0000
vt 0.6256 0.8411 0.0000
vt 0.6261 0.8411 0.0000
vt 0.6198 0.8444 0.0000
vt 0.6401 0.9913 0.0000
vt 0.6360 0.9950 0.0000
vt 0.6351 0.9948 0.0000
vt 0.6423 0.9891 0.0000
vt 0.6688 0.9340 0.0000
vt 0.6685 0.9362 0.0000
vt 0.6644 0.9338 0.0000
vt 0.6640 0.9317 0.0000
vt 0.6675 0.9377 0.0000
vt 0.6628 0.9348 0.0000
vt 0.6583 0.9774 0.0000
vt 0.6610 0.9775 0.0000
vt 0.6555 0.9821 0.0000
vt 0.6541 0.9826 0.0000
vt 0.6843 0.9412 0.0000
vt 0.6858 0.9404 0.0000
vt 0.6873 0.9475 0.0000
vt 0.6591 0.9836 0.0000
vt 0.6524 0.9856 0.0000
vt 0.6517 0.9844 0.0000
vt 0.6541 0.9793 0.0000
vt 0.6470 0.9851 0.0000
vt 0.6453 0.9838 0.0000
vt 0.6515 0.9780 0.0000
vt 0.6590 0.9716 0.0000
vt 0.6577 0.9692 0.0000
vt 0.6611 0.9725 0.0000
vt 0.6463 0.9880 0.0000
vt 0.6806 0.9429 0.0000
vt 0.6815 0.9399 0.0000
vt 0.6843 0.9555 0.0000
vt 0.6921 0.9516 0.0000
vt 0.6859 0.9585 0.0000
vt 0.6813 0.9480 0.0000
vt 0.6969 0.9454 0.0000
vt 0.6611 0.9675 0.0000
vt 0.6592 0.9669 0.0000
vt 0.9303 0.3906 0.0000
vt 0.9349 0.3791 0.0000
vt 0.9370 0.3771 0.0000
vt 0.9343 0.3862 0.0000
vt 0.6832 0.9643 0.0000
vt 0.6819 0.9634 0.0000
vt 0.9521 0.2097 0.0000
vt 0.9524 0.2064 0.0000
vt 0.9577 0.2083 0.0000
vt 0.9569 0.2113 0.0000
vt 0.9524 0.2048 0.0000
vt 0.9578 0.2069 0.0000
vt 0.9622 0.2078 0.0000
vt 0.9626 0.2090 0.0000
vt 0.9607 0.2109 0.0000
vt 0.9596 0.2126 0.0000
vt 0.9627 0.2100 0.0000
vt 0.2142 0.1970 0.0000
vt 0.2218 0.1963 0.0000
vt 0.2209 0.2018 0.0000
vt 0.2167 0.1986 0.0000
vt 0.2146 0.2000 0.0000
vt 0.2152 0.2012 0.0000
vt 0.9531 0.2017 0.0000
vt 0.9583 0.2049 0.0000
vt 0.2233 0.2037 0.0000
vt 0.2180 0.2068 0.0000
vt 0.2169 0.2035 0.0000
vt 0.2128 0.2023 0.0000
vt 0.9743 0.1712 0.0000
vt 0.9770 0.1729 0.0000
vt 0.9752 0.1735 0.0000
vt 0.9724 0.1726 0.0000
vt 0.9730 0.1748 0.0000
vt 0.9718 0.1730 0.0000
vt 0.9761 0.1760 0.0000
vt 0.2379 0.8746 0.0000
vt 0.2442 0.8772 0.0000
vt 0.2405 0.8792 0.0000
vt 0.2367 0.8754 0.0000
vt 0.9711 0.1763 0.0000
vt 0.9722 0.1775 0.0000
vt 0.2415 0.8834 0.0000
vt 0.2419 0.8893 0.0000
vt 0.2380 0.8875 0.0000
vt 0.2324 0.8797 0.0000
vt 0.2461 0.8900 0.0000
vt 0.2446 0.8844 0.0000
vt 0.5963 0.8562 0.0000
vt 0.5919 0.8548 0.0000
vt 0.5941 0.8503 0.0000
vt 0.6004 0.8543 0.0000
vt 0.9392 0.1831 0.0000
vt 0.9258 0.1811 0.0000
vt 0.9263 0.1780 0.0000
vt 0.9393 0.1796 0.0000
vt 0.9270 0.1749 0.0000
vt 0.9359 0.1765 0.0000
vt 0.9872 0.1268 0.0000
vt 0.9803 0.1304 0.0000
vt 0.9830 0.1261 0.0000
vt 0.9879 0.1253 0.0000
vt 0.3063 0.8720 0.0000
vt 0.3048 0.8812 0.0000
vt 0.3023 0.8783 0.0000
vt 0.3047 0.8716 0.0000
vt 0.9765 0.1403 0.0000
vt 0.9737 0.1403 0.0000
vt 0.9766 0.1301 0.0000
vt 0.9803 0.1269 0.0000
vt 0.3005 0.8861 0.0000
vt 0.2980 0.8834 0.0000
vt 0.2886 0.8840 0.0000
vt 0.2886 0.8807 0.0000
vt 0.9848 0.1233 0.0000
vt 0.9893 0.1230 0.0000
vt 0.3074 0.8725 0.0000
vt 0.3070 0.8833 0.0000
vt 0.3193 0.1607 0.0000
vt 0.3203 0.1639 0.0000
vt 0.3051 0.1646 0.0000
vt 0.3048 0.1614 0.0000
vt 0.3366 0.1596 0.0000
vt 0.3367 0.1627 0.0000
vt 0.3047 0.1583 0.0000
vt 0.3197 0.1574 0.0000
vt 0.3366 0.1562 0.0000
vt 0.9944 0.1222 0.0000
vt 0.9950 0.1238 0.0000
vt 0.3097 0.8637 0.0000
vt 0.3111 0.8646 0.0000
vt 0.7136 0.9836 0.0000
vt 0.7132 0.9869 0.0000
vt 0.7048 0.9851 0.0000
vt 0.8200 0.3170 0.0000
vt 0.8207 0.3198 0.0000
vt 0.8165 0.3208 0.0000
vt 0.5902 0.8586 0.0000
vt 0.5936 0.8599 0.0000
vt 0.9599 0.3198 0.0000
vt 0.9609 0.3241 0.0000
vt 0.9582 0.3239 0.0000
vt 0.9571 0.3191 0.0000
vt 0.9518 0.3225 0.0000
vt 0.9516 0.3190 0.0000
vt 0.5541 0.9760 0.0000
vt 0.5567 0.9760 0.0000
vt 0.5571 0.9798 0.0000
vt 0.5551 0.9790 0.0000
vt 0.2392 0.3133 0.0000
vt 0.2416 0.3107 0.0000
vt 0.2430 0.3125 0.0000
vt 0.2400 0.3146 0.0000
vt 0.2892 0.8873 0.0000
vt 0.2470 0.3142 0.0000
vt 0.2444 0.3155 0.0000
vt 0.2451 0.3109 0.0000
vt 0.2419 0.3166 0.0000
vt 0.9798 0.1230 0.0000
vt 0.9862 0.1205 0.0000
vt 0.9844 0.1194 0.0000
vt 0.9735 0.1276 0.0000
vt 0.9750 0.1170 0.0000
vt 0.9791 0.1166 0.0000
vt 0.5560 0.9830 0.0000
vt 0.5551 0.9843 0.0000
vt 0.5527 0.9793 0.0000
vt 0.5524 0.9743 0.0000
vt 0.5487 0.9785 0.0000
vt 0.5494 0.9740 0.0000
vt 0.9694 0.1284 0.0000
vt 0.9710 0.1175 0.0000
vt 0.9709 0.1400 0.0000
vt 0.9677 0.1410 0.0000
vt 0.9882 0.1175 0.0000
vt 0.9891 0.1198 0.0000
vt 0.3049 0.8893 0.0000
vt 0.3057 0.8935 0.0000
vt 0.2899 0.8942 0.0000
vt 0.2894 0.8904 0.0000
vt 0.2366 0.3166 0.0000
vt 0.2376 0.3178 0.0000
vt 0.5582 0.9896 0.0000
vt 0.5541 0.9872 0.0000
vt 0.5590 0.9885 0.0000
vt 0.2449 0.3177 0.0000
vt 0.2421 0.3190 0.0000
vt 0.5491 0.9831 0.0000
vt 0.5522 0.9842 0.0000
vt 0.5538 0.9876 0.0000
vt 0.5500 0.9865 0.0000
vt 0.9866 0.0881 0.0000
vt 0.9830 0.0897 0.0000
vt 0.9869 0.0787 0.0000
vt 0.9897 0.0787 0.0000
vt 0.9836 0.1057 0.0000
vt 0.9802 0.1051 0.0000
vt 0.4409 0.9701 0.0000
vt 0.4442 0.9770 0.0000
vt 0.4390 0.9759 0.0000
vt 0.4342 0.9669 0.0000
vt 0.4476 0.9661 0.0000
vt 0.4543 0.9709 0.0000
vt 0.4527 0.9751 0.0000
vt 0.4523 0.9782 0.0000
vt 0.2604 0.3304 0.0000
vt 0.2557 0.3256 0.0000
vt 0.2575 0.3222 0.0000
vt 0.2668 0.3256 0.0000
vt 0.2587 0.3194 0.0000
vt 0.2668 0.3201 0.0000
vt 0.2752 0.3194 0.0000
vt 0.2758 0.3241 0.0000
vt 0.2702 0.3329 0.0000
vt 0.2659 0.3360 0.0000
vt 0.2764 0.3300 0.0000
vt 0.9794 0.0904 0.0000
vt 0.9760 0.0899 0.0000
vt 0.9792 0.0781 0.0000
vt 0.9845 0.0784 0.0000
vt 0.9810 0.0687 0.0000
vt 0.9864 0.0689 0.0000
vt 0.4403 0.9879 0.0000
vt 0.4385 0.9896 0.0000
vt 0.4385 0.9831 0.0000
vt 0.4413 0.9818 0.0000
vt 0.5162 0.1862 0.0000
vt 0.5206 0.1857 0.0000
vt 0.5211 0.1889 0.0000
vt 0.5162 0.1893 0.0000
vt 0.5255 0.1853 0.0000
vt 0.5266 0.1872 0.0000
vt 0.5163 0.1922 0.0000
vt 0.5210 0.1919 0.0000
vt 0.3571 0.9043 0.0000
vt 0.3494 0.9047 0.0000
vt 0.3505 0.9017 0.0000
vt 0.3571 0.9027 0.0000
vt 0.2515 0.0415 0.0000
vt 0.2519 0.0483 0.0000
vt 0.2458 0.0443 0.0000
vt 0.2466 0.0383 0.0000
vt 0.5236 0.2289 0.0000
vt 0.5264 0.2297 0.0000
vt 0.5253 0.2320 0.0000
vt 0.5232 0.2320 0.0000
vt 0.5236 0.2352 0.0000
vt 0.5266 0.2346 0.0000
vt 0.5291 0.2321 0.0000
vt 0.5212 0.1830 0.0000
vt 0.5265 0.1829 0.0000
vt 0.9424 0.6589 0.0000
vt 0.9404 0.6621 0.0000
vt 0.9366 0.6620 0.0000
vt 0.9390 0.6576 0.0000
vt 0.9433 0.6624 0.0000
vt 0.9458 0.6586 0.0000
vt 0.9482 0.6598 0.0000
vt 0.9472 0.6629 0.0000
vt 0.5264 0.1803 0.0000
vt 0.5215 0.1804 0.0000
vt 0.5218 0.1772 0.0000
vt 0.5257 0.1779 0.0000
vt 0.9530 0.6636 0.0000
vt 0.9538 0.6597 0.0000
vt 0.5271 0.2127 0.0000
vt 0.5304 0.2150 0.0000
vt 0.5291 0.2176 0.0000
vt 0.5262 0.2164 0.0000
vt 0.5259 0.2194 0.0000
vt 0.5290 0.2201 0.0000
vt 0.8945 0.6408 0.0000
vt 0.8929 0.6370 0.0000
vt 0.8951 0.6375 0.0000
vt 0.8971 0.6403 0.0000
vt 0.5250 0.1881 0.0000
vt 0.5282 0.1906 0.0000
vt 0.5227 0.1937 0.0000
vt 0.5286 0.1972 0.0000
vt 0.5242 0.1976 0.0000
vt 0.9123 0.6662 0.0000
vt 0.9084 0.6569 0.0000
vt 0.9132 0.6565 0.0000
vt 0.9190 0.6638 0.0000
vt 0.9204 0.6762 0.0000
vt 0.9152 0.6783 0.0000
vt 0.9249 0.6648 0.0000
vt 0.9251 0.6749 0.0000
vt 0.4506 0.8106 0.0000
vt 0.4521 0.8119 0.0000
vt 0.4496 0.8136 0.0000
vt 0.4482 0.8116 0.0000
vt 0.4549 0.8134 0.0000
vt 0.4533 0.8152 0.0000
vt 0.4516 0.8181 0.0000
vt 0.4495 0.8170 0.0000
vt 0.4496 0.8225 0.0000
vt 0.4469 0.8208 0.0000
vt 0.4452 0.8188 0.0000
vt 0.2323 0.0141 0.0000
vt 0.2332 0.0100 0.0000
vt 0.2354 0.0144 0.0000
vt 0.2358 0.0177 0.0000
vt 0.2377 0.0123 0.0000
vt 0.2389 0.0158 0.0000
vt 0.5391 0.4094 0.0000
vt 0.5396 0.4186 0.0000
vt 0.5365 0.3973 0.0000
vt 0.5186 0.1664 0.0000
vt 0.5221 0.1684 0.0000
vt 0.5214 0.1727 0.0000
vt 0.5154 0.1706 0.0000
vt 0.5161 0.1760 0.0000
vt 0.5090 0.1755 0.0000
vt 0.5087 0.1714 0.0000
vt 0.5136 0.1676 0.0000
vt 0.5164 0.1650 0.0000
vt 0.5084 0.1684 0.0000
vt 0.9550 0.0383 0.0000
vt 0.9611 0.0425 0.0000
vt 0.9578 0.0434 0.0000
vt 0.9530 0.0424 0.0000
vt 0.9782 0.0377 0.0000
vt 0.9753 0.0430 0.0000
vt 0.9687 0.0424 0.0000
vt 0.9627 0.0368 0.0000
vt 0.2179 0.4000 0.0000
vt 0.2134 0.4145 0.0000
vt 0.2087 0.4127 0.0000
vt 0.2131 0.3981 0.0000
vt 0.2299 0.0054 0.0000
vt 0.2339 0.0052 0.0000
vt 0.2371 0.0099 0.0000
vt 0.2322 0.0073 0.0000
vt 0.4432 0.8175 0.0000
vt 0.4436 0.8131 0.0000
vt 0.4458 0.8094 0.0000
vt 0.4426 0.8041 0.0000
vt 0.4413 0.8038 0.0000
vt 0.4379 0.8255 0.0000
vt 0.4358 0.8246 0.0000
vt 0.5340 0.0921 0.0000
vt 0.5357 0.0945 0.0000
vt 0.5303 0.0925 0.0000
vt 0.5292 0.0896 0.0000
vt 0.4333 0.8236 0.0000
vt 0.4384 0.8134 0.0000
vt 0.4715 0.3088 0.0000
vt 0.4711 0.3038 0.0000
vt 0.4847 0.3056 0.0000
vt 0.4842 0.3099 0.0000
vt 0.4565 0.3059 0.0000
vt 0.4563 0.3019 0.0000
vt 0.4714 0.3123 0.0000
vt 0.4570 0.3094 0.0000
vt 0.4831 0.3134 0.0000
vt 0.9644 0.0417 0.0000
vt 0.9578 0.0373 0.0000
vt 0.4394 0.8024 0.0000
vt 0.4387 0.8077 0.0000
vt 0.5081 0.1656 0.0000
vt 0.5122 0.1659 0.0000
vt 0.5130 0.1632 0.0000
vt 0.5079 0.1620 0.0000
vt 0.3550 0.9502 0.0000
vt 0.3503 0.9514 0.0000
vt 0.3511 0.9506 0.0000
vt 0.3558 0.9490 0.0000
vt 0.3553 0.9482 0.0000
vt 0.3510 0.9504 0.0000
vt 0.3149 0.4768 0.0000
vt 0.3150 0.4770 0.0000
vt 0.3135 0.4809 0.0000
vt 0.3136 0.4805 0.0000
vt 0.3502 0.9505 0.0000
vt 0.3541 0.9478 0.0000
vt 0.5385 0.4447 0.0000
vt 0.5334 0.4453 0.0000
vt 0.5331 0.4409 0.0000
vt 0.5364 0.4391 0.0000
vt 0.5310 0.4345 0.0000
vt 0.5289 0.4384 0.0000
vt 0.5275 0.4432 0.0000
vt 0.3821 0.9416 0.0000
vt 0.3750 0.9424 0.0000
vt 0.3739 0.9414 0.0000
vt 0.3812 0.9366 0.0000
vt 0.3866 0.9372 0.0000
vt 0.3868 0.9429 0.0000
vt 0.3738 0.9396 0.0000
vt 0.3777 0.9344 0.0000
vt 0.3215 0.4633 0.0000
vt 0.3221 0.4591 0.0000
vt 0.3273 0.4562 0.0000
vt 0.3239 0.4619 0.0000
vt 0.3262 0.4496 0.0000
vt 0.3284 0.4493 0.0000
vt 0.3252 0.4530 0.0000
vt 0.3246 0.4516 0.0000
vt 0.3317 0.4502 0.0000
vt 0.3304 0.4535 0.0000
vt 0.3880 0.9320 0.0000
vt 0.3845 0.9318 0.0000
vt 0.0392 0.6055 0.0000
vt 0.0334 0.6012 0.0000
vt 0.0346 0.5983 0.0000
vt 0.0400 0.6024 0.0000
vt 0.7324 0.8988 0.0000
vt 0.7295 0.9007 0.0000
vt 0.7099 0.9024 0.0000
vt 0.7209 0.9007 0.0000
vt 0.7204 0.9002 0.0000
vt 0.7175 0.9003 0.0000
vt 0.0424 0.6068 0.0000
vt 0.0411 0.6013 0.0000
vt 0.3382 0.4527 0.0000
vt 0.3385 0.4555 0.0000
vt 0.0246 0.3105 0.0000
vt 0.0268 0.3096 0.0000
vt 0.0250 0.3170 0.0000
vt 0.0224 0.3178 0.0000
vt 0.3381 0.4587 0.0000
vt 0.3281 0.4591 0.0000
vt 0.5212 0.3290 0.0000
vt 0.5228 0.3313 0.0000
vt 0.5193 0.3315 0.0000
vt 0.5186 0.3293 0.0000
vt 0.5256 0.3379 0.0000
vt 0.5228 0.3382 0.0000
vt 0.0310 0.6503 0.0000
vt 0.0271 0.6468 0.0000
vt 0.0356 0.6362 0.0000
vt 0.0394 0.6369 0.0000
vt 0.7262 0.9026 0.0000
vt 0.7063 0.9033 0.0000
vt 0.7219 0.8984 0.0000
vt 0.0478 0.6069 0.0000
vt 0.0471 0.6017 0.0000
vt 0.0494 0.6009 0.0000
vt 0.0517 0.6063 0.0000
vt 0.0530 0.6002 0.0000
vt 0.0574 0.6070 0.0000
vt 0.5079 0.4675 0.0000
vt 0.5058 0.4642 0.0000
vt 0.5148 0.4664 0.0000
vt 0.5149 0.4695 0.0000
vt 0.5148 0.4718 0.0000
vt 0.5060 0.4695 0.0000
vt 0.5039 0.4665 0.0000
vt 0.4955 0.4640 0.0000
vt 0.4961 0.4610 0.0000
vt 0.4956 0.4668 0.0000
vt 0.0693 0.6063 0.0000
vt 0.0699 0.6105 0.0000
vt 0.0135 0.0980 0.0000
vt 0.0156 0.0962 0.0000
vt 0.0173 0.0989 0.0000
vt 0.0167 0.1008 0.0000
vt 0.0188 0.1018 0.0000
vt 0.0190 0.0989 0.0000
vt 0.0178 0.0946 0.0000
vt 0.0193 0.0527 0.0000
vt 0.0196 0.0562 0.0000
vt 0.0156 0.0567 0.0000
vt 0.0133 0.0559 0.0000
vt 0.0122 0.0616 0.0000
vt 0.0155 0.0610 0.0000
vt 0.0194 0.0601 0.0000
vt 0.5316 0.4797 0.0000
vt 0.5316 0.4770 0.0000
vt 0.5342 0.4786 0.0000
vt 0.5338 0.4806 0.0000
vt 0.5323 0.4758 0.0000
vt 0.5340 0.4769 0.0000
vt 0.0231 0.0505 0.0000
vt 0.0233 0.0529 0.0000
vt 0.0205 0.0502 0.0000
vt 0.0233 0.0559 0.0000
vt 0.0742 0.0494 0.0000
vt 0.0847 0.0499 0.0000
vt 0.0844 0.0534 0.0000
vt 0.0740 0.0532 0.0000
vt 0.0613 0.0528 0.0000
vt 0.0613 0.0496 0.0000
vt 0.0720 0.0568 0.0000
vt 0.0603 0.0558 0.0000
vt 0.0834 0.0568 0.0000
vt 0.6204 0.8957 0.0000
vt 0.6137 0.8864 0.0000
vt 0.6173 0.8892 0.0000
vt 0.6223 0.8947 0.0000
vt 0.6195 0.8853 0.0000
vt 0.6178 0.8860 0.0000
vt 0.1097 0.6264 0.0000
vt 0.1067 0.6259 0.0000
vt 0.1158 0.6193 0.0000
vt 0.1145 0.6251 0.0000
vt 0.1726 0.0519 0.0000
vt 0.1752 0.0489 0.0000
vt 0.1757 0.0496 0.0000
vt 0.1744 0.0523 0.0000
vt 0.1198 0.6206 0.0000
vt 0.1157 0.6271 0.0000
vt 0.1208 0.6288 0.0000
vt 0.1761 0.0535 0.0000
vt 0.1744 0.0550 0.0000
vt 0.1794 0.0527 0.0000
vt 0.1785 0.0551 0.0000
vt 0.1769 0.0570 0.0000
vt 0.1666 0.0592 0.0000
vt 0.0950 0.0569 0.0000
vt 0.0959 0.0538 0.0000
vt 0.1075 0.0537 0.0000
vt 0.1067 0.0561 0.0000
vt 0.0961 0.0492 0.0000
vt 0.1080 0.0496 0.0000
vt 0.1094 0.1154 0.0000
vt 0.1053 0.1190 0.0000
vt 0.1034 0.1205 0.0000
vt 0.1059 0.1161 0.0000
vt 0.0978 0.1279 0.0000
vt 0.0967 0.1234 0.0000
vt 0.1659 0.0632 0.0000
vt 0.1529 0.0626 0.0000
vt 0.1532 0.0586 0.0000
vt 0.1689 0.0554 0.0000
vt 0.1627 0.0564 0.0000
vt 0.1532 0.0561 0.0000
vt 0.6165 0.9208 0.0000
vt 0.6149 0.9283 0.0000
vt 0.5936 0.9381 0.0000
vt 0.5941 0.9321 0.0000
vt 0.1758 0.0605 0.0000
vt 0.1740 0.0709 0.0000
vt 0.1647 0.0693 0.0000
vt 0.5099 0.0294 0.0000
vt 0.5110 0.0253 0.0000
vt 0.5152 0.0300 0.0000
vt 0.5130 0.0304 0.0000
vt 0.1566 0.1236 0.0000
vt 0.1553 0.1178 0.0000
vt 0.1596 0.1187 0.0000
vt 0.1621 0.1228 0.0000
vt 0.1563 0.1137 0.0000
vt 0.1617 0.1158 0.0000
vt 0.1664 0.1210 0.0000
vt 0.1806 0.1096 0.0000
vt 0.1774 0.1134 0.0000
vt 0.1715 0.1041 0.0000
vt 0.1732 0.1005 0.0000
vt 0.1752 0.0967 0.0000
vt 0.1797 0.1008 0.0000
vt 0.5187 0.0233 0.0000
vt 0.5226 0.0291 0.0000
vt 0.5196 0.0289 0.0000
vt 0.5150 0.0234 0.0000
vt 0.1141 0.1282 0.0000
vt 0.1220 0.1210 0.0000
vt 0.1260 0.1445 0.0000
vt 0.1117 0.1494 0.0000
vt 0.1031 0.1364 0.0000
vt 0.1340 0.1609 0.0000
vt 0.1206 0.1644 0.0000
vt 0.1062 0.1714 0.0000
vt 0.0973 0.1580 0.0000
vt 0.0887 0.1458 0.0000
vt 0.0837 0.1648 0.0000
vt 0.0757 0.1513 0.0000
vt 0.0701 0.1377 0.0000
vt 0.0829 0.1346 0.0000
vt 0.0679 0.1267 0.0000
vt 0.0806 0.1251 0.0000
vt 0.0673 0.1187 0.0000
vt 0.0800 0.1175 0.0000
vt 0.0932 0.1151 0.0000
vt 0.1077 0.1140 0.0000
vt 0.0801 0.1120 0.0000
vt 0.0931 0.1108 0.0000
vt 0.1079 0.1097 0.0000
vt 0.1157 0.1109 0.0000
vt 0.1128 0.1153 0.0000
vt 0.0932 0.1068 0.0000
vt 0.1067 0.1062 0.0000
vt 0.1166 0.1070 0.0000
vt 0.1275 0.1076 0.0000
vt 0.1263 0.1116 0.0000
vt 0.1062 0.1027 0.0000
vt 0.1170 0.1034 0.0000
vt 0.1283 0.1038 0.0000
vt 0.1407 0.1044 0.0000
vt 0.1400 0.1082 0.0000
vt 0.1174 0.0994 0.0000
vt 0.1291 0.0998 0.0000
vt 0.1413 0.1004 0.0000
vt 0.1519 0.1016 0.0000
vt 0.1510 0.1053 0.0000
vt 0.1299 0.0954 0.0000
vt 0.1422 0.0962 0.0000
vt 0.1530 0.0975 0.0000
vt 0.1630 0.0994 0.0000
vt 0.1607 0.1029 0.0000
vt 0.1433 0.0916 0.0000
vt 0.1544 0.0931 0.0000
vt 0.1650 0.0952 0.0000
vt 0.1564 0.0883 0.0000
vt 0.1670 0.0910 0.0000
vt 0.1585 0.0821 0.0000
vt 0.1682 0.0854 0.0000
vt 0.1751 0.0897 0.0000
vt 0.1795 0.0943 0.0000
vt 0.1701 0.0785 0.0000
vt 0.1754 0.0818 0.0000
vt 0.1801 0.0860 0.0000
vt 0.5765 0.9606 0.0000
vt 0.5918 0.9460 0.0000
vt 0.5933 0.9545 0.0000
vt 0.5743 0.9650 0.0000
vt 0.5593 0.9740 0.0000
vt 0.5591 0.9703 0.0000
vt 0.1785 0.0734 0.0000
vt 0.1812 0.0760 0.0000
vt 0.5227 0.0341 0.0000
vt 0.5236 0.0432 0.0000
vt 0.5198 0.0423 0.0000
vt 0.5192 0.0348 0.0000
vt 0.5178 0.0297 0.0000
vt 0.5263 0.0329 0.0000
vt 0.5162 0.0348 0.0000
vt 0.5124 0.0241 0.0000
vt 0.5020 0.0259 0.0000
vt 0.5023 0.0233 0.0000
vt 0.5029 0.0205 0.0000
vt 0.4890 0.0232 0.0000
vt 0.4892 0.0202 0.0000
vt 0.4894 0.0174 0.0000
vt 0.5034 0.0186 0.0000
vt 0.4897 0.0143 0.0000
vt 0.5035 0.0151 0.0000
vt 0.1846 0.1234 0.0000
vt 0.1828 0.1264 0.0000
vt 0.1875 0.1399 0.0000
vt 0.1842 0.1405 0.0000
vt 0.1800 0.1277 0.0000
vt 0.1751 0.1156 0.0000
vt 0.1769 0.1283 0.0000
vt 0.1728 0.1177 0.0000
vt 0.1672 0.1098 0.0000
vt 0.1690 0.1070 0.0000
vt 0.1593 0.1064 0.0000
vt 0.1644 0.1129 0.0000
vt 0.1579 0.1100 0.0000
vt 0.1502 0.1090 0.0000
vt 0.1496 0.1129 0.0000
vt 0.1396 0.1122 0.0000
vt 0.1494 0.1172 0.0000
vt 0.1393 0.1165 0.0000
vt 0.1247 0.1162 0.0000
vt 0.1392 0.1229 0.0000
vt 0.1499 0.1236 0.0000
vt 0.1519 0.1318 0.0000
vt 0.1387 0.1308 0.0000
vt 0.1554 0.1439 0.0000
vt 0.1437 0.1439 0.0000
vt 0.1601 0.1588 0.0000
vt 0.1488 0.1596 0.0000
vt 0.1652 0.1742 0.0000
vt 0.1536 0.1760 0.0000
vt 0.1396 0.1780 0.0000
vt 0.1577 0.1915 0.0000
vt 0.1434 0.1939 0.0000
vt 0.1288 0.1964 0.0000
vt 0.1261 0.1807 0.0000
vt 0.1136 0.1991 0.0000
vt 0.1110 0.1849 0.0000
vt 0.0972 0.2022 0.0000
vt 0.0942 0.1895 0.0000
vt 0.0901 0.1776 0.0000
vt 0.0792 0.1924 0.0000
vt 0.0751 0.1801 0.0000
vt 0.0702 0.1675 0.0000
vt 0.0664 0.1815 0.0000
vt 0.0618 0.1685 0.0000
vt 0.0563 0.1547 0.0000
vt 0.0643 0.1535 0.0000
vt 0.0512 0.1409 0.0000
vt 0.0593 0.1392 0.0000
vt 0.0476 0.1291 0.0000
vt 0.0562 0.1277 0.0000
vt 0.0453 0.1200 0.0000
vt 0.0552 0.1193 0.0000
vt 0.0443 0.1140 0.0000
vt 0.0550 0.1135 0.0000
vt 0.0673 0.1131 0.0000
vt 0.0553 0.1090 0.0000
vt 0.0674 0.1084 0.0000
vt 0.0801 0.1076 0.0000
vt 0.0676 0.1043 0.0000
vt 0.0803 0.1037 0.0000
vt 0.0932 0.1033 0.0000
vt 0.0803 0.0999 0.0000
vt 0.0933 0.0994 0.0000
vt 0.1060 0.0990 0.0000
vt 0.0933 0.0951 0.0000
vt 0.1060 0.0947 0.0000
vt 0.1177 0.0950 0.0000
vt 0.1061 0.0901 0.0000
vt 0.1181 0.0902 0.0000
vt 0.1306 0.0907 0.0000
vt 0.1186 0.0846 0.0000
vt 0.1316 0.0851 0.0000
vt 0.1446 0.0860 0.0000
vt 0.1329 0.0788 0.0000
vt 0.1466 0.0797 0.0000
vt 0.1334 0.0732 0.0000
vt 0.1486 0.0736 0.0000
vt 0.1610 0.0755 0.0000
vt 0.1507 0.0676 0.0000
vt 0.1342 0.0683 0.0000
vt 0.1350 0.0637 0.0000
vt 0.1198 0.0681 0.0000
vt 0.1203 0.0639 0.0000
vt 0.1209 0.0597 0.0000
vt 0.1367 0.0596 0.0000
vt 0.1216 0.0562 0.0000
vt 0.1371 0.0563 0.0000
vt 0.1220 0.0540 0.0000
vt 0.1375 0.0536 0.0000
vt 0.1534 0.0538 0.0000
vt 0.1382 0.0506 0.0000
vt 0.1535 0.0512 0.0000
vt 0.1058 0.6305 0.0000
vt 0.1027 0.6361 0.0000
vt 0.0990 0.6360 0.0000
vt 0.1023 0.6297 0.0000
vt 0.1624 0.0547 0.0000
vt 0.1110 0.6277 0.0000
vt 0.1115 0.6280 0.0000
vt 0.1069 0.6311 0.0000
vt 0.0951 0.6344 0.0000
vt 0.0994 0.6270 0.0000
vt 0.0911 0.6333 0.0000
vt 0.0950 0.6260 0.0000
vt 0.6123 0.8745 0.0000
vt 0.6152 0.8751 0.0000
vt 0.0855 0.6320 0.0000
vt 0.0892 0.6247 0.0000
vt 0.6189 0.8755 0.0000
vt 0.6261 0.8912 0.0000
vt 0.0797 0.6234 0.0000
vt 0.0820 0.6181 0.0000
vt 0.0901 0.6194 0.0000
vt 0.6277 0.8816 0.0000
vt 0.6346 0.8917 0.0000
vt 0.6285 0.8983 0.0000
vt 0.6393 0.8977 0.0000
vt 0.6265 0.9035 0.0000
vt 0.0822 0.6131 0.0000
vt 0.0826 0.6095 0.0000
vt 0.0703 0.6036 0.0000
vt 0.0832 0.6067 0.0000
vt 0.6413 0.9043 0.0000
vt 0.6239 0.9100 0.0000
vt 0.6737 0.9017 0.0000
vt 0.6684 0.9066 0.0000
vt 0.6400 0.9106 0.0000
vt 0.6210 0.9137 0.0000
vt 0.6685 0.9107 0.0000
vt 0.6397 0.9162 0.0000
vt 0.6686 0.9150 0.0000
vt 0.6398 0.9215 0.0000
vt 0.6686 0.9194 0.0000
vt 0.6407 0.9261 0.0000
vt 0.6134 0.9348 0.0000
vt 0.6409 0.9310 0.0000
vt 0.6142 0.9400 0.0000
vt 0.5221 0.0783 0.0000
vt 0.5186 0.0780 0.0000
vt 0.5193 0.0650 0.0000
vt 0.5230 0.0653 0.0000
vt 0.5199 0.0529 0.0000
vt 0.5237 0.0534 0.0000
vt 0.5156 0.0646 0.0000
vt 0.5160 0.0524 0.0000
vt 0.5163 0.0417 0.0000
vt 0.5122 0.0517 0.0000
vt 0.5127 0.0408 0.0000
vt 0.5132 0.0344 0.0000
vt 0.5084 0.0399 0.0000
vt 0.5092 0.0341 0.0000
vt 0.5013 0.0391 0.0000
vt 0.5017 0.0340 0.0000
vt 0.5019 0.0297 0.0000
vt 0.4884 0.0338 0.0000
vt 0.4886 0.0297 0.0000
vt 0.4888 0.0259 0.0000
vt 0.4738 0.0286 0.0000
vt 0.4740 0.0249 0.0000
vt 0.4743 0.0221 0.0000
vt 0.4586 0.0241 0.0000
vt 0.4587 0.0214 0.0000
vt 0.4588 0.0184 0.0000
vt 0.4745 0.0192 0.0000
vt 0.4590 0.0155 0.0000
vt 0.4747 0.0162 0.0000
vt 0.4592 0.0124 0.0000
vt 0.4750 0.0132 0.0000
vt 0.4594 0.0095 0.0000
vt 0.4752 0.0103 0.0000
vt 0.1889 0.1547 0.0000
vt 0.1911 0.1527 0.0000
vt 0.1935 0.1697 0.0000
vt 0.1902 0.1703 0.0000
vt 0.1857 0.1553 0.0000
vt 0.1811 0.1411 0.0000
vt 0.1823 0.1559 0.0000
vt 0.1777 0.1417 0.0000
vt 0.1736 0.1291 0.0000
vt 0.1742 0.1422 0.0000
vt 0.1701 0.1299 0.0000
vt 0.1697 0.1192 0.0000
vt 0.1698 0.1428 0.0000
vt 0.1656 0.1307 0.0000
vt 0.1633 0.1435 0.0000
vt 0.1593 0.1315 0.0000
vt 0.1744 0.1571 0.0000
vt 0.1680 0.1579 0.0000
vt 0.1791 0.1721 0.0000
vt 0.1729 0.1731 0.0000
vt 0.1831 0.1874 0.0000
vt 0.1773 0.1884 0.0000
vt 0.1700 0.1895 0.0000
vt 0.1809 0.2037 0.0000
vt 0.1739 0.2047 0.0000
vt 0.1612 0.2066 0.0000
vt 0.1766 0.2200 0.0000
vt 0.1643 0.2216 0.0000
vt 0.1491 0.2235 0.0000
vt 0.1464 0.2088 0.0000
vt 0.1334 0.2253 0.0000
vt 0.1311 0.2110 0.0000
vt 0.1176 0.2272 0.0000
vt 0.1156 0.2132 0.0000
vt 0.1019 0.2292 0.0000
vt 0.0998 0.2156 0.0000
vt 0.0883 0.2309 0.0000
vt 0.0857 0.2178 0.0000
vt 0.0827 0.2050 0.0000
vt 0.0764 0.2193 0.0000
vt 0.0735 0.2066 0.0000
vt 0.0702 0.1941 0.0000
vt 0.0664 0.2079 0.0000
vt 0.0634 0.1954 0.0000
vt 0.0598 0.1828 0.0000
vt 0.0583 0.1964 0.0000
vt 0.0549 0.1840 0.0000
vt 0.0505 0.1709 0.0000
vt 0.0552 0.1698 0.0000
vt 0.0457 0.1576 0.0000
vt 0.0499 0.1563 0.0000
vt 0.0407 0.1439 0.0000
vt 0.0450 0.1425 0.0000
vt 0.0365 0.1317 0.0000
vt 0.0408 0.1302 0.0000
vt 0.0333 0.1220 0.0000
vt 0.0381 0.1209 0.0000
vt 0.0312 0.1146 0.0000
vt 0.0366 0.1141 0.0000
vt 0.0303 0.1096 0.0000
vt 0.0361 0.1096 0.0000
vt 0.0441 0.1094 0.0000
vt 0.0357 0.1053 0.0000
vt 0.0442 0.1051 0.0000
vt 0.0554 0.1047 0.0000
vt 0.0443 0.1010 0.0000
vt 0.0556 0.1007 0.0000
vt 0.0677 0.1004 0.0000
vt 0.0558 0.0965 0.0000
vt 0.0679 0.0961 0.0000
vt 0.0804 0.0956 0.0000
vt 0.0680 0.0917 0.0000
vt 0.0806 0.0912 0.0000
vt 0.0934 0.0906 0.0000
vt 0.0807 0.0858 0.0000
vt 0.0935 0.0851 0.0000
vt 0.1062 0.0845 0.0000
vt 0.0939 0.0794 0.0000
vt 0.1065 0.0788 0.0000
vt 0.1190 0.0787 0.0000
vt 0.1067 0.0732 0.0000
vt 0.1194 0.0731 0.0000
vt 0.1069 0.0682 0.0000
vt 0.0941 0.0739 0.0000
vt 0.0945 0.0689 0.0000
vt 0.0948 0.0645 0.0000
vt 0.1070 0.0637 0.0000
vt 0.0948 0.0604 0.0000
vt 0.1070 0.0596 0.0000
vt 0.0819 0.0650 0.0000
vt 0.0824 0.0608 0.0000
vt 0.0697 0.0653 0.0000
vt 0.0705 0.0609 0.0000
vt 0.0584 0.0654 0.0000
vt 0.0592 0.0607 0.0000
vt 0.0470 0.0653 0.0000
vt 0.0476 0.0609 0.0000
vt 0.0484 0.0570 0.0000
vt 0.0364 0.0609 0.0000
vt 0.0365 0.0571 0.0000
vt 0.0364 0.0539 0.0000
vt 0.0483 0.0537 0.0000
vt 0.0363 0.0515 0.0000
vt 0.0479 0.0510 0.0000
vt 0.0364 0.0479 0.0000
vt 0.0478 0.0467 0.0000
vt 0.0607 0.0452 0.0000
vt 0.0475 0.0424 0.0000
vt 0.0605 0.0408 0.0000
vt 0.0734 0.0409 0.0000
vt 0.0737 0.0454 0.0000
vt 0.0852 0.0413 0.0000
vt 0.0848 0.0458 0.0000
vt 0.0974 0.0407 0.0000
vt 0.0972 0.0450 0.0000
vt 0.1103 0.0411 0.0000
vt 0.1096 0.0455 0.0000
vt 0.1243 0.0422 0.0000
vt 0.1233 0.0464 0.0000
vt 0.1225 0.0503 0.0000
vt 0.1383 0.0473 0.0000
vt 0.1384 0.0438 0.0000
vt 0.0902 0.6472 0.0000
vt 0.0854 0.6464 0.0000
vt 0.0945 0.6479 0.0000
vt 0.0781 0.6621 0.0000
vt 0.0723 0.6599 0.0000
vt 0.0793 0.6445 0.0000
vt 0.0651 0.6578 0.0000
vt 0.0712 0.6423 0.0000
vt 0.0766 0.6302 0.0000
vt 0.0616 0.6406 0.0000
vt 0.0656 0.6284 0.0000
vt 0.0679 0.6211 0.0000
vt 0.0563 0.6271 0.0000
vt 0.0580 0.6190 0.0000
vt 0.0586 0.6129 0.0000
vt 0.0693 0.6158 0.0000
vt 0.0514 0.6180 0.0000
vt 0.0518 0.6117 0.0000
vt 0.0474 0.6117 0.0000
vt 0.0465 0.6174 0.0000
vt 0.0435 0.6170 0.0000
vt 0.0450 0.6117 0.0000
vt 0.0447 0.6078 0.0000
vt 0.0420 0.6111 0.0000
vt 0.0414 0.6015 0.0000
vt 0.7300 0.8956 0.0000
vt 0.7309 0.8956 0.0000
vt 0.7250 0.8976 0.0000
vt 0.0398 0.6161 0.0000
vt 0.0351 0.6149 0.0000
vt 0.0380 0.6088 0.0000
vt 0.9194 0.7317 0.0000
vt 0.9175 0.7256 0.0000
vt 0.9236 0.7250 0.0000
vt 0.9250 0.7317 0.0000
vt 0.0305 0.6048 0.0000
vt 0.9147 0.7184 0.0000
vt 0.9203 0.7168 0.0000
vt 0.9251 0.7157 0.0000
vt 0.9270 0.7243 0.0000
vt 0.9169 0.7071 0.0000
vt 0.9216 0.7052 0.0000
vt 0.9259 0.7035 0.0000
vt 0.9294 0.7146 0.0000
vt 0.7476 0.8974 0.0000
vt 0.7399 0.8973 0.0000
vt 0.7522 0.8966 0.0000
vt 0.9298 0.7019 0.0000
vt 0.9325 0.7135 0.0000
vt 0.7463 0.8984 0.0000
vt 0.9321 0.7008 0.0000
vt 0.9348 0.7126 0.0000
vt 0.7463 0.8996 0.0000
vt 0.9357 0.6996 0.0000
vt 0.9381 0.7113 0.0000
vt 0.7445 0.9016 0.0000
vt 0.7245 0.9044 0.0000
vt 0.7469 0.9036 0.0000
vt 0.7251 0.9064 0.0000
vt 0.6977 0.9084 0.0000
vt 0.6986 0.9055 0.0000
vt 0.7225 0.9088 0.0000
vt 0.6968 0.9117 0.0000
vt 0.7218 0.9114 0.0000
vt 0.6961 0.9152 0.0000
vt 0.7212 0.9147 0.0000
vt 0.6961 0.9186 0.0000
vt 0.6686 0.9238 0.0000
vt 0.5214 0.0914 0.0000
vt 0.5211 0.1045 0.0000
vt 0.5180 0.1043 0.0000
vt 0.5182 0.0913 0.0000
vt 0.5148 0.1040 0.0000
vt 0.5150 0.0911 0.0000
vt 0.5154 0.0777 0.0000
vt 0.5112 0.0907 0.0000
vt 0.5114 0.0774 0.0000
vt 0.5117 0.0642 0.0000
vt 0.5066 0.0769 0.0000
vt 0.5069 0.0637 0.0000
vt 0.5077 0.0509 0.0000
vt 0.4998 0.0628 0.0000
vt 0.5008 0.0498 0.0000
vt 0.4875 0.0613 0.0000
vt 0.4879 0.0476 0.0000
vt 0.4882 0.0385 0.0000
vt 0.4729 0.0455 0.0000
vt 0.4733 0.0372 0.0000
vt 0.4736 0.0326 0.0000
vt 0.4580 0.0358 0.0000
vt 0.4582 0.0314 0.0000
vt 0.4584 0.0277 0.0000
vt 0.4422 0.0305 0.0000
vt 0.4423 0.0268 0.0000
vt 0.4424 0.0234 0.0000
vt 0.4257 0.0258 0.0000
vt 0.4258 0.0225 0.0000
vt 0.4259 0.0199 0.0000
vt 0.4425 0.0207 0.0000
vt 0.4261 0.0170 0.0000
vt 0.4426 0.0177 0.0000
vt 0.4262 0.0141 0.0000
vt 0.4427 0.0148 0.0000
vt 0.4264 0.0112 0.0000
vt 0.4429 0.0118 0.0000
vt 0.4273 0.0088 0.0000
vt 0.4430 0.0090 0.0000
vt 0.1976 0.1850 0.0000
vt 0.2014 0.2004 0.0000
vt 0.1981 0.2009 0.0000
vt 0.1943 0.1855 0.0000
vt 0.1947 0.2014 0.0000
vt 0.1909 0.1861 0.0000
vt 0.1868 0.1709 0.0000
vt 0.1875 0.1867 0.0000
vt 0.1833 0.1714 0.0000
vt 0.1787 0.1564 0.0000
vt 0.1913 0.2020 0.0000
vt 0.1867 0.2027 0.0000
vt 0.1952 0.2174 0.0000
vt 0.1906 0.2181 0.0000
vt 0.1844 0.2189 0.0000
vt 0.1939 0.2333 0.0000
vt 0.1876 0.2341 0.0000
vt 0.1790 0.2351 0.0000
vt 0.1903 0.2494 0.0000
vt 0.1814 0.2502 0.0000
vt 0.1687 0.2512 0.0000
vt 0.1668 0.2364 0.0000
vt 0.1532 0.2524 0.0000
vt 0.1513 0.2380 0.0000
vt 0.1373 0.2537 0.0000
vt 0.1354 0.2396 0.0000
vt 0.1213 0.2549 0.0000
vt 0.1195 0.2412 0.0000
vt 0.1053 0.2560 0.0000
vt 0.1039 0.2427 0.0000
vt 0.0920 0.2570 0.0000
vt 0.0903 0.2440 0.0000
vt 0.0822 0.2577 0.0000
vt 0.0806 0.2450 0.0000
vt 0.0789 0.2321 0.0000
vt 0.0728 0.2458 0.0000
vt 0.0712 0.2331 0.0000
vt 0.0691 0.2205 0.0000
vt 0.0657 0.2338 0.0000
vt 0.0634 0.2213 0.0000
vt 0.0609 0.2089 0.0000
vt 0.0594 0.2219 0.0000
vt 0.0570 0.2097 0.0000
vt 0.0543 0.1973 0.0000
vt 0.0534 0.2102 0.0000
vt 0.0508 0.1980 0.0000
vt 0.0478 0.1859 0.0000
vt 0.0510 0.1847 0.0000
vt 0.0436 0.1728 0.0000
vt 0.0468 0.1717 0.0000
vt 0.0392 0.1597 0.0000
vt 0.0422 0.1584 0.0000
vt 0.0345 0.1463 0.0000
vt 0.0375 0.1449 0.0000
vt 0.0303 0.1339 0.0000
vt 0.0333 0.1327 0.0000
vt 0.0269 0.1236 0.0000
vt 0.0300 0.1226 0.0000
vt 0.0243 0.1161 0.0000
vt 0.0273 0.1153 0.0000
vt 0.0225 0.1104 0.0000
vt 0.0260 0.1097 0.0000
vt 0.0210 0.1060 0.0000
vt 0.0253 0.1056 0.0000
vt 0.0299 0.1054 0.0000
vt 0.0251 0.1017 0.0000
vt 0.0297 0.1015 0.0000
vt 0.0355 0.1012 0.0000
vt 0.0295 0.0972 0.0000
vt 0.0355 0.0969 0.0000
vt 0.0442 0.0968 0.0000
vt 0.0355 0.0924 0.0000
vt 0.0443 0.0923 0.0000
vt 0.0559 0.0920 0.0000
vt 0.0447 0.0869 0.0000
vt 0.0563 0.0867 0.0000
vt 0.0681 0.0864 0.0000
vt 0.0566 0.0810 0.0000
vt 0.0684 0.0806 0.0000
vt 0.0810 0.0800 0.0000
vt 0.0687 0.0751 0.0000
vt 0.0813 0.0746 0.0000
vt 0.0690 0.0701 0.0000
vt 0.0816 0.0696 0.0000
vt 0.0571 0.0753 0.0000
vt 0.0577 0.0702 0.0000
vt 0.0457 0.0754 0.0000
vt 0.0462 0.0702 0.0000
vt 0.0357 0.0755 0.0000
vt 0.0358 0.0701 0.0000
vt 0.0361 0.0652 0.0000
vt 0.0287 0.0699 0.0000
vt 0.0285 0.0649 0.0000
vt 0.0283 0.0605 0.0000
vt 0.0234 0.0644 0.0000
vt 0.0232 0.0598 0.0000
vt 0.0282 0.0566 0.0000
vt 0.0281 0.0535 0.0000
vt 0.0277 0.0512 0.0000
vt 0.0227 0.0475 0.0000
vt 0.0277 0.0478 0.0000
vt 0.0222 0.0442 0.0000
vt 0.0277 0.0440 0.0000
vt 0.0362 0.0437 0.0000
vt 0.0276 0.0401 0.0000
vt 0.0362 0.0392 0.0000
vt 0.0472 0.0379 0.0000
vt 0.0360 0.0343 0.0000
vt 0.0472 0.0331 0.0000
vt 0.0607 0.0314 0.0000
vt 0.0607 0.0363 0.0000
vt 0.0737 0.0308 0.0000
vt 0.0735 0.0360 0.0000
vt 0.0861 0.0306 0.0000
vt 0.0856 0.0362 0.0000
vt 0.0983 0.0300 0.0000
vt 0.0978 0.0357 0.0000
vt 0.1095 0.0307 0.0000
vt 0.1099 0.0363 0.0000
vt 0.0603 0.6731 0.0000
vt 0.0671 0.6749 0.0000
vt 0.0724 0.6764 0.0000
vt 0.0998 0.0235 0.0000
vt 0.1090 0.0247 0.0000
vt 0.0525 0.6710 0.0000
vt 0.0570 0.6558 0.0000
vt 0.0453 0.6690 0.0000
vt 0.0495 0.6543 0.0000
vt 0.0532 0.6396 0.0000
vt 0.0417 0.6526 0.0000
vt 0.0461 0.6387 0.0000
vt 0.0496 0.6262 0.0000
vt 0.0442 0.6254 0.0000
vt 0.0404 0.6247 0.0000
vt 0.0316 0.6351 0.0000
vt 0.0370 0.6238 0.0000
vt 0.0282 0.6331 0.0000
vt 0.0325 0.6236 0.0000
vt 0.9000 0.7326 0.0000
vt 0.8996 0.7272 0.0000
vt 0.9091 0.7265 0.0000
vt 0.9107 0.7320 0.0000
vt 0.8987 0.7206 0.0000
vt 0.9072 0.7196 0.0000
vt 0.8970 0.7117 0.0000
vt 0.9046 0.7104 0.0000
vt 0.9113 0.7088 0.0000
vt 0.9019 0.6976 0.0000
vt 0.9080 0.6959 0.0000
vt 0.9133 0.6940 0.0000
vt 0.9050 0.6818 0.0000
vt 0.9102 0.6800 0.0000
vt 0.9180 0.6921 0.0000
vt 0.9228 0.6901 0.0000
vt 0.9270 0.6885 0.0000
vt 0.9276 0.6747 0.0000
vt 0.9296 0.6874 0.0000
vt 0.9323 0.6744 0.0000
vt 0.9335 0.6865 0.0000
vt 0.9369 0.6745 0.0000
vt 0.9376 0.6857 0.0000
vt 0.9395 0.6986 0.0000
vt 0.9417 0.6851 0.0000
vt 0.9435 0.6973 0.0000
vt 0.9473 0.7084 0.0000
vt 0.9417 0.7102 0.0000
vt 0.9475 0.6963 0.0000
vt 0.9511 0.7063 0.0000
vt 0.9559 0.7133 0.0000
vt 0.9548 0.7144 0.0000
vt 0.7449 0.9074 0.0000
vt 0.9516 0.6955 0.0000
vt 0.9538 0.7050 0.0000
vt 0.9579 0.7127 0.0000
vt 0.5227 0.1400 0.0000
vt 0.5192 0.1404 0.0000
vt 0.5182 0.1288 0.0000
vt 0.5218 0.1285 0.0000
vt 0.5179 0.1167 0.0000
vt 0.5212 0.1168 0.0000
vt 0.5149 0.1290 0.0000
vt 0.5147 0.1167 0.0000
vt 0.5110 0.1293 0.0000
vt 0.5107 0.1167 0.0000
vt 0.5108 0.1038 0.0000
vt 0.5061 0.1165 0.0000
vt 0.5062 0.1035 0.0000
vt 0.5065 0.0903 0.0000
vt 0.4989 0.1030 0.0000
vt 0.4990 0.0897 0.0000
vt 0.4992 0.0763 0.0000
vt 0.4864 0.0885 0.0000
vt 0.4869 0.0750 0.0000
vt 0.4715 0.0869 0.0000
vt 0.4720 0.0732 0.0000
vt 0.4726 0.0592 0.0000
vt 0.4567 0.0716 0.0000
vt 0.4570 0.0577 0.0000
vt 0.4577 0.0443 0.0000
vt 0.4411 0.0564 0.0000
vt 0.4416 0.0433 0.0000
vt 0.4420 0.0348 0.0000
vt 0.4252 0.0425 0.0000
vt 0.4254 0.0341 0.0000
vt 0.4256 0.0296 0.0000
vt 0.4085 0.0335 0.0000
vt 0.4087 0.0289 0.0000
vt 0.4088 0.0249 0.0000
vt 0.3919 0.0284 0.0000
vt 0.3919 0.0245 0.0000
vt 0.3921 0.0212 0.0000
vt 0.4089 0.0216 0.0000
vt 0.3922 0.0183 0.0000
vt 0.4091 0.0190 0.0000
vt 0.3924 0.0153 0.0000
vt 0.4092 0.0160 0.0000
vt 0.3926 0.0123 0.0000
vt 0.4095 0.0132 0.0000
vt 0.3933 0.0097 0.0000
vt 0.4096 0.0103 0.0000
vt 0.2081 0.2154 0.0000
vt 0.2118 0.2311 0.0000
vt 0.2087 0.2315 0.0000
vt 0.2051 0.2158 0.0000
vt 0.2043 0.2004 0.0000
vt 0.2053 0.2319 0.0000
vt 0.2018 0.2163 0.0000
vt 0.2020 0.2323 0.0000
vt 0.1985 0.2168 0.0000
vt 0.1986 0.2328 0.0000
vt 0.2049 0.2479 0.0000
vt 0.2015 0.2483 0.0000
vt 0.1969 0.2488 0.0000
vt 0.2034 0.2640 0.0000
vt 0.1987 0.2644 0.0000
vt 0.1923 0.2648 0.0000
vt 0.1992 0.2800 0.0000
vt 0.1929 0.2802 0.0000
vt 0.1842 0.2805 0.0000
vt 0.1832 0.2653 0.0000
vt 0.1712 0.2809 0.0000
vt 0.1702 0.2660 0.0000
vt 0.1557 0.2813 0.0000
vt 0.1548 0.2669 0.0000
vt 0.1395 0.2817 0.0000
vt 0.1386 0.2677 0.0000
vt 0.1234 0.2821 0.0000
vt 0.1226 0.2686 0.0000
vt 0.1072 0.2825 0.0000
vt 0.1065 0.2693 0.0000
vt 0.0936 0.2827 0.0000
vt 0.0932 0.2699 0.0000
vt 0.0839 0.2829 0.0000
vt 0.0834 0.2704 0.0000
vt 0.0758 0.2830 0.0000
vt 0.0752 0.2707 0.0000
vt 0.0741 0.2582 0.0000
vt 0.0694 0.2709 0.0000
vt 0.0686 0.2586 0.0000
vt 0.0674 0.2464 0.0000
vt 0.0644 0.2588 0.0000
vt 0.0633 0.2471 0.0000
vt 0.0617 0.2345 0.0000
vt 0.0597 0.2473 0.0000
vt 0.0585 0.2350 0.0000
vt 0.0558 0.2224 0.0000
vt 0.0554 0.2349 0.0000
vt 0.0524 0.2230 0.0000
vt 0.0501 0.2108 0.0000
vt 0.4304 0.5040 0.0000
vt 0.4179 0.5036 0.0000
vt 0.4182 0.5000 0.0000
vt 0.4306 0.5004 0.0000
vt 0.4430 0.5009 0.0000
vt 0.4428 0.5046 0.0000
vt 0.0475 0.1985 0.0000
vt 0.4551 0.5015 0.0000
vt 0.4548 0.5049 0.0000
vt 0.0447 0.1865 0.0000
vt 0.4676 0.5029 0.0000
vt 0.4672 0.5064 0.0000
vt 0.0406 0.1734 0.0000
vt 0.4799 0.5045 0.0000
vt 0.4796 0.5079 0.0000
vt 0.0361 0.1603 0.0000
vt 0.4919 0.5067 0.0000
vt 0.4917 0.5101 0.0000
vt 0.0318 0.1470 0.0000
vt 0.5029 0.5095 0.0000
vt 0.5026 0.5131 0.0000
vt 0.0275 0.1346 0.0000
vt 0.5127 0.5119 0.0000
vt 0.5123 0.5154 0.0000
vt 0.0241 0.1241 0.0000
vt 0.5190 0.5137 0.0000
vt 0.5188 0.5173 0.0000
vt 0.0216 0.1168 0.0000
vt 0.5236 0.5153 0.0000
vt 0.5237 0.5189 0.0000
vt 0.0197 0.1110 0.0000
vt 0.5273 0.5166 0.0000
vt 0.5275 0.5204 0.0000
vt 0.0175 0.1048 0.0000
vt 0.0150 0.1032 0.0000
vt 0.0216 0.1024 0.0000
vt 0.0214 0.0981 0.0000
vt 0.0245 0.0972 0.0000
vt 0.0206 0.0935 0.0000
vt 0.0244 0.0929 0.0000
vt 0.0292 0.0927 0.0000
vt 0.0246 0.0877 0.0000
vt 0.0292 0.0875 0.0000
vt 0.0355 0.0872 0.0000
vt 0.0290 0.0816 0.0000
vt 0.0356 0.0814 0.0000
vt 0.0450 0.0811 0.0000
vt 0.0290 0.0755 0.0000
vt 0.0244 0.0819 0.0000
vt 0.0242 0.0757 0.0000
vt 0.0239 0.0697 0.0000
vt 0.0202 0.0761 0.0000
vt 0.0199 0.0703 0.0000
vt 0.0195 0.0648 0.0000
vt 0.0162 0.0712 0.0000
vt 0.0158 0.0658 0.0000
vt 0.0127 0.0724 0.0000
vt 0.0125 0.0669 0.0000
vt 0.5353 0.4919 0.0000
vt 0.5325 0.4920 0.0000
vt 0.5320 0.4872 0.0000
vt 0.5349 0.4871 0.0000
vt 0.5316 0.4835 0.0000
vt 0.5341 0.4835 0.0000
vt 0.5288 0.4859 0.0000
vt 0.5293 0.4821 0.0000
vt 0.5296 0.4780 0.0000
vt 0.5266 0.4775 0.0000
vt 0.5261 0.4810 0.0000
vt 0.5267 0.4746 0.0000
vt 0.5296 0.4756 0.0000
vt 0.5271 0.4729 0.0000
vt 0.5303 0.4744 0.0000
vt 0.5278 0.4707 0.0000
vt 0.5314 0.4727 0.0000
vt 0.5340 0.4744 0.0000
vt 0.5328 0.4704 0.0000
vt 0.5362 0.4726 0.0000
vt 0.5387 0.4755 0.0000
vt 0.5354 0.4771 0.0000
vt 0.0199 0.0479 0.0000
vt 0.0189 0.0449 0.0000
vt 0.5385 0.4700 0.0000
vt 0.5426 0.4721 0.0000
vt 0.0178 0.0413 0.0000
vt 0.0218 0.0405 0.0000
vt 0.0169 0.0363 0.0000
vt 0.0213 0.0359 0.0000
vt 0.0273 0.0354 0.0000
vt 0.0213 0.0299 0.0000
vt 0.0270 0.0293 0.0000
vt 0.0355 0.0283 0.0000
vt 0.0268 0.0216 0.0000
vt 0.0354 0.0208 0.0000
vt 0.0470 0.0199 0.0000
vt 0.0473 0.0269 0.0000
vt 0.0610 0.0191 0.0000
vt 0.0609 0.0256 0.0000
vt 0.0746 0.0186 0.0000
vt 0.0742 0.0248 0.0000
vt 0.0871 0.0183 0.0000
vt 0.0868 0.0241 0.0000
vt 0.0992 0.0179 0.0000
vt 0.0876 0.0133 0.0000
vt 0.0987 0.0127 0.0000
vt 0.0346 0.6816 0.0000
vt 0.0383 0.6671 0.0000
vt 0.0409 0.6837 0.0000
vt 0.0456 0.6854 0.0000
vt 0.0286 0.6795 0.0000
vt 0.0305 0.6654 0.0000
vt 0.5305 0.3472 0.0000
vt 0.5334 0.3572 0.0000
vt 0.5294 0.3564 0.0000
vt 0.5262 0.3461 0.0000
vt 0.0884 0.0080 0.0000
vt 0.0982 0.0077 0.0000
vt 0.5245 0.3552 0.0000
vt 0.5218 0.3452 0.0000
vt 0.5186 0.3376 0.0000
vt 0.5153 0.3431 0.0000
vt 0.5128 0.3364 0.0000
vt 0.5119 0.3318 0.0000
vt 0.5169 0.3318 0.0000
vt 0.5120 0.3283 0.0000
vt 0.5162 0.3292 0.0000
vt 0.5128 0.3262 0.0000
vt 0.5164 0.3273 0.0000
vt 0.8845 0.7363 0.0000
vt 0.8843 0.7387 0.0000
vt 0.8811 0.7394 0.0000
vt 0.8806 0.7368 0.0000
vt 0.8802 0.7337 0.0000
vt 0.8848 0.7330 0.0000
vt 0.8908 0.7326 0.0000
vt 0.8893 0.7366 0.0000
vt 0.8875 0.7390 0.0000
vt 0.8990 0.7363 0.0000
vt 0.0254 0.6446 0.0000
vt 0.8847 0.7284 0.0000
vt 0.8915 0.7277 0.0000
vt 0.8839 0.7221 0.0000
vt 0.8909 0.7213 0.0000
vt 0.8829 0.7132 0.0000
vt 0.8896 0.7125 0.0000
vt 0.8819 0.7007 0.0000
vt 0.8882 0.6998 0.0000
vt 0.8950 0.6989 0.0000
vt 0.8871 0.6852 0.0000
vt 0.8933 0.6844 0.0000
vt 0.8994 0.6833 0.0000
vt 0.8913 0.6707 0.0000
vt 0.8968 0.6699 0.0000
vt 0.9021 0.6689 0.0000
vt 0.8942 0.6593 0.0000
vt 0.8990 0.6586 0.0000
vt 0.9038 0.6579 0.0000
vt 0.9073 0.6677 0.0000
vt 0.8962 0.6515 0.0000
vt 0.9001 0.6506 0.0000
vt 0.9039 0.6498 0.0000
vt 0.8971 0.6452 0.0000
vt 0.9002 0.6443 0.0000
vt 0.5323 0.2053 0.0000
vt 0.5313 0.2107 0.0000
vt 0.5280 0.2086 0.0000
vt 0.5284 0.2036 0.0000
vt 0.5331 0.1988 0.0000
vt 0.5238 0.2074 0.0000
vt 0.5243 0.2027 0.0000
vt 0.5181 0.2064 0.0000
vt 0.5183 0.2025 0.0000
vt 0.5181 0.1985 0.0000
vt 0.5104 0.2018 0.0000
vt 0.5100 0.1982 0.0000
vt 0.5097 0.1947 0.0000
vt 0.5171 0.1950 0.0000
vt 0.5093 0.1922 0.0000
vt 0.4981 0.1933 0.0000
vt 0.4979 0.1914 0.0000
vt 0.4980 0.1882 0.0000
vt 0.5093 0.1894 0.0000
vt 0.4981 0.1850 0.0000
vt 0.5093 0.1861 0.0000
vt 0.4981 0.1817 0.0000
vt 0.5092 0.1826 0.0000
vt 0.5162 0.1831 0.0000
vt 0.5091 0.1792 0.0000
vt 0.5164 0.1798 0.0000
vt 0.4980 0.1783 0.0000
vt 0.4981 0.1748 0.0000
vt 0.4851 0.1767 0.0000
vt 0.4849 0.1734 0.0000
vt 0.4850 0.1702 0.0000
vt 0.4982 0.1715 0.0000
vt 0.4852 0.1668 0.0000
vt 0.4983 0.1683 0.0000
vt 0.4853 0.1633 0.0000
vt 0.4985 0.1648 0.0000
vt 0.4853 0.1594 0.0000
vt 0.4986 0.1610 0.0000
vt 0.4853 0.1551 0.0000
vt 0.4986 0.1567 0.0000
vt 0.5077 0.1577 0.0000
vt 0.4986 0.1513 0.0000
vt 0.5073 0.1518 0.0000
vt 0.5120 0.1516 0.0000
vt 0.5128 0.1585 0.0000
vt 0.5161 0.1514 0.0000
vt 0.5170 0.1592 0.0000
vt 0.5202 0.1517 0.0000
vt 0.5202 0.1606 0.0000
vt 0.5234 0.1520 0.0000
vt 0.5234 0.1619 0.0000
vt 0.9501 0.6743 0.0000
vt 0.9505 0.6837 0.0000
vt 0.9462 0.6843 0.0000
vt 0.9456 0.6744 0.0000
vt 0.9460 0.6675 0.0000
vt 0.9511 0.6678 0.0000
vt 0.9410 0.6742 0.0000
vt 0.9416 0.6674 0.0000
vt 0.9372 0.6673 0.0000
vt 0.9329 0.6668 0.0000
vt 0.9278 0.6660 0.0000
vt 0.9318 0.6597 0.0000
vt 0.9285 0.6603 0.0000
vt 0.5157 0.1411 0.0000
vt 0.5116 0.1416 0.0000
vt 0.5068 0.1420 0.0000
vt 0.5063 0.1295 0.0000
vt 0.4986 0.1425 0.0000
vt 0.4985 0.1295 0.0000
vt 0.4986 0.1162 0.0000
vt 0.4855 0.1292 0.0000
vt 0.4857 0.1155 0.0000
vt 0.4859 0.1020 0.0000
vt 0.4708 0.1145 0.0000
vt 0.4711 0.1006 0.0000
vt 0.4556 0.1132 0.0000
vt 0.4558 0.0993 0.0000
vt 0.4563 0.0853 0.0000
vt 0.4400 0.0980 0.0000
vt 0.4403 0.0841 0.0000
vt 0.4409 0.0702 0.0000
vt 0.4240 0.0830 0.0000
vt 0.4243 0.0692 0.0000
vt 0.4248 0.0553 0.0000
vt 0.4077 0.0680 0.0000
vt 0.4080 0.0541 0.0000
vt 0.4084 0.0416 0.0000
vt 0.3911 0.0529 0.0000
vt 0.3914 0.0408 0.0000
vt 0.3917 0.0329 0.0000
vt 0.3740 0.0401 0.0000
vt 0.3742 0.0324 0.0000
vt 0.3744 0.0280 0.0000
vt 0.3568 0.0320 0.0000
vt 0.3569 0.0278 0.0000
vt 0.3571 0.0239 0.0000
vt 0.3746 0.0242 0.0000
vt 0.3572 0.0205 0.0000
vt 0.3748 0.0208 0.0000
vt 0.3573 0.0179 0.0000
vt 0.3750 0.0180 0.0000
vt 0.3574 0.0148 0.0000
vt 0.3752 0.0149 0.0000
vt 0.3579 0.0121 0.0000
vt 0.3753 0.0120 0.0000
vt 0.2182 0.2467 0.0000
vt 0.2204 0.2630 0.0000
vt 0.2169 0.2632 0.0000
vt 0.2148 0.2470 0.0000
vt 0.2150 0.2314 0.0000
vt 0.2136 0.2634 0.0000
vt 0.2115 0.2473 0.0000
vt 0.2102 0.2636 0.0000
vt 0.2082 0.2476 0.0000
vt 0.2068 0.2638 0.0000
vt 0.2114 0.2797 0.0000
vt 0.2078 0.2798 0.0000
vt 0.2041 0.2799 0.0000
vt 0.2085 0.2957 0.0000
vt 0.2046 0.2958 0.0000
vt 0.1995 0.2958 0.0000
vt 0.2049 0.3116 0.0000
vt 0.1996 0.3116 0.0000
vt 0.1930 0.3114 0.0000
vt 0.1931 0.2958 0.0000
vt 0.1843 0.3111 0.0000
vt 0.1845 0.2958 0.0000
vt 0.1713 0.3107 0.0000
vt 0.1716 0.2958 0.0000
vt 0.1557 0.3102 0.0000
vt 0.1560 0.2958 0.0000
vt 0.1397 0.3096 0.0000
vt 0.1399 0.2957 0.0000
vt 0.1236 0.3090 0.0000
vt 0.1237 0.2956 0.0000
vt 0.1074 0.3083 0.0000
vt 0.1075 0.2955 0.0000
vt 0.0935 0.3077 0.0000
vt 0.0938 0.2953 0.0000
vt 0.0832 0.3071 0.0000
vt 0.0839 0.2952 0.0000
vt 0.0750 0.3067 0.0000
vt 0.0756 0.2950 0.0000
vt 0.0692 0.3064 0.0000
vt 0.0698 0.2949 0.0000
vt 0.0698 0.2831 0.0000
vt 0.0655 0.2949 0.0000
vt 0.0654 0.2833 0.0000
vt 0.0650 0.2712 0.0000
vt 0.0617 0.2833 0.0000
vt 0.0613 0.2716 0.0000
vt 0.0606 0.2595 0.0000
vt 0.0579 0.2719 0.0000
vt 0.0576 0.2600 0.0000
vt 0.0567 0.2481 0.0000
vt 0.0546 0.2600 0.0000
vt 0.0537 0.2490 0.0000
vt 0.0528 0.2371 0.0000
vt 0.0508 0.2494 0.0000
vt 0.0502 0.2373 0.0000
vt 0.4058 0.4960 0.0000
vt 0.4184 0.4963 0.0000
vt 0.4064 0.4996 0.0000
vt 0.4070 0.5030 0.0000
vt 0.4061 0.4922 0.0000
vt 0.4186 0.4924 0.0000
vt 0.4312 0.4930 0.0000
vt 0.4309 0.4967 0.0000
vt 0.4435 0.4935 0.0000
vt 0.4433 0.4972 0.0000
vt 0.4559 0.4941 0.0000
vt 0.4556 0.4979 0.0000
vt 0.4684 0.4953 0.0000
vt 0.4681 0.4991 0.0000
vt 0.4806 0.4968 0.0000
vt 0.4803 0.5008 0.0000
vt 0.4926 0.4989 0.0000
vt 0.4923 0.5029 0.0000
vt 0.5036 0.5018 0.0000
vt 0.5033 0.5057 0.0000
vt 0.5136 0.5040 0.0000
vt 0.5131 0.5081 0.0000
vt 0.5195 0.5053 0.0000
vt 0.5195 0.5097 0.0000
vt 0.5240 0.5065 0.0000
vt 0.5238 0.5112 0.0000
vt 0.5274 0.5073 0.0000
vt 0.5272 0.5123 0.0000
vt 0.5308 0.5085 0.0000
vt 0.5305 0.5134 0.0000
vt 0.0122 0.0997 0.0000
vt 0.5280 0.5023 0.0000
vt 0.5314 0.5031 0.0000
vt 0.5345 0.5039 0.0000
vt 0.5339 0.5094 0.0000
vt 0.0139 0.0915 0.0000
vt 0.0114 0.0942 0.0000
vt 0.0133 0.0854 0.0000
vt 0.0167 0.0839 0.0000
vt 0.0171 0.0895 0.0000
vt 0.0207 0.0883 0.0000
vt 0.0205 0.0825 0.0000
vt 0.0165 0.0773 0.0000
vt 0.0130 0.0788 0.0000
vt 0.5319 0.4974 0.0000
vt 0.5351 0.4978 0.0000
vt 0.5285 0.4965 0.0000
vt 0.5291 0.4909 0.0000
vt 0.5252 0.4957 0.0000
vt 0.5256 0.4902 0.0000
vt 0.5257 0.4855 0.0000
vt 0.5211 0.4893 0.0000
vt 0.5213 0.4845 0.0000
vt 0.5219 0.4804 0.0000
vt 0.5147 0.4829 0.0000
vt 0.5147 0.4789 0.0000
vt 0.5148 0.4751 0.0000
vt 0.5219 0.4766 0.0000
vt 0.5222 0.4735 0.0000
vt 0.5224 0.4711 0.0000
vt 0.5226 0.4688 0.0000
vt 0.5154 0.4635 0.0000
vt 0.5230 0.4660 0.0000
vt 0.5286 0.4680 0.0000
vt 0.5235 0.4630 0.0000
vt 0.5293 0.4653 0.0000
vt 0.5344 0.4676 0.0000
vt 0.5302 0.4620 0.0000
vt 0.5354 0.4637 0.0000
vt 0.5402 0.4651 0.0000
vt 0.5365 0.4585 0.0000
vt 0.5420 0.4592 0.0000
vt 0.5477 0.4593 0.0000
vt 0.5458 0.4659 0.0000
vt 0.5437 0.4516 0.0000
vt 0.5491 0.4506 0.0000
vt 0.0170 0.0225 0.0000
vt 0.0212 0.0225 0.0000
vt 0.0169 0.0299 0.0000
vt 0.0168 0.0141 0.0000
vt 0.0209 0.0141 0.0000
vt 0.0266 0.0137 0.0000
vt 0.0205 0.0055 0.0000
vt 0.0257 0.0064 0.0000
vt 0.0338 0.0065 0.0000
vt 0.0348 0.0134 0.0000
vt 0.0462 0.0062 0.0000
vt 0.0470 0.0128 0.0000
vt 0.0616 0.0059 0.0000
vt 0.0613 0.0125 0.0000
vt 0.0761 0.0071 0.0000
vt 0.0753 0.0128 0.0000
vt 0.5394 0.3824 0.0000
vt 0.5345 0.3827 0.0000
vt 0.5321 0.3685 0.0000
vt 0.5367 0.3690 0.0000
vt 0.5269 0.3675 0.0000
vt 0.5196 0.3662 0.0000
vt 0.5177 0.3529 0.0000
vt 0.5095 0.3639 0.0000
vt 0.5076 0.3503 0.0000
vt 0.5059 0.3403 0.0000
vt 0.4957 0.3467 0.0000
vt 0.4951 0.3376 0.0000
vt 0.4954 0.3308 0.0000
vt 0.5049 0.3335 0.0000
vt 0.4948 0.3261 0.0000
vt 0.5041 0.3286 0.0000
vt 0.4951 0.3218 0.0000
vt 0.5041 0.3254 0.0000
vt 0.4948 0.3184 0.0000
vt 0.5044 0.3230 0.0000
vt 0.4950 0.3164 0.0000
vt 0.5054 0.3209 0.0000
vt 0.8639 0.7361 0.0000
vt 0.8736 0.7347 0.0000
vt 0.8731 0.7371 0.0000
vt 0.8629 0.7381 0.0000
vt 0.8628 0.7318 0.0000
vt 0.8731 0.7302 0.0000
vt 0.8794 0.7295 0.0000
vt 0.8713 0.7233 0.0000
vt 0.8777 0.7229 0.0000
vt 0.8706 0.7148 0.0000
vt 0.8765 0.7139 0.0000
vt 0.8712 0.7052 0.0000
vt 0.8755 0.7017 0.0000
vt 0.5205 0.2831 0.0000
vt 0.5156 0.2850 0.0000
vt 0.5149 0.2740 0.0000
vt 0.5202 0.2729 0.0000
vt 0.8751 0.6867 0.0000
vt 0.8811 0.6860 0.0000
vt 0.8745 0.6720 0.0000
vt 0.8802 0.6717 0.0000
vt 0.8857 0.6713 0.0000
vt 0.8789 0.6596 0.0000
vt 0.8840 0.6597 0.0000
vt 0.8891 0.6596 0.0000
vt 0.8826 0.6515 0.0000
vt 0.8873 0.6518 0.0000
vt 0.8919 0.6518 0.0000
vt 0.8858 0.6457 0.0000
vt 0.8900 0.6458 0.0000
vt 0.8937 0.6455 0.0000
vt 0.8882 0.6406 0.0000
vt 0.8914 0.6407 0.0000
vt 0.8866 0.6363 0.0000
vt 0.8901 0.6365 0.0000
vt 0.5245 0.2256 0.0000
vt 0.5252 0.2223 0.0000
vt 0.5285 0.2231 0.0000
vt 0.5276 0.2265 0.0000
vt 0.5206 0.2250 0.0000
vt 0.5212 0.2215 0.0000
vt 0.5218 0.2182 0.0000
vt 0.5161 0.2208 0.0000
vt 0.5166 0.2173 0.0000
vt 0.5171 0.2138 0.0000
vt 0.5224 0.2149 0.0000
vt 0.5177 0.2101 0.0000
vt 0.5231 0.2112 0.0000
vt 0.5098 0.2126 0.0000
vt 0.5100 0.2090 0.0000
vt 0.5102 0.2055 0.0000
vt 0.4986 0.2073 0.0000
vt 0.4987 0.2037 0.0000
vt 0.4988 0.2000 0.0000
vt 0.4850 0.2013 0.0000
vt 0.4849 0.1981 0.0000
vt 0.4848 0.1950 0.0000
vt 0.4985 0.1968 0.0000
vt 0.4847 0.1918 0.0000
vt 0.4704 0.1930 0.0000
vt 0.4704 0.1901 0.0000
vt 0.4704 0.1878 0.0000
vt 0.4847 0.1897 0.0000
vt 0.4705 0.1847 0.0000
vt 0.4848 0.1864 0.0000
vt 0.4706 0.1814 0.0000
vt 0.4849 0.1832 0.0000
vt 0.4706 0.1784 0.0000
vt 0.4850 0.1800 0.0000
vt 0.4707 0.1752 0.0000
vt 0.4558 0.1772 0.0000
vt 0.4557 0.1740 0.0000
vt 0.4558 0.1709 0.0000
vt 0.4707 0.1719 0.0000
vt 0.4558 0.1675 0.0000
vt 0.4707 0.1688 0.0000
vt 0.4559 0.1647 0.0000
vt 0.4707 0.1652 0.0000
vt 0.4558 0.1613 0.0000
vt 0.4707 0.1620 0.0000
vt 0.4558 0.1575 0.0000
vt 0.4706 0.1581 0.0000
vt 0.4557 0.1534 0.0000
vt 0.4706 0.1539 0.0000
vt 0.4556 0.1486 0.0000
vt 0.4706 0.1489 0.0000
vt 0.4853 0.1499 0.0000
vt 0.4706 0.1418 0.0000
vt 0.4854 0.1425 0.0000
vt 0.4707 0.1286 0.0000
vt 0.4557 0.1407 0.0000
vt 0.4556 0.1276 0.0000
vt 0.4400 0.1393 0.0000
vt 0.4398 0.1263 0.0000
vt 0.4401 0.1120 0.0000
vt 0.4237 0.1251 0.0000
vt 0.4236 0.1110 0.0000
vt 0.4239 0.0970 0.0000
vt 0.4068 0.1101 0.0000
vt 0.4071 0.0960 0.0000
vt 0.4073 0.0820 0.0000
vt 0.3901 0.0949 0.0000
vt 0.3903 0.0809 0.0000
vt 0.3907 0.0668 0.0000
vt 0.3731 0.0800 0.0000
vt 0.3734 0.0660 0.0000
vt 0.3738 0.0521 0.0000
vt 0.3560 0.0654 0.0000
vt 0.3563 0.0516 0.0000
vt 0.3566 0.0397 0.0000
vt 0.3387 0.0512 0.0000
vt 0.3390 0.0394 0.0000
vt 0.3392 0.0323 0.0000
vt 0.3213 0.0392 0.0000
vt 0.3213 0.0324 0.0000
vt 0.3214 0.0281 0.0000
vt 0.3393 0.0279 0.0000
vt 0.3215 0.0244 0.0000
vt 0.3393 0.0242 0.0000
vt 0.3216 0.0210 0.0000
vt 0.3393 0.0209 0.0000
vt 0.3216 0.0183 0.0000
vt 0.3393 0.0181 0.0000
vt 0.3217 0.0152 0.0000
vt 0.3393 0.0150 0.0000
vt 0.2262 0.2956 0.0000
vt 0.2226 0.2957 0.0000
vt 0.2218 0.2793 0.0000
vt 0.2253 0.2793 0.0000
vt 0.2234 0.2637 0.0000
vt 0.2191 0.2957 0.0000
vt 0.2183 0.2794 0.0000
vt 0.2157 0.2957 0.0000
vt 0.2149 0.2795 0.0000
vt 0.2121 0.2957 0.0000
vt 0.2158 0.3119 0.0000
vt 0.2123 0.3118 0.0000
vt 0.2087 0.3117 0.0000
vt 0.2118 0.3281 0.0000
vt 0.2083 0.3279 0.0000
vt 0.2045 0.3277 0.0000
vt 0.2065 0.3440 0.0000
vt 0.2024 0.3437 0.0000
vt 0.1972 0.3433 0.0000
vt 0.1990 0.3274 0.0000
vt 0.1906 0.3427 0.0000
vt 0.1923 0.3271 0.0000
vt 0.1823 0.3420 0.0000
vt 0.1836 0.3265 0.0000
vt 0.1691 0.3408 0.0000
vt 0.1706 0.3257 0.0000
vt 0.1535 0.3393 0.0000
vt 0.1549 0.3247 0.0000
vt 0.1376 0.3376 0.0000
vt 0.1391 0.3236 0.0000
vt 0.1217 0.3357 0.0000
vt 0.1230 0.3224 0.0000
vt 0.1059 0.3338 0.0000
vt 0.1070 0.3211 0.0000
vt 0.0911 0.3319 0.0000
vt 0.0927 0.3199 0.0000
vt 0.0804 0.3305 0.0000
vt 0.0821 0.3189 0.0000
vt 0.0722 0.3293 0.0000
vt 0.0738 0.3180 0.0000
vt 0.0666 0.3284 0.0000
vt 0.0681 0.3175 0.0000
vt 0.0627 0.3279 0.0000
vt 0.0640 0.3171 0.0000
vt 0.0649 0.3062 0.0000
vt 0.0601 0.3168 0.0000
vt 0.0611 0.3062 0.0000
vt 0.0615 0.2952 0.0000
vt 0.0576 0.3061 0.0000
vt 0.0582 0.2955 0.0000
vt 0.0582 0.2837 0.0000
vt 0.0551 0.2953 0.0000
vt 0.0551 0.2842 0.0000
vt 0.0547 0.2722 0.0000
vt 0.0520 0.2841 0.0000
vt 0.0519 0.2727 0.0000
vt 0.0518 0.2606 0.0000
vt 0.0491 0.2729 0.0000
vt 0.0491 0.2616 0.0000
vt 0.0488 0.2502 0.0000
vt 0.0463 0.2615 0.0000
vt 0.0449 0.2512 0.0000
vt 0.3933 0.4917 0.0000
vt 0.3927 0.4874 0.0000
vt 0.4063 0.4875 0.0000
vt 0.3939 0.4955 0.0000
vt 0.3932 0.4821 0.0000
vt 0.4064 0.4819 0.0000
vt 0.4191 0.4821 0.0000
vt 0.4189 0.4878 0.0000
vt 0.4317 0.4825 0.0000
vt 0.4315 0.4884 0.0000
vt 0.4442 0.4832 0.0000
vt 0.4439 0.4889 0.0000
vt 0.4567 0.4841 0.0000
vt 0.4564 0.4897 0.0000
vt 0.4693 0.4853 0.0000
vt 0.4689 0.4908 0.0000
vt 0.4816 0.4869 0.0000
vt 0.4811 0.4923 0.0000
vt 0.4934 0.4890 0.0000
vt 0.4930 0.4943 0.0000
vt 0.5045 0.4918 0.0000
vt 0.5043 0.4972 0.0000
vt 0.5142 0.4933 0.0000
vt 0.5142 0.4990 0.0000
vt 0.5207 0.4947 0.0000
vt 0.5201 0.5003 0.0000
vt 0.5245 0.5014 0.0000
vt 0.5144 0.4875 0.0000
vt 0.5051 0.4860 0.0000
vt 0.5055 0.4810 0.0000
vt 0.4939 0.4834 0.0000
vt 0.4944 0.4783 0.0000
vt 0.4950 0.4740 0.0000
vt 0.5060 0.4765 0.0000
vt 0.4953 0.4701 0.0000
vt 0.5063 0.4728 0.0000
vt 0.4829 0.4713 0.0000
vt 0.4831 0.4674 0.0000
vt 0.4832 0.4637 0.0000
vt 0.4707 0.4656 0.0000
vt 0.4707 0.4620 0.0000
vt 0.4709 0.4585 0.0000
vt 0.4835 0.4609 0.0000
vt 0.4712 0.4557 0.0000
vt 0.4840 0.4579 0.0000
vt 0.4715 0.4526 0.0000
vt 0.4842 0.4548 0.0000
vt 0.4965 0.4579 0.0000
vt 0.4845 0.4516 0.0000
vt 0.4965 0.4544 0.0000
vt 0.5069 0.4574 0.0000
vt 0.5062 0.4605 0.0000
vt 0.5159 0.4603 0.0000
vt 0.5077 0.4539 0.0000
vt 0.5168 0.4570 0.0000
vt 0.5242 0.4597 0.0000
vt 0.5176 0.4532 0.0000
vt 0.5253 0.4556 0.0000
vt 0.5313 0.4573 0.0000
vt 0.5265 0.4498 0.0000
vt 0.5325 0.4510 0.0000
vt 0.5381 0.4518 0.0000
vt 0.5438 0.4435 0.0000
vt 0.5402 0.4356 0.0000
vt 0.5435 0.4324 0.0000
vt 0.5487 0.4407 0.0000
vt 0.5335 0.4310 0.0000
vt 0.5356 0.4275 0.0000
vt 0.5379 0.4242 0.0000
vt 0.5458 0.4275 0.0000
vt 0.0170 0.0050 0.0000
vt 0.5267 0.4215 0.0000
vt 0.5464 0.4198 0.0000
vt 0.5249 0.4257 0.0000
vt 0.5139 0.4205 0.0000
vt 0.5153 0.4149 0.0000
vt 0.5017 0.4160 0.0000
vt 0.5030 0.4094 0.0000
vt 0.4892 0.4121 0.0000
vt 0.4903 0.4051 0.0000
vt 0.4919 0.3972 0.0000
vt 0.4772 0.4016 0.0000
vt 0.4782 0.3937 0.0000
vt 0.4800 0.3821 0.0000
vt 0.4940 0.3864 0.0000
vt 0.4821 0.3686 0.0000
vt 0.4961 0.3736 0.0000
vt 0.4831 0.3550 0.0000
vt 0.4967 0.3595 0.0000
vt 0.4836 0.3431 0.0000
vt 0.4691 0.3511 0.0000
vt 0.4700 0.3400 0.0000
vt 0.4706 0.3322 0.0000
vt 0.4831 0.3345 0.0000
vt 0.4707 0.3261 0.0000
vt 0.4830 0.3280 0.0000
vt 0.4707 0.3209 0.0000
vt 0.4826 0.3227 0.0000
vt 0.4710 0.3165 0.0000
vt 0.4831 0.3181 0.0000
vt 0.4565 0.3183 0.0000
vt 0.4567 0.3138 0.0000
vt 0.4404 0.3159 0.0000
vt 0.4404 0.3115 0.0000
vt 0.4403 0.3070 0.0000
vt 0.4247 0.3099 0.0000
vt 0.4247 0.3055 0.0000
vt 0.4245 0.3024 0.0000
vt 0.4401 0.3039 0.0000
vt 0.4243 0.2986 0.0000
vt 0.4400 0.3000 0.0000
vt 0.4241 0.2940 0.0000
vt 0.4399 0.2953 0.0000
vt 0.4559 0.2973 0.0000
vt 0.4398 0.2900 0.0000
vt 0.4556 0.2918 0.0000
vt 0.4706 0.2934 0.0000
vt 0.4711 0.2991 0.0000
vt 0.4847 0.2948 0.0000
vt 0.4849 0.3004 0.0000
vt 0.4978 0.2945 0.0000
vt 0.4981 0.2988 0.0000
vt 0.4978 0.3027 0.0000
vt 0.8554 0.7440 0.0000
vt 0.8438 0.7552 0.0000
vt 0.8437 0.7547 0.0000
vt 0.8558 0.7429 0.0000
vt 0.5095 0.2976 0.0000
vt 0.5093 0.3004 0.0000
vt 0.5092 0.2931 0.0000
vt 0.5164 0.2921 0.0000
vt 0.5169 0.2962 0.0000
vt 0.8628 0.7263 0.0000
vt 0.4988 0.2872 0.0000
vt 0.5093 0.2861 0.0000
vt 0.4987 0.2766 0.0000
vt 0.5086 0.2752 0.0000
vt 0.4983 0.2638 0.0000
vt 0.5084 0.2627 0.0000
vt 0.5151 0.2622 0.0000
vt 0.5089 0.2525 0.0000
vt 0.5155 0.2521 0.0000
vt 0.5204 0.2518 0.0000
vt 0.5203 0.2617 0.0000
vt 0.5157 0.2445 0.0000
vt 0.5204 0.2443 0.0000
vt 0.5244 0.2445 0.0000
vt 0.5246 0.2502 0.0000
vt 0.8741 0.6601 0.0000
vt 0.5203 0.2397 0.0000
vt 0.5241 0.2395 0.0000
vt 0.5277 0.2393 0.0000
vt 0.5282 0.2430 0.0000
vt 0.8782 0.6513 0.0000
vt 0.8815 0.6455 0.0000
vt 0.8808 0.6403 0.0000
vt 0.8844 0.6406 0.0000
vt 0.5200 0.2358 0.0000
vt 0.5157 0.2399 0.0000
vt 0.5155 0.2361 0.0000
vt 0.5152 0.2323 0.0000
vt 0.5198 0.2322 0.0000
vt 0.5152 0.2284 0.0000
vt 0.5201 0.2286 0.0000
vt 0.5156 0.2245 0.0000
vt 0.5085 0.2279 0.0000
vt 0.5087 0.2237 0.0000
vt 0.5091 0.2199 0.0000
vt 0.4982 0.2225 0.0000
vt 0.4983 0.2185 0.0000
vt 0.4985 0.2147 0.0000
vt 0.5095 0.2162 0.0000
vt 0.4986 0.2110 0.0000
vt 0.4846 0.2129 0.0000
vt 0.4847 0.2091 0.0000
vt 0.4849 0.2053 0.0000
vt 0.4701 0.2071 0.0000
vt 0.4702 0.2031 0.0000
vt 0.4703 0.1994 0.0000
vt 0.4555 0.2016 0.0000
vt 0.4556 0.1978 0.0000
vt 0.4556 0.1946 0.0000
vt 0.4704 0.1960 0.0000
vt 0.4555 0.1916 0.0000
vt 0.4396 0.1931 0.0000
vt 0.4396 0.1901 0.0000
vt 0.4397 0.1874 0.0000
vt 0.4554 0.1888 0.0000
vt 0.4397 0.1849 0.0000
vt 0.4555 0.1866 0.0000
vt 0.4398 0.1816 0.0000
vt 0.4557 0.1834 0.0000
vt 0.4399 0.1788 0.0000
vt 0.4558 0.1803 0.0000
vt 0.4400 0.1757 0.0000
vt 0.4232 0.1774 0.0000
vt 0.4233 0.1744 0.0000
vt 0.4234 0.1713 0.0000
vt 0.4401 0.1725 0.0000
vt 0.4235 0.1682 0.0000
vt 0.4402 0.1694 0.0000
vt 0.4235 0.1653 0.0000
vt 0.4401 0.1662 0.0000
vt 0.4235 0.1621 0.0000
vt 0.4402 0.1640 0.0000
vt 0.4236 0.1592 0.0000
vt 0.4403 0.1602 0.0000
vt 0.4236 0.1554 0.0000
vt 0.4403 0.1564 0.0000
vt 0.4237 0.1515 0.0000
vt 0.4402 0.1523 0.0000
vt 0.4237 0.1465 0.0000
vt 0.4402 0.1474 0.0000
vt 0.4238 0.1380 0.0000
vt 0.4066 0.1457 0.0000
vt 0.4067 0.1372 0.0000
vt 0.4068 0.1242 0.0000
vt 0.3894 0.1366 0.0000
vt 0.3895 0.1232 0.0000
vt 0.3898 0.1090 0.0000
vt 0.3722 0.1222 0.0000
vt 0.3725 0.1081 0.0000
vt 0.3729 0.0940 0.0000
vt 0.3552 0.1071 0.0000
vt 0.3554 0.0933 0.0000
vt 0.3558 0.0793 0.0000
vt 0.3379 0.0928 0.0000
vt 0.3382 0.0789 0.0000
vt 0.3384 0.0650 0.0000
vt 0.3208 0.0788 0.0000
vt 0.3209 0.0649 0.0000
vt 0.3211 0.0510 0.0000
vt 0.3034 0.0652 0.0000
vt 0.3037 0.0517 0.0000
vt 0.3038 0.0397 0.0000
vt 0.2874 0.0521 0.0000
vt 0.2869 0.0403 0.0000
vt 0.2868 0.0331 0.0000
vt 0.3040 0.0322 0.0000
vt 0.2868 0.0289 0.0000
vt 0.3041 0.0281 0.0000
vt 0.2867 0.0251 0.0000
vt 0.3041 0.0243 0.0000
vt 0.2869 0.0217 0.0000
vt 0.3042 0.0210 0.0000
vt 0.2870 0.0188 0.0000
vt 0.3043 0.0181 0.0000
vt 0.2871 0.0156 0.0000
vt 0.3044 0.0150 0.0000
vt 0.2264 0.3122 0.0000
vt 0.2259 0.3290 0.0000
vt 0.2224 0.3287 0.0000
vt 0.2229 0.3121 0.0000
vt 0.2188 0.3285 0.0000
vt 0.2192 0.3120 0.0000
vt 0.2153 0.3283 0.0000
vt 0.2174 0.3449 0.0000
vt 0.2138 0.3447 0.0000
vt 0.2101 0.3444 0.0000
vt 0.2120 0.3610 0.0000
vt 0.2082 0.3607 0.0000
vt 0.2043 0.3603 0.0000
vt 0.2057 0.3774 0.0000
vt 0.2019 0.3768 0.0000
vt 0.1976 0.3761 0.0000
vt 0.2003 0.3600 0.0000
vt 0.1919 0.3753 0.0000
vt 0.1949 0.3594 0.0000
vt 0.1854 0.3743 0.0000
vt 0.1885 0.3586 0.0000
vt 0.1769 0.3730 0.0000
vt 0.1800 0.3576 0.0000
vt 0.1641 0.3708 0.0000
vt 0.1670 0.3559 0.0000
vt 0.1486 0.3681 0.0000
vt 0.1515 0.3538 0.0000
vt 0.1327 0.3652 0.0000
vt 0.1355 0.3514 0.0000
vt 0.1168 0.3621 0.0000
vt 0.1195 0.3490 0.0000
vt 0.1012 0.3588 0.0000
vt 0.1039 0.3464 0.0000
vt 0.0867 0.3559 0.0000
vt 0.0891 0.3439 0.0000
vt 0.0760 0.3537 0.0000
vt 0.0782 0.3419 0.0000
vt 0.0680 0.3519 0.0000
vt 0.0702 0.3406 0.0000
vt 0.0623 0.3506 0.0000
vt 0.0645 0.3396 0.0000
vt 0.0589 0.3498 0.0000
vt 0.0606 0.3389 0.0000
vt 0.0556 0.3490 0.0000
vt 0.0574 0.3383 0.0000
vt 0.0589 0.3273 0.0000
vt 0.0545 0.3374 0.0000
vt 0.0558 0.3269 0.0000
vt 0.0566 0.3166 0.0000
vt 0.0527 0.3264 0.0000
vt 0.0536 0.3165 0.0000
vt 0.0544 0.3062 0.0000
vt 0.0505 0.3161 0.0000
vt 0.0513 0.3063 0.0000
vt 0.0518 0.2957 0.0000
vt 0.0483 0.3062 0.0000
vt 0.0488 0.2961 0.0000
vt 0.0491 0.2849 0.0000
vt 0.0457 0.2964 0.0000
vt 0.0461 0.2856 0.0000
vt 0.0462 0.2740 0.0000
vt 0.0428 0.2857 0.0000
vt 0.0431 0.2749 0.0000
vt 0.0433 0.2636 0.0000
vt 0.0399 0.2751 0.0000
vt 0.0392 0.2638 0.0000
vt 0.3796 0.4770 0.0000
vt 0.3936 0.4764 0.0000
vt 0.3803 0.4822 0.0000
vt 0.3810 0.4871 0.0000
vt 0.3800 0.4720 0.0000
vt 0.3936 0.4713 0.0000
vt 0.4068 0.4705 0.0000
vt 0.4066 0.4759 0.0000
vt 0.4195 0.4700 0.0000
vt 0.4194 0.4757 0.0000
vt 0.4322 0.4702 0.0000
vt 0.4320 0.4761 0.0000
vt 0.4449 0.4709 0.0000
vt 0.4446 0.4767 0.0000
vt 0.4575 0.4722 0.0000
vt 0.4573 0.4778 0.0000
vt 0.4701 0.4737 0.0000
vt 0.4698 0.4792 0.0000
vt 0.4826 0.4757 0.0000
vt 0.4822 0.4810 0.0000
vt 0.4705 0.4694 0.0000
vt 0.4577 0.4678 0.0000
vt 0.4580 0.4639 0.0000
vt 0.4452 0.4663 0.0000
vt 0.4453 0.4622 0.0000
vt 0.4456 0.4583 0.0000
vt 0.4583 0.4602 0.0000
vt 0.4456 0.4552 0.0000
vt 0.4584 0.4569 0.0000
vt 0.4457 0.4521 0.0000
vt 0.4586 0.4538 0.0000
vt 0.4459 0.4488 0.0000
vt 0.4588 0.4508 0.0000
vt 0.4462 0.4453 0.0000
vt 0.4590 0.4475 0.0000
vt 0.4718 0.4494 0.0000
vt 0.4595 0.4438 0.0000
vt 0.4721 0.4458 0.0000
vt 0.4848 0.4480 0.0000
vt 0.4726 0.4420 0.0000
vt 0.4852 0.4441 0.0000
vt 0.4973 0.4468 0.0000
vt 0.4969 0.4507 0.0000
vt 0.5084 0.4501 0.0000
vt 0.4980 0.4417 0.0000
vt 0.5095 0.4447 0.0000
vt 0.5187 0.4475 0.0000
vt 0.5108 0.4375 0.0000
vt 0.5203 0.4403 0.0000
vt 0.5119 0.4315 0.0000
vt 0.5218 0.4348 0.0000
vt 0.5128 0.4260 0.0000
vt 0.5233 0.4301 0.0000
vt 0.4999 0.4284 0.0000
vt 0.5007 0.4221 0.0000
vt 0.4873 0.4257 0.0000
vt 0.4881 0.4187 0.0000
vt 0.4747 0.4234 0.0000
vt 0.4754 0.4161 0.0000
vt 0.4764 0.4091 0.0000
vt 0.4624 0.4140 0.0000
vt 0.4631 0.4070 0.0000
vt 0.4638 0.3997 0.0000
vt 0.4496 0.4055 0.0000
vt 0.4501 0.3985 0.0000
vt 0.4506 0.3901 0.0000
vt 0.4647 0.3914 0.0000
vt 0.4516 0.3769 0.0000
vt 0.4660 0.3789 0.0000
vt 0.4531 0.3623 0.0000
vt 0.4677 0.3648 0.0000
vt 0.4547 0.3481 0.0000
vt 0.4382 0.3603 0.0000
vt 0.4393 0.3460 0.0000
vt 0.4400 0.3345 0.0000
vt 0.4556 0.3370 0.0000
vt 0.4403 0.3269 0.0000
vt 0.4560 0.3293 0.0000
vt 0.4404 0.3210 0.0000
vt 0.4563 0.3234 0.0000
vt 0.4245 0.3248 0.0000
vt 0.4245 0.3191 0.0000
vt 0.4246 0.3143 0.0000
vt 0.4085 0.3177 0.0000
vt 0.4085 0.3131 0.0000
vt 0.4086 0.3087 0.0000
vt 0.3922 0.3125 0.0000
vt 0.3921 0.3082 0.0000
vt 0.3921 0.3037 0.0000
vt 0.4086 0.3043 0.0000
vt 0.3920 0.3008 0.0000
vt 0.4085 0.3015 0.0000
vt 0.3918 0.2974 0.0000
vt 0.4083 0.2979 0.0000
vt 0.3918 0.2932 0.0000
vt 0.4081 0.2934 0.0000
vt 0.3917 0.2881 0.0000
vt 0.4079 0.2884 0.0000
vt 0.4239 0.2887 0.0000
vt 0.4077 0.2818 0.0000
vt 0.4236 0.2823 0.0000
vt 0.4395 0.2832 0.0000
vt 0.4234 0.2738 0.0000
vt 0.4393 0.2747 0.0000
vt 0.4549 0.2755 0.0000
vt 0.4553 0.2847 0.0000
vt 0.4701 0.2765 0.0000
vt 0.4705 0.2861 0.0000
vt 0.4850 0.2770 0.0000
vt 0.4851 0.2871 0.0000
vt 0.4697 0.2646 0.0000
vt 0.4847 0.2646 0.0000
vt 0.4696 0.2536 0.0000
vt 0.4842 0.2540 0.0000
vt 0.4981 0.2537 0.0000
vt 0.4840 0.2456 0.0000
vt 0.4978 0.2459 0.0000
vt 0.5089 0.2452 0.0000
vt 0.4976 0.2408 0.0000
vt 0.5088 0.2405 0.0000
vt 0.4977 0.2360 0.0000
vt 0.5087 0.2363 0.0000
vt 0.4977 0.2314 0.0000
vt 0.5086 0.2321 0.0000
vt 0.4980 0.2269 0.0000
vt 0.4840 0.2304 0.0000
vt 0.4841 0.2258 0.0000
vt 0.4843 0.2212 0.0000
vt 0.4696 0.2250 0.0000
vt 0.4697 0.2203 0.0000
vt 0.4699 0.2157 0.0000
vt 0.4845 0.2169 0.0000
vt 0.4700 0.2114 0.0000
vt 0.4551 0.2146 0.0000
vt 0.4551 0.2099 0.0000
vt 0.4553 0.2056 0.0000
vt 0.4398 0.2086 0.0000
vt 0.4399 0.2042 0.0000
vt 0.4399 0.2002 0.0000
vt 0.4236 0.2029 0.0000
vt 0.4235 0.1992 0.0000
vt 0.4233 0.1954 0.0000
vt 0.4397 0.1964 0.0000
vt 0.4229 0.1919 0.0000
vt 0.4064 0.1948 0.0000
vt 0.4061 0.1913 0.0000
vt 0.4060 0.1881 0.0000
vt 0.4227 0.1887 0.0000
vt 0.4059 0.1853 0.0000
vt 0.4227 0.1860 0.0000
vt 0.4059 0.1829 0.0000
vt 0.4229 0.1836 0.0000
vt 0.4060 0.1796 0.0000
vt 0.4231 0.1803 0.0000
vt 0.4060 0.1766 0.0000
vt 0.3879 0.1794 0.0000
vt 0.3882 0.1762 0.0000
vt 0.3884 0.1731 0.0000
vt 0.4061 0.1736 0.0000
vt 0.3886 0.1699 0.0000
vt 0.4062 0.1705 0.0000
vt 0.3887 0.1667 0.0000
vt 0.4062 0.1674 0.0000
vt 0.3888 0.1634 0.0000
vt 0.4062 0.1644 0.0000
vt 0.3889 0.1605 0.0000
vt 0.4061 0.1614 0.0000
vt 0.3890 0.1571 0.0000
vt 0.4062 0.1581 0.0000
vt 0.3891 0.1535 0.0000
vt 0.4064 0.1543 0.0000
vt 0.3891 0.1496 0.0000
vt 0.4065 0.1505 0.0000
vt 0.3892 0.1449 0.0000
vt 0.3718 0.1486 0.0000
vt 0.3719 0.1440 0.0000
vt 0.3721 0.1356 0.0000
vt 0.3544 0.1434 0.0000
vt 0.3544 0.1351 0.0000
vt 0.3547 0.1213 0.0000
vt 0.3372 0.1348 0.0000
vt 0.3374 0.1209 0.0000
vt 0.3376 0.1067 0.0000
vt 0.3203 0.1211 0.0000
vt 0.3204 0.1067 0.0000
vt 0.3205 0.0926 0.0000
vt 0.3035 0.1068 0.0000
vt 0.3034 0.0927 0.0000
vt 0.3034 0.0788 0.0000
vt 0.2864 0.0929 0.0000
vt 0.2861 0.0791 0.0000
vt 0.2859 0.0657 0.0000
vt 0.2689 0.0795 0.0000
vt 0.2711 0.0638 0.0000
vt 0.2718 0.0514 0.0000
vt 0.2547 0.0594 0.0000
vt 0.2592 0.0496 0.0000
vt 0.2602 0.0417 0.0000
vt 0.2722 0.0412 0.0000
vt 0.2604 0.0352 0.0000
vt 0.2718 0.0340 0.0000
vt 0.2591 0.0309 0.0000
vt 0.2712 0.0298 0.0000
vt 0.2578 0.0266 0.0000
vt 0.2708 0.0260 0.0000
vt 0.2568 0.0228 0.0000
vt 0.2706 0.0225 0.0000
vt 0.2560 0.0196 0.0000
vt 0.2705 0.0195 0.0000
vt 0.2553 0.0163 0.0000
vt 0.2701 0.0165 0.0000
vt 0.2231 0.3624 0.0000
vt 0.2194 0.3619 0.0000
vt 0.2209 0.3453 0.0000
vt 0.2246 0.3456 0.0000
vt 0.2156 0.3614 0.0000
vt 0.2165 0.3797 0.0000
vt 0.2129 0.3788 0.0000
vt 0.2094 0.3779 0.0000
vt 0.2093 0.3963 0.0000
vt 0.2058 0.3953 0.0000
vt 0.2021 0.3944 0.0000
vt 0.2015 0.4113 0.0000
vt 0.1977 0.4106 0.0000
vt 0.1941 0.4098 0.0000
vt 0.1983 0.3935 0.0000
vt 0.1899 0.4088 0.0000
vt 0.1938 0.3925 0.0000
vt 0.1842 0.4074 0.0000
vt 0.1883 0.3914 0.0000
vt 0.1775 0.4056 0.0000
vt 0.1818 0.3901 0.0000
vt 0.1687 0.4034 0.0000
vt 0.1731 0.3882 0.0000
vt 0.1560 0.4001 0.0000
vt 0.1604 0.3856 0.0000
vt 0.1408 0.3962 0.0000
vt 0.1451 0.3822 0.0000
vt 0.1251 0.3921 0.0000
vt 0.1292 0.3787 0.0000
vt 0.1097 0.3879 0.0000
vt 0.1134 0.3751 0.0000
vt 0.0945 0.3838 0.0000
vt 0.0980 0.3713 0.0000
vt 0.0804 0.3799 0.0000
vt 0.0836 0.3679 0.0000
vt 0.0700 0.3771 0.0000
vt 0.0731 0.3653 0.0000
vt 0.0626 0.3749 0.0000
vt 0.0654 0.3631 0.0000
vt 0.0576 0.3734 0.0000
vt 0.0600 0.3618 0.0000
vt 0.0543 0.3723 0.0000
vt 0.0565 0.3608 0.0000
vt 0.0511 0.3715 0.0000
vt 0.0533 0.3600 0.0000
vt 0.0483 0.3706 0.0000
vt 0.0507 0.3592 0.0000
vt 0.0526 0.3482 0.0000
vt 0.0479 0.3584 0.0000
vt 0.0500 0.3476 0.0000
vt 0.0515 0.3369 0.0000
vt 0.0471 0.3469 0.0000
vt 0.0486 0.3364 0.0000
vt 0.0497 0.3261 0.0000
vt 0.0458 0.3357 0.0000
vt 0.0467 0.3258 0.0000
vt 0.0474 0.3162 0.0000
vt 0.0435 0.3251 0.0000
vt 0.0443 0.3161 0.0000
vt 0.0450 0.3065 0.0000
vt 0.0405 0.3161 0.0000
vt 0.0412 0.3072 0.0000
vt 0.0420 0.2972 0.0000
vt 0.0375 0.3074 0.0000
vt 0.0384 0.2977 0.0000
vt 0.0392 0.2872 0.0000
vt 0.0351 0.2980 0.0000
vt 0.0359 0.2884 0.0000
vt 0.0370 0.2766 0.0000
vt 0.0332 0.2885 0.0000
vt 0.0336 0.2766 0.0000
vt 0.3657 0.4679 0.0000
vt 0.3804 0.4674 0.0000
vt 0.3663 0.4723 0.0000
vt 0.3669 0.4772 0.0000
vt 0.3661 0.4639 0.0000
vt 0.3806 0.4631 0.0000
vt 0.3941 0.4624 0.0000
vt 0.3940 0.4667 0.0000
vt 0.4068 0.4617 0.0000
vt 0.4069 0.4659 0.0000
vt 0.4196 0.4611 0.0000
vt 0.4196 0.4654 0.0000
vt 0.4325 0.4613 0.0000
vt 0.4324 0.4655 0.0000
vt 0.4195 0.4571 0.0000
vt 0.4327 0.4573 0.0000
vt 0.4197 0.4540 0.0000
vt 0.4327 0.4544 0.0000
vt 0.4200 0.4502 0.0000
vt 0.4328 0.4508 0.0000
vt 0.4200 0.4466 0.0000
vt 0.4330 0.4473 0.0000
vt 0.4202 0.4427 0.0000
vt 0.4332 0.4435 0.0000
vt 0.4203 0.4388 0.0000
vt 0.4334 0.4398 0.0000
vt 0.4466 0.4416 0.0000
vt 0.4337 0.4358 0.0000
vt 0.4468 0.4376 0.0000
vt 0.4598 0.4398 0.0000
vt 0.4473 0.4328 0.0000
vt 0.4603 0.4350 0.0000
vt 0.4732 0.4370 0.0000
vt 0.4609 0.4284 0.0000
vt 0.4738 0.4306 0.0000
vt 0.4865 0.4328 0.0000
vt 0.4859 0.4392 0.0000
vt 0.4989 0.4349 0.0000
vt 0.4617 0.4212 0.0000
vt 0.4479 0.4261 0.0000
vt 0.4485 0.4191 0.0000
vt 0.4492 0.4122 0.0000
vt 0.4350 0.4171 0.0000
vt 0.4355 0.4108 0.0000
vt 0.4360 0.4046 0.0000
vt 0.4217 0.4097 0.0000
vt 0.4220 0.4037 0.0000
vt 0.4222 0.3971 0.0000
vt 0.4364 0.3977 0.0000
vt 0.4225 0.3882 0.0000
vt 0.4367 0.3891 0.0000
vt 0.4229 0.3741 0.0000
vt 0.4374 0.3754 0.0000
vt 0.4234 0.3590 0.0000
vt 0.4083 0.3730 0.0000
vt 0.4084 0.3577 0.0000
vt 0.4084 0.3431 0.0000
vt 0.4239 0.3444 0.0000
vt 0.4085 0.3315 0.0000
vt 0.4243 0.3327 0.0000
vt 0.4085 0.3236 0.0000
vt 0.3928 0.3308 0.0000
vt 0.3924 0.3230 0.0000
vt 0.3923 0.3173 0.0000
vt 0.3767 0.3232 0.0000
vt 0.3763 0.3174 0.0000
vt 0.3760 0.3126 0.0000
vt 0.3606 0.3181 0.0000
vt 0.3603 0.3134 0.0000
vt 0.3601 0.3090 0.0000
vt 0.3757 0.3083 0.0000
vt 0.3599 0.3047 0.0000
vt 0.3755 0.3039 0.0000
vt 0.3597 0.3010 0.0000
vt 0.3753 0.3006 0.0000
vt 0.3597 0.2973 0.0000
vt 0.3754 0.2971 0.0000
vt 0.3597 0.2929 0.0000
vt 0.3755 0.2929 0.0000
vt 0.3596 0.2879 0.0000
vt 0.3755 0.2881 0.0000
vt 0.3595 0.2814 0.0000
vt 0.3754 0.2814 0.0000
vt 0.3915 0.2815 0.0000
vt 0.3753 0.2723 0.0000
vt 0.3914 0.2725 0.0000
vt 0.4075 0.2729 0.0000
vt 0.3912 0.2619 0.0000
vt 0.4073 0.2625 0.0000
vt 0.4232 0.2634 0.0000
vt 0.4071 0.2519 0.0000
vt 0.4230 0.2524 0.0000
vt 0.4389 0.2529 0.0000
vt 0.4391 0.2640 0.0000
vt 0.4545 0.2531 0.0000
vt 0.4547 0.2643 0.0000
vt 0.4389 0.2438 0.0000
vt 0.4544 0.2441 0.0000
vt 0.4694 0.2449 0.0000
vt 0.4544 0.2383 0.0000
vt 0.4694 0.2391 0.0000
vt 0.4839 0.2401 0.0000
vt 0.4694 0.2343 0.0000
vt 0.4839 0.2351 0.0000
vt 0.4695 0.2296 0.0000
vt 0.4545 0.2334 0.0000
vt 0.4545 0.2288 0.0000
vt 0.4546 0.2242 0.0000
vt 0.4390 0.2276 0.0000
vt 0.4391 0.2228 0.0000
vt 0.4393 0.2180 0.0000
vt 0.4548 0.2194 0.0000
vt 0.4396 0.2132 0.0000
vt 0.4232 0.2167 0.0000
vt 0.4234 0.2120 0.0000
vt 0.4236 0.2074 0.0000
vt 0.4067 0.2113 0.0000
vt 0.4066 0.2068 0.0000
vt 0.4066 0.2025 0.0000
vt 0.3895 0.2067 0.0000
vt 0.3892 0.2027 0.0000
vt 0.3889 0.1989 0.0000
vt 0.4065 0.1987 0.0000
vt 0.3885 0.1951 0.0000
vt 0.3714 0.1989 0.0000
vt 0.3708 0.1951 0.0000
vt 0.3697 0.1916 0.0000
vt 0.3879 0.1914 0.0000
vt 0.3873 0.1880 0.0000
vt 0.3867 0.1850 0.0000
vt 0.3873 0.1826 0.0000
vt 0.3697 0.1781 0.0000
vt 0.3535 0.1782 0.0000
vt 0.3535 0.1750 0.0000
vt 0.3704 0.1751 0.0000
vt 0.3536 0.1719 0.0000
vt 0.3708 0.1720 0.0000
vt 0.3537 0.1687 0.0000
vt 0.3710 0.1688 0.0000
vt 0.3538 0.1654 0.0000
vt 0.3712 0.1656 0.0000
vt 0.3539 0.1622 0.0000
vt 0.3713 0.1625 0.0000
vt 0.3543 0.1588 0.0000
vt 0.3714 0.1592 0.0000
vt 0.3543 0.1555 0.0000
vt 0.3716 0.1559 0.0000
vt 0.3543 0.1519 0.0000
vt 0.3717 0.1523 0.0000
vt 0.3543 0.1480 0.0000
vt 0.3370 0.1526 0.0000
vt 0.3370 0.1486 0.0000
vt 0.3370 0.1441 0.0000
vt 0.3199 0.1496 0.0000
vt 0.3199 0.1444 0.0000
vt 0.3200 0.1350 0.0000
vt 0.3041 0.1449 0.0000
vt 0.3039 0.1354 0.0000
vt 0.3036 0.1212 0.0000
vt 0.2880 0.1358 0.0000
vt 0.2874 0.1216 0.0000
vt 0.2868 0.1069 0.0000
vt 0.2717 0.1220 0.0000
vt 0.2708 0.1075 0.0000
vt 0.2694 0.0934 0.0000
vt 0.2552 0.1090 0.0000
vt 0.2539 0.0958 0.0000
vt 0.3194 0.9183 0.0000
vt 0.3319 0.9173 0.0000
vt 0.3348 0.9276 0.0000
vt 0.3262 0.9273 0.0000
vt 0.3181 0.9071 0.0000
vt 0.3345 0.9083 0.0000
vt 0.3476 0.9115 0.0000
vt 0.3445 0.9228 0.0000
vt 0.2581 0.0721 0.0000
vt 0.3198 0.8997 0.0000
vt 0.3379 0.9024 0.0000
vt 0.3227 0.8956 0.0000
vt 0.3405 0.8991 0.0000
vt 0.3032 0.8996 0.0000
vt 0.3014 0.9082 0.0000
vt 0.2858 0.9081 0.0000
vt 0.2880 0.8999 0.0000
vt 0.2995 0.9201 0.0000
vt 0.2834 0.9203 0.0000
vt 0.2672 0.9202 0.0000
vt 0.2697 0.9081 0.0000
vt 0.2563 0.1230 0.0000
vt 0.2723 0.1365 0.0000
vt 0.2571 0.1375 0.0000
vt 0.2727 0.1468 0.0000
vt 0.2574 0.1489 0.0000
vt 0.2884 0.1457 0.0000
vt 0.2886 0.1508 0.0000
vt 0.2728 0.1518 0.0000
vt 0.3043 0.1502 0.0000
vt 0.3045 0.1543 0.0000
vt 0.2888 0.1548 0.0000
vt 0.3197 0.1537 0.0000
vt 0.2889 0.1587 0.0000
vt 0.2732 0.1598 0.0000
vt 0.2729 0.1559 0.0000
vt 0.2577 0.1615 0.0000
vt 0.2576 0.1576 0.0000
vt 0.2576 0.1535 0.0000
vt 0.2451 0.9206 0.0000
vt 0.2464 0.9072 0.0000
vt 0.2510 0.9075 0.0000
vt 0.2495 0.9204 0.0000
vt 0.2568 0.9077 0.0000
vt 0.2546 0.9203 0.0000
vt 0.2515 0.8977 0.0000
vt 0.2584 0.8984 0.0000
vt 0.2715 0.8994 0.0000
vt 0.2592 0.8922 0.0000
vt 0.2727 0.8936 0.0000
vt 0.2597 0.8876 0.0000
vt 0.2735 0.8893 0.0000
vt 0.2602 0.8840 0.0000
vt 0.2740 0.8858 0.0000
vt 0.2615 0.8808 0.0000
vt 0.2751 0.8830 0.0000
vt 0.2622 0.8785 0.0000
vt 0.2758 0.8797 0.0000
vt 0.9739 0.1627 0.0000
vt 0.9713 0.1631 0.0000
vt 0.9720 0.1519 0.0000
vt 0.9746 0.1516 0.0000
vt 0.9688 0.1636 0.0000
vt 0.9693 0.1524 0.0000
vt 0.9659 0.1639 0.0000
vt 0.9662 0.1531 0.0000
vt 0.9627 0.1645 0.0000
vt 0.9629 0.1530 0.0000
vt 0.9640 0.1409 0.0000
vt 0.9592 0.1530 0.0000
vt 0.9602 0.1408 0.0000
vt 0.9617 0.1287 0.0000
vt 0.9657 0.1288 0.0000
vt 0.9633 0.1165 0.0000
vt 0.9673 0.1169 0.0000
vt 0.9652 0.1036 0.0000
vt 0.9693 0.1041 0.0000
vt 0.9734 0.1046 0.0000
vt 0.9717 0.0904 0.0000
vt 0.9766 0.1049 0.0000
vt 0.9674 0.0903 0.0000
vt 0.9697 0.0778 0.0000
vt 0.9743 0.0781 0.0000
vt 0.9717 0.0665 0.0000
vt 0.9763 0.0674 0.0000
vt 0.9732 0.0559 0.0000
vt 0.9776 0.0566 0.0000
vt 0.9816 0.0576 0.0000
vt 0.9781 0.0483 0.0000
vt 0.9817 0.0486 0.0000
vt 0.2321 0.0200 0.0000
vt 0.2392 0.0233 0.0000
vt 0.2412 0.0289 0.0000
vt 0.2357 0.0298 0.0000
vt 0.2407 0.0207 0.0000
vt 0.2434 0.0269 0.0000
vt 0.2451 0.0329 0.0000
vt 0.2392 0.0333 0.0000
vt 0.2497 0.0315 0.0000
vt 0.2525 0.0375 0.0000
vt 0.2479 0.0266 0.0000
vt 0.2467 0.0222 0.0000
vt 0.2455 0.0178 0.0000
vt 0.2454 0.0131 0.0000
vt 0.2456 0.0102 0.0000
vt 0.2209 0.3804 0.0000
vt 0.9743 0.0481 0.0000
vt 0.9791 0.0432 0.0000
vt 0.9823 0.0431 0.0000
vt 0.9689 0.0551 0.0000
vt 0.9697 0.0477 0.0000
vt 0.9647 0.0546 0.0000
vt 0.9655 0.0474 0.0000
vt 0.9604 0.0541 0.0000
vt 0.9615 0.0473 0.0000
vt 0.9555 0.0534 0.0000
vt 0.9572 0.0471 0.0000
vt 0.9495 0.0529 0.0000
vt 0.9515 0.0468 0.0000
vt 0.9378 0.0517 0.0000
vt 0.9391 0.0463 0.0000
vt 0.9401 0.0420 0.0000
vt 0.9212 0.0451 0.0000
vt 0.9219 0.0410 0.0000
vt 0.9226 0.0376 0.0000
vt 0.9410 0.0385 0.0000
vt 0.2124 0.4341 0.0000
vt 0.2063 0.4500 0.0000
vt 0.2029 0.4488 0.0000
vt 0.2090 0.4326 0.0000
vt 0.2136 0.4187 0.0000
vt 0.2146 0.4213 0.0000
vt 0.1995 0.4475 0.0000
vt 0.2063 0.4313 0.0000
vt 0.1962 0.4462 0.0000
vt 0.2024 0.4297 0.0000
vt 0.1929 0.4450 0.0000
vt 0.1991 0.4289 0.0000
vt 0.2049 0.4119 0.0000
vt 0.1959 0.4280 0.0000
vt 0.1896 0.4438 0.0000
vt 0.1863 0.4426 0.0000
vt 0.1925 0.4270 0.0000
vt 0.1830 0.4414 0.0000
vt 0.1891 0.4259 0.0000
vt 0.1792 0.4401 0.0000
vt 0.1852 0.4248 0.0000
vt 0.1733 0.4380 0.0000
vt 0.1794 0.4230 0.0000
vt 0.1665 0.4356 0.0000
vt 0.1723 0.4208 0.0000
vt 0.1582 0.4327 0.0000
vt 0.1637 0.4182 0.0000
vt 0.1457 0.4284 0.0000
vt 0.1510 0.4144 0.0000
vt 0.1307 0.4234 0.0000
vt 0.1359 0.4099 0.0000
vt 0.1158 0.4183 0.0000
vt 0.1207 0.4053 0.0000
vt 0.1009 0.4133 0.0000
vt 0.1054 0.4006 0.0000
vt 0.0863 0.4084 0.0000
vt 0.0906 0.3961 0.0000
vt 0.0729 0.4039 0.0000
vt 0.0767 0.3919 0.0000
vt 0.0629 0.4005 0.0000
vt 0.0665 0.3887 0.0000
vt 0.0561 0.3982 0.0000
vt 0.0594 0.3865 0.0000
vt 0.0511 0.3963 0.0000
vt 0.0544 0.3848 0.0000
vt 0.0481 0.3953 0.0000
vt 0.0513 0.3837 0.0000
vt 0.0452 0.3943 0.0000
vt 0.0482 0.3829 0.0000
vt 0.0426 0.3934 0.0000
vt 0.0455 0.3820 0.0000
vt 0.0405 0.3927 0.0000
vt 0.0432 0.3813 0.0000
vt 0.0458 0.3699 0.0000
vt 0.0406 0.3807 0.0000
vt 0.0432 0.3694 0.0000
vt 0.0452 0.3579 0.0000
vt 0.0405 0.3687 0.0000
vt 0.0424 0.3574 0.0000
vt 0.0443 0.3463 0.0000
vt 0.0394 0.3568 0.0000
vt 0.0411 0.3457 0.0000
vt 0.0425 0.3348 0.0000
vt 0.0374 0.3447 0.0000
vt 0.0386 0.3339 0.0000
vt 0.0396 0.3246 0.0000
vt 0.0348 0.3328 0.0000
vt 0.0357 0.3241 0.0000
vt 0.0365 0.3163 0.0000
vt 0.0323 0.3237 0.0000
vt 0.0330 0.3162 0.0000
vt 0.0340 0.3079 0.0000
vt 0.0302 0.3161 0.0000
vt 0.0312 0.3087 0.0000
vt 0.0321 0.2990 0.0000
vt 0.0290 0.3087 0.0000
vt 0.0294 0.2997 0.0000
vt 0.0306 0.2892 0.0000
vt 0.0269 0.3003 0.0000
vt 0.0282 0.2896 0.0000
vt 0.3515 0.4601 0.0000
vt 0.3664 0.4601 0.0000
vt 0.3517 0.4637 0.0000
vt 0.3521 0.4674 0.0000
vt 0.3519 0.4566 0.0000
vt 0.3666 0.4562 0.0000
vt 0.3810 0.4551 0.0000
vt 0.3811 0.4590 0.0000
vt 0.3943 0.4543 0.0000
vt 0.3943 0.4581 0.0000
vt 0.4069 0.4537 0.0000
vt 0.4069 0.4575 0.0000
vt 0.3944 0.4503 0.0000
vt 0.4070 0.4501 0.0000
vt 0.3943 0.4465 0.0000
vt 0.4071 0.4463 0.0000
vt 0.3944 0.4424 0.0000
vt 0.4072 0.4423 0.0000
vt 0.3944 0.4382 0.0000
vt 0.4073 0.4382 0.0000
vt 0.3943 0.4335 0.0000
vt 0.4073 0.4336 0.0000
vt 0.4204 0.4344 0.0000
vt 0.4074 0.4276 0.0000
vt 0.4207 0.4285 0.0000
vt 0.4340 0.4303 0.0000
vt 0.4210 0.4218 0.0000
vt 0.4346 0.4236 0.0000
vt 0.4213 0.4156 0.0000
vt 0.4076 0.4210 0.0000
vt 0.4077 0.4150 0.0000
vt 0.4079 0.4091 0.0000
vt 0.3943 0.4150 0.0000
vt 0.3943 0.4093 0.0000
vt 0.3943 0.4032 0.0000
vt 0.4080 0.4033 0.0000
vt 0.3943 0.3960 0.0000
vt 0.4082 0.3964 0.0000
vt 0.3942 0.3867 0.0000
vt 0.4084 0.3874 0.0000
vt 0.3940 0.3724 0.0000
vt 0.3803 0.3866 0.0000
vt 0.3797 0.3721 0.0000
vt 0.3789 0.3566 0.0000
vt 0.3936 0.3569 0.0000
vt 0.3779 0.3419 0.0000
vt 0.3931 0.3421 0.0000
vt 0.3772 0.3307 0.0000
vt 0.3628 0.3427 0.0000
vt 0.3616 0.3314 0.0000
vt 0.3610 0.3240 0.0000
vt 0.3462 0.3330 0.0000
vt 0.3454 0.3251 0.0000
vt 0.3451 0.3191 0.0000
vt 0.3302 0.3268 0.0000
vt 0.3298 0.3207 0.0000
vt 0.3296 0.3156 0.0000
vt 0.3450 0.3143 0.0000
vt 0.3296 0.3112 0.0000
vt 0.3448 0.3100 0.0000
vt 0.3295 0.3068 0.0000
vt 0.3448 0.3058 0.0000
vt 0.3295 0.3034 0.0000
vt 0.3447 0.3020 0.0000
vt 0.3294 0.2998 0.0000
vt 0.3445 0.2982 0.0000
vt 0.3291 0.2953 0.0000
vt 0.3443 0.2937 0.0000
vt 0.3289 0.2902 0.0000
vt 0.3441 0.2886 0.0000
vt 0.3285 0.2838 0.0000
vt 0.3439 0.2821 0.0000
vt 0.3281 0.2748 0.0000
vt 0.3436 0.2734 0.0000
vt 0.3593 0.2726 0.0000
vt 0.3433 0.2625 0.0000
vt 0.3590 0.2618 0.0000
vt 0.3750 0.2617 0.0000
vt 0.3587 0.2513 0.0000
vt 0.3748 0.2513 0.0000
vt 0.3910 0.2515 0.0000
vt 0.3745 0.2423 0.0000
vt 0.3908 0.2425 0.0000
vt 0.4070 0.2428 0.0000
vt 0.3906 0.2357 0.0000
vt 0.4068 0.2361 0.0000
vt 0.4228 0.2368 0.0000
vt 0.4230 0.2433 0.0000
vt 0.4389 0.2376 0.0000
vt 0.4228 0.2314 0.0000
vt 0.4389 0.2324 0.0000
vt 0.4229 0.2264 0.0000
vt 0.4067 0.2307 0.0000
vt 0.4066 0.2257 0.0000
vt 0.4066 0.2208 0.0000
vt 0.4230 0.2216 0.0000
vt 0.4067 0.2160 0.0000
vt 0.3901 0.2205 0.0000
vt 0.3899 0.2156 0.0000
vt 0.3897 0.2110 0.0000
vt 0.3732 0.2158 0.0000
vt 0.3727 0.2111 0.0000
vt 0.3722 0.2067 0.0000
vt 0.3568 0.2116 0.0000
vt 0.3564 0.2070 0.0000
vt 0.3561 0.2028 0.0000
vt 0.3717 0.2027 0.0000
vt 0.3556 0.1989 0.0000
vt 0.3405 0.2032 0.0000
vt 0.3403 0.1992 0.0000
vt 0.3403 0.1953 0.0000
vt 0.3552 0.1950 0.0000
vt 0.3399 0.1916 0.0000
vt 0.3548 0.1914 0.0000
vt 0.3237 0.1957 0.0000
vt 0.3239 0.1922 0.0000
vt 0.3237 0.1888 0.0000
vt 0.3086 0.1932 0.0000
vt 0.3084 0.1898 0.0000
vt 0.3080 0.1868 0.0000
vt 0.3235 0.1861 0.0000
vt 0.3078 0.1844 0.0000
vt 0.3231 0.1833 0.0000
vt 0.3070 0.1809 0.0000
vt 0.3223 0.1800 0.0000
vt 0.3384 0.1788 0.0000
vt 0.3218 0.1768 0.0000
vt 0.3380 0.1757 0.0000
vt 0.3214 0.1736 0.0000
vt 0.3377 0.1725 0.0000
vt 0.3210 0.1704 0.0000
vt 0.3375 0.1693 0.0000
vt 0.3206 0.1672 0.0000
vt 0.3372 0.1661 0.0000
vt 0.3057 0.1713 0.0000
vt 0.3053 0.1680 0.0000
vt 0.2899 0.1722 0.0000
vt 0.2895 0.1690 0.0000
vt 0.2893 0.1657 0.0000
vt 0.2738 0.1702 0.0000
vt 0.2735 0.1667 0.0000
vt 0.2734 0.1634 0.0000
vt 0.2890 0.1623 0.0000
vt 0.2583 0.1683 0.0000
vt 0.2578 0.1651 0.0000
vt 0.2442 0.1718 0.0000
vt 0.2437 0.1686 0.0000
vt 0.2382 0.9079 0.0000
vt 0.2420 0.9076 0.0000
vt 0.2408 0.9208 0.0000
vt 0.2369 0.9211 0.0000
vt 0.2384 0.8960 0.0000
vt 0.2423 0.8962 0.0000
vt 0.2467 0.8971 0.0000
vt 0.2513 0.8910 0.0000
vt 0.2507 0.8863 0.0000
vt 0.2505 0.8825 0.0000
vt 0.2518 0.8793 0.0000
vt 0.2447 0.8758 0.0000
vt 0.2522 0.8774 0.0000
vt 0.9727 0.1683 0.0000
vt 0.9748 0.1670 0.0000
vt 0.9765 0.1699 0.0000
vt 0.9695 0.1692 0.0000
vt 0.9670 0.1707 0.0000
vt 0.9637 0.1723 0.0000
vt 0.9589 0.1645 0.0000
vt 0.9548 0.1642 0.0000
vt 0.9552 0.1529 0.0000
vt 0.9504 0.1642 0.0000
vt 0.9509 0.1529 0.0000
vt 0.9521 0.1406 0.0000
vt 0.9562 0.1407 0.0000
vt 0.9531 0.1281 0.0000
vt 0.9576 0.1283 0.0000
vt 0.9551 0.1156 0.0000
vt 0.9593 0.1160 0.0000
vt 0.9568 0.1028 0.0000
vt 0.9610 0.1032 0.0000
vt 0.9588 0.0896 0.0000
vt 0.9631 0.0899 0.0000
vt 0.9607 0.0768 0.0000
vt 0.9651 0.0773 0.0000
vt 0.9629 0.0649 0.0000
vt 0.9672 0.0657 0.0000
vt 0.9562 0.0763 0.0000
vt 0.9582 0.0641 0.0000
vt 0.9509 0.0756 0.0000
vt 0.9532 0.0632 0.0000
vt 0.9442 0.0746 0.0000
vt 0.9469 0.0622 0.0000
vt 0.9334 0.0733 0.0000
vt 0.9359 0.0606 0.0000
vt 0.9166 0.0714 0.0000
vt 0.9187 0.0588 0.0000
vt 0.9203 0.0500 0.0000
vt 0.9009 0.0568 0.0000
vt 0.9022 0.0481 0.0000
vt 0.9031 0.0433 0.0000
vt 0.8843 0.0461 0.0000
vt 0.8850 0.0414 0.0000
vt 0.8857 0.0375 0.0000
vt 0.9038 0.0393 0.0000
vt 0.8863 0.0340 0.0000
vt 0.9043 0.0361 0.0000
vt 0.1996 0.4653 0.0000
vt 0.1923 0.4802 0.0000
vt 0.1889 0.4789 0.0000
vt 0.1961 0.4641 0.0000
vt 0.1855 0.4775 0.0000
vt 0.1927 0.4627 0.0000
vt 0.1822 0.4762 0.0000
vt 0.1894 0.4614 0.0000
vt 0.1792 0.4748 0.0000
vt 0.1863 0.4602 0.0000
vt 0.1759 0.4734 0.0000
vt 0.1830 0.4588 0.0000
vt 0.1726 0.4720 0.0000
vt 0.1796 0.4575 0.0000
vt 0.1692 0.4706 0.0000
vt 0.1764 0.4562 0.0000
vt 0.1653 0.4690 0.0000
vt 0.1724 0.4547 0.0000
vt 0.1599 0.4667 0.0000
vt 0.1669 0.4525 0.0000
vt 0.1537 0.4641 0.0000
vt 0.1604 0.4500 0.0000
vt 0.1455 0.4606 0.0000
vt 0.1521 0.4468 0.0000
vt 0.1336 0.4555 0.0000
vt 0.1399 0.4421 0.0000
vt 0.1192 0.4496 0.0000
vt 0.1252 0.4366 0.0000
vt 0.1049 0.4437 0.0000
vt 0.1105 0.4311 0.0000
vt 0.0907 0.4379 0.0000
vt 0.0960 0.4257 0.0000
vt 0.0771 0.4322 0.0000
vt 0.0820 0.4203 0.0000
vt 0.0646 0.4274 0.0000
vt 0.0690 0.4157 0.0000
vt 0.0551 0.4237 0.0000
vt 0.0590 0.4121 0.0000
vt 0.0486 0.4213 0.0000
vt 0.0525 0.4098 0.0000
vt 0.0441 0.4195 0.0000
vt 0.0478 0.4080 0.0000
vt 0.0413 0.4183 0.0000
vt 0.0445 0.4069 0.0000
vt 0.0384 0.4175 0.0000
vt 0.0417 0.4059 0.0000
vt 0.0360 0.4166 0.0000
vt 0.0393 0.4051 0.0000
vt 0.0341 0.4160 0.0000
vt 0.0373 0.4045 0.0000
vt 0.0319 0.4153 0.0000
vt 0.0351 0.4039 0.0000
vt 0.0380 0.3921 0.0000
vt 0.0327 0.4033 0.0000
vt 0.0356 0.3916 0.0000
vt 0.0381 0.3801 0.0000
vt 0.0329 0.3911 0.0000
vt 0.0351 0.3797 0.0000
vt 0.0373 0.3682 0.0000
vt 0.0315 0.3791 0.0000
vt 0.0338 0.3676 0.0000
vt 0.0357 0.3561 0.0000
vt 0.0298 0.3669 0.0000
vt 0.0317 0.3555 0.0000
vt 0.0334 0.3439 0.0000
vt 0.0282 0.3549 0.0000
vt 0.0300 0.3433 0.0000
vt 0.0314 0.3322 0.0000
vt 0.0272 0.3426 0.0000
vt 0.0286 0.3317 0.0000
vt 0.0295 0.3233 0.0000
vt 0.0262 0.3311 0.0000
vt 0.0271 0.3230 0.0000
vt 0.0277 0.3163 0.0000
vt 0.0249 0.3228 0.0000
vt 0.0239 0.3307 0.0000
vt 0.0218 0.3303 0.0000
vt 0.0230 0.3232 0.0000
vt 0.3869 0.9156 0.0000
vt 0.3900 0.9171 0.0000
vt 0.3871 0.9254 0.0000
vt 0.3842 0.9242 0.0000
vt 0.3823 0.9310 0.0000
vt 0.3935 0.9186 0.0000
vt 0.3901 0.9263 0.0000
vt 0.3970 0.9202 0.0000
vt 0.3933 0.9277 0.0000
vt 0.3913 0.9331 0.0000
vt 0.3967 0.9297 0.0000
vt 0.3951 0.9351 0.0000
vt 0.3940 0.9398 0.0000
vt 0.3903 0.9384 0.0000
vt 0.3936 0.9446 0.0000
vt 0.3900 0.9436 0.0000
vt 0.3935 0.9475 0.0000
vt 0.3903 0.9464 0.0000
vt 0.3870 0.9471 0.0000
vt 0.3290 0.4417 0.0000
vt 0.3293 0.4456 0.0000
vt 0.3255 0.4445 0.0000
vt 0.3259 0.4413 0.0000
vt 0.3327 0.4420 0.0000
vt 0.3326 0.4462 0.0000
vt 0.3387 0.4421 0.0000
vt 0.3386 0.4461 0.0000
vt 0.3384 0.4497 0.0000
vt 0.3518 0.4461 0.0000
vt 0.3521 0.4498 0.0000
vt 0.3520 0.4533 0.0000
vt 0.3670 0.4486 0.0000
vt 0.3670 0.4525 0.0000
vt 0.3812 0.4475 0.0000
vt 0.3813 0.4513 0.0000
vt 0.3672 0.4447 0.0000
vt 0.3811 0.4433 0.0000
vt 0.3671 0.4404 0.0000
vt 0.3811 0.4390 0.0000
vt 0.3670 0.4358 0.0000
vt 0.3810 0.4343 0.0000
vt 0.3668 0.4296 0.0000
vt 0.3808 0.4283 0.0000
vt 0.3943 0.4274 0.0000
vt 0.3807 0.4216 0.0000
vt 0.3943 0.4210 0.0000
vt 0.3806 0.4153 0.0000
vt 0.3668 0.4225 0.0000
vt 0.3667 0.4161 0.0000
vt 0.3668 0.4100 0.0000
vt 0.3806 0.4094 0.0000
vt 0.3668 0.4038 0.0000
vt 0.3806 0.4033 0.0000
vt 0.3667 0.3967 0.0000
vt 0.3805 0.3961 0.0000
vt 0.3664 0.3871 0.0000
vt 0.3531 0.3977 0.0000
vt 0.3529 0.3880 0.0000
vt 0.3515 0.3737 0.0000
vt 0.3656 0.3725 0.0000
vt 0.3495 0.3587 0.0000
vt 0.3642 0.3572 0.0000
vt 0.3476 0.3444 0.0000
vt 0.3353 0.3612 0.0000
vt 0.3327 0.3469 0.0000
vt 0.3310 0.3351 0.0000
vt 0.3187 0.3504 0.0000
vt 0.3162 0.3377 0.0000
vt 0.3151 0.3292 0.0000
vt 0.3026 0.3413 0.0000
vt 0.3005 0.3318 0.0000
vt 0.2997 0.3255 0.0000
vt 0.3147 0.3231 0.0000
vt 0.2994 0.3203 0.0000
vt 0.3143 0.3177 0.0000
vt 0.2991 0.3157 0.0000
vt 0.3142 0.3132 0.0000
vt 0.2990 0.3113 0.0000
vt 0.3141 0.3088 0.0000
vt 0.2990 0.3078 0.0000
vt 0.3140 0.3053 0.0000
vt 0.2989 0.3039 0.0000
vt 0.3139 0.3017 0.0000
vt 0.2988 0.2996 0.0000
vt 0.3138 0.2973 0.0000
vt 0.2986 0.2951 0.0000
vt 0.3136 0.2923 0.0000
vt 0.2983 0.2889 0.0000
vt 0.3133 0.2862 0.0000
vt 0.2977 0.2787 0.0000
vt 0.3129 0.2764 0.0000
vt 0.2973 0.2665 0.0000
vt 0.3124 0.2647 0.0000
vt 0.3277 0.2633 0.0000
vt 0.3120 0.2536 0.0000
vt 0.3273 0.2525 0.0000
vt 0.3429 0.2517 0.0000
vt 0.3270 0.2438 0.0000
vt 0.3427 0.2430 0.0000
vt 0.3585 0.2424 0.0000
vt 0.3424 0.2364 0.0000
vt 0.3583 0.2355 0.0000
vt 0.3743 0.2354 0.0000
vt 0.3581 0.2307 0.0000
vt 0.3741 0.2302 0.0000
vt 0.3905 0.2304 0.0000
vt 0.3739 0.2253 0.0000
vt 0.3903 0.2254 0.0000
vt 0.3736 0.2206 0.0000
vt 0.3578 0.2259 0.0000
vt 0.3575 0.2212 0.0000
vt 0.3572 0.2164 0.0000
vt 0.3417 0.2220 0.0000
vt 0.3413 0.2172 0.0000
vt 0.3410 0.2122 0.0000
vt 0.3256 0.2176 0.0000
vt 0.3251 0.2126 0.0000
vt 0.3247 0.2080 0.0000
vt 0.3407 0.2076 0.0000
vt 0.3243 0.2037 0.0000
vt 0.3093 0.2085 0.0000
vt 0.3090 0.2044 0.0000
vt 0.3086 0.2006 0.0000
vt 0.3239 0.1996 0.0000
vt 0.3084 0.1968 0.0000
vt 0.2930 0.2016 0.0000
vt 0.2927 0.1979 0.0000
vt 0.2926 0.1944 0.0000
vt 0.2772 0.1991 0.0000
vt 0.2768 0.1957 0.0000
vt 0.2764 0.1922 0.0000
vt 0.2924 0.1910 0.0000
vt 0.2762 0.1894 0.0000
vt 0.2921 0.1881 0.0000
vt 0.2759 0.1867 0.0000
vt 0.2918 0.1853 0.0000
vt 0.2756 0.1833 0.0000
vt 0.2912 0.1819 0.0000
vt 0.2751 0.1800 0.0000
vt 0.2907 0.1787 0.0000
vt 0.3065 0.1777 0.0000
vt 0.2903 0.1755 0.0000
vt 0.3061 0.1746 0.0000
vt 0.2746 0.1767 0.0000
vt 0.2742 0.1735 0.0000
vt 0.2597 0.1783 0.0000
vt 0.2592 0.1750 0.0000
vt 0.2588 0.1717 0.0000
vt 0.2450 0.1776 0.0000
vt 0.2445 0.1747 0.0000
vt 0.2321 0.1813 0.0000
vt 0.2316 0.1786 0.0000
vt 0.2313 0.1760 0.0000
vt 0.2310 0.1734 0.0000
vt 0.2213 0.1856 0.0000
vt 0.2215 0.1883 0.0000
vt 0.2125 0.1913 0.0000
vt 0.2125 0.1887 0.0000
vt 0.2326 0.1841 0.0000
vt 0.2329 0.1869 0.0000
vt 0.2216 0.1912 0.0000
vt 0.2456 0.1805 0.0000
vt 0.2459 0.1834 0.0000
vt 0.2463 0.1866 0.0000
vt 0.2332 0.1896 0.0000
vt 0.2603 0.1814 0.0000
vt 0.2608 0.1846 0.0000
vt 0.2611 0.1881 0.0000
vt 0.2467 0.1898 0.0000
vt 0.2470 0.1927 0.0000
vt 0.2331 0.1955 0.0000
vt 0.2331 0.1926 0.0000
vt 0.2614 0.1909 0.0000
vt 0.2618 0.1938 0.0000
vt 0.2473 0.1955 0.0000
vt 0.2477 0.1990 0.0000
vt 0.2343 0.2015 0.0000
vt 0.2336 0.1984 0.0000
vt 0.2622 0.1972 0.0000
vt 0.2626 0.2007 0.0000
vt 0.2482 0.2026 0.0000
vt 0.2487 0.2062 0.0000
vt 0.2358 0.2087 0.0000
vt 0.2350 0.2051 0.0000
vt 0.2630 0.2042 0.0000
vt 0.2634 0.2080 0.0000
vt 0.2493 0.2100 0.0000
vt 0.2776 0.2027 0.0000
vt 0.2780 0.2065 0.0000
vt 0.2786 0.2107 0.0000
vt 0.2640 0.2123 0.0000
vt 0.2934 0.2053 0.0000
vt 0.2938 0.2094 0.0000
vt 0.2942 0.2138 0.0000
vt 0.2791 0.2152 0.0000
vt 0.3096 0.2130 0.0000
vt 0.3101 0.2178 0.0000
vt 0.2947 0.2186 0.0000
vt 0.2952 0.2236 0.0000
vt 0.2800 0.2248 0.0000
vt 0.2796 0.2199 0.0000
vt 0.3105 0.2229 0.0000
vt 0.3109 0.2278 0.0000
vt 0.2956 0.2287 0.0000
vt 0.3260 0.2225 0.0000
vt 0.3264 0.2274 0.0000
vt 0.3266 0.2321 0.0000
vt 0.3112 0.2328 0.0000
vt 0.3420 0.2266 0.0000
vt 0.3422 0.2314 0.0000
vt 0.3268 0.2372 0.0000
vt 0.3116 0.2445 0.0000
vt 0.3114 0.2378 0.0000
vt 0.2964 0.2457 0.0000
vt 0.2961 0.2389 0.0000
vt 0.2959 0.2337 0.0000
vt 0.2810 0.2403 0.0000
vt 0.2807 0.2349 0.0000
vt 0.2804 0.2297 0.0000
vt 0.2660 0.2361 0.0000
vt 0.2658 0.2310 0.0000
vt 0.2654 0.2262 0.0000
vt 0.2520 0.2323 0.0000
vt 0.2518 0.2276 0.0000
vt 0.2514 0.2229 0.0000
vt 0.2650 0.2215 0.0000
vt 0.2507 0.2184 0.0000
vt 0.2645 0.2168 0.0000
vt 0.2500 0.2141 0.0000
vt 0.2386 0.2203 0.0000
vt 0.2376 0.2164 0.0000
vt 0.2368 0.2125 0.0000
vt 0.2287 0.2200 0.0000
vt 0.2276 0.2165 0.0000
vt 0.2266 0.2127 0.0000
vt 0.2214 0.2168 0.0000
vt 0.2226 0.2200 0.0000
vt 0.2203 0.2133 0.0000
vt 0.2255 0.2094 0.0000
vt 0.2192 0.2101 0.0000
vt 0.2245 0.2063 0.0000
vt 0.9567 0.2178 0.0000
vt 0.9568 0.2143 0.0000
vt 0.9599 0.2155 0.0000
vt 0.9594 0.2188 0.0000
vt 0.9522 0.2167 0.0000
vt 0.9521 0.2131 0.0000
vt 0.9451 0.2154 0.0000
vt 0.9452 0.2119 0.0000
vt 0.9453 0.2086 0.0000
vt 0.9346 0.2104 0.0000
vt 0.9349 0.2070 0.0000
vt 0.9351 0.2037 0.0000
vt 0.9455 0.2053 0.0000
vt 0.9350 0.2019 0.0000
vt 0.9454 0.2033 0.0000
vt 0.9354 0.1986 0.0000
vt 0.9457 0.2001 0.0000
vt 0.9359 0.1955 0.0000
vt 0.9459 0.1970 0.0000
vt 0.9530 0.1981 0.0000
vt 0.9466 0.1939 0.0000
vt 0.9535 0.1953 0.0000
vt 0.9591 0.1972 0.0000
vt 0.9587 0.1995 0.0000
vt 0.2137 0.1951 0.0000
vt 0.2091 0.1962 0.0000
vt 0.2087 0.1947 0.0000
vt 0.2133 0.1936 0.0000
vt 0.2219 0.1936 0.0000
vt 0.9541 0.1926 0.0000
vt 0.9605 0.1958 0.0000
vt 0.9469 0.1909 0.0000
vt 0.9472 0.1874 0.0000
vt 0.9542 0.1891 0.0000
vt 0.2074 0.1905 0.0000
vt 0.2071 0.1886 0.0000
vt 0.9466 0.1836 0.0000
vt 0.9537 0.1857 0.0000
vt 0.9375 0.1893 0.0000
vt 0.9382 0.1863 0.0000
vt 0.9245 0.1874 0.0000
vt 0.9251 0.1843 0.0000
vt 0.9105 0.1856 0.0000
vt 0.9110 0.1824 0.0000
vt 0.9116 0.1791 0.0000
vt 0.8963 0.1808 0.0000
vt 0.8968 0.1776 0.0000
vt 0.8973 0.1744 0.0000
vt 0.9122 0.1761 0.0000
vt 0.8978 0.1711 0.0000
vt 0.9128 0.1726 0.0000
vt 0.8984 0.1675 0.0000
vt 0.9136 0.1691 0.0000
vt 0.9279 0.1715 0.0000
vt 0.9147 0.1650 0.0000
vt 0.9288 0.1674 0.0000
vt 0.9389 0.1695 0.0000
vt 0.9381 0.1742 0.0000
vt 0.9298 0.1620 0.0000
vt 0.9391 0.1632 0.0000
vt 0.9454 0.1638 0.0000
vt 0.9448 0.1708 0.0000
vt 0.9443 0.1772 0.0000
vt 0.9511 0.1723 0.0000
vt 0.9524 0.1802 0.0000
vt 0.9400 0.1528 0.0000
vt 0.9460 0.1528 0.0000
vt 0.9413 0.1401 0.0000
vt 0.9471 0.1404 0.0000
vt 0.9426 0.1273 0.0000
vt 0.9484 0.1276 0.0000
vt 0.9445 0.1146 0.0000
vt 0.9501 0.1152 0.0000
vt 0.9467 0.1017 0.0000
vt 0.9523 0.1023 0.0000
vt 0.9487 0.0885 0.0000
vt 0.9543 0.0891 0.0000
vt 0.9394 0.1009 0.0000
vt 0.9418 0.0877 0.0000
vt 0.9276 0.0995 0.0000
vt 0.9306 0.0864 0.0000
vt 0.9119 0.0978 0.0000
vt 0.9142 0.0847 0.0000
vt 0.8949 0.0963 0.0000
vt 0.8968 0.0830 0.0000
vt 0.8988 0.0696 0.0000
vt 0.8791 0.0813 0.0000
vt 0.8812 0.0677 0.0000
vt 0.8830 0.0548 0.0000
vt 0.8638 0.0658 0.0000
vt 0.8655 0.0527 0.0000
vt 0.8668 0.0440 0.0000
vt 0.8487 0.0504 0.0000
vt 0.8497 0.0415 0.0000
vt 0.8503 0.0371 0.0000
vt 0.8675 0.0394 0.0000
vt 0.8509 0.0332 0.0000
vt 0.8681 0.0354 0.0000
vt 0.8514 0.0300 0.0000
vt 0.8686 0.0322 0.0000
vt 0.1845 0.4948 0.0000
vt 0.1761 0.5090 0.0000
vt 0.1732 0.5077 0.0000
vt 0.1813 0.4934 0.0000
vt 0.1700 0.5062 0.0000
vt 0.1780 0.4920 0.0000
vt 0.1668 0.5048 0.0000
vt 0.1747 0.4906 0.0000
vt 0.1638 0.5033 0.0000
vt 0.1716 0.4892 0.0000
vt 0.1607 0.5018 0.0000
vt 0.1685 0.4878 0.0000
vt 0.1576 0.5003 0.0000
vt 0.1652 0.4863 0.0000
vt 0.1545 0.4988 0.0000
vt 0.1619 0.4848 0.0000
vt 0.1511 0.4972 0.0000
vt 0.1582 0.4832 0.0000
vt 0.1459 0.4946 0.0000
vt 0.1528 0.4807 0.0000
vt 0.1396 0.4915 0.0000
vt 0.1466 0.4779 0.0000
vt 0.1311 0.4871 0.0000
vt 0.1384 0.4741 0.0000
vt 0.1193 0.4811 0.0000
vt 0.1267 0.4685 0.0000
vt 0.1062 0.4743 0.0000
vt 0.1128 0.4620 0.0000
vt 0.0929 0.4678 0.0000
vt 0.0991 0.4558 0.0000
vt 0.0795 0.4613 0.0000
vt 0.0854 0.4497 0.0000
vt 0.0670 0.4549 0.0000
vt 0.0723 0.4437 0.0000
vt 0.0555 0.4493 0.0000
vt 0.0600 0.4388 0.0000
vt 0.0468 0.4450 0.0000
vt 0.0511 0.4347 0.0000
vt 0.0410 0.4421 0.0000
vt 0.0446 0.4319 0.0000
vt 0.0368 0.4401 0.0000
vt 0.0400 0.4303 0.0000
vt 0.0341 0.4386 0.0000
vt 0.0373 0.4290 0.0000
vt 0.0314 0.4376 0.0000
vt 0.0346 0.4280 0.0000
vt 0.0292 0.4367 0.0000
vt 0.0323 0.4272 0.0000
vt 0.4819 0.5856 0.0000
vt 0.4841 0.5857 0.0000
vt 0.4707 0.5992 0.0000
vt 0.4674 0.5983 0.0000
vt 0.0304 0.4260 0.0000
vt 0.0290 0.4316 0.0000
vt 0.0263 0.4316 0.0000
vt 0.0286 0.4250 0.0000
vt 0.0247 0.4312 0.0000
vt 0.0267 0.4246 0.0000
vt 0.0297 0.4147 0.0000
vt 0.0245 0.4245 0.0000
vt 0.0270 0.4146 0.0000
vt 0.0301 0.4029 0.0000
vt 0.0239 0.4131 0.0000
vt 0.0266 0.4022 0.0000
vt 0.0294 0.3906 0.0000
vt 0.0229 0.4018 0.0000
vt 0.0256 0.3901 0.0000
vt 0.0277 0.3785 0.0000
vt 0.0221 0.3895 0.0000
vt 0.0242 0.3781 0.0000
vt 0.0262 0.3665 0.0000
vt 0.0212 0.3777 0.0000
vt 0.0231 0.3661 0.0000
vt 0.0251 0.3544 0.0000
vt 0.0205 0.3657 0.0000
vt 0.0224 0.3540 0.0000
vt 0.0246 0.3422 0.0000
vt 0.0199 0.3535 0.0000
vt 0.0221 0.3417 0.0000
vt 0.0176 0.3530 0.0000
vt 0.0199 0.3414 0.0000
vt 0.3989 0.8939 0.0000
vt 0.4020 0.8953 0.0000
vt 0.3960 0.9064 0.0000
vt 0.3925 0.9048 0.0000
vt 0.4057 0.8969 0.0000
vt 0.3996 0.9080 0.0000
vt 0.4094 0.8987 0.0000
vt 0.4033 0.9099 0.0000
vt 0.4132 0.9006 0.0000
vt 0.4071 0.9119 0.0000
vt 0.4007 0.9220 0.0000
vt 0.4112 0.9139 0.0000
vt 0.4048 0.9239 0.0000
vt 0.4009 0.9317 0.0000
vt 0.4104 0.9269 0.0000
vt 0.4069 0.9349 0.0000
vt 0.4052 0.9408 0.0000
vt 0.3993 0.9377 0.0000
vt 0.4043 0.9452 0.0000
vt 0.3984 0.9421 0.0000
vt 0.4034 0.9490 0.0000
vt 0.3978 0.9462 0.0000
vt 0.4027 0.9515 0.0000
vt 0.3974 0.9492 0.0000
vt 0.3254 0.4319 0.0000
vt 0.3288 0.4319 0.0000
vt 0.3290 0.4374 0.0000
vt 0.3258 0.4374 0.0000
vt 0.3327 0.4320 0.0000
vt 0.3328 0.4375 0.0000
vt 0.3397 0.4319 0.0000
vt 0.3393 0.4376 0.0000
vt 0.3523 0.4313 0.0000
vt 0.3520 0.4373 0.0000
vt 0.3520 0.4420 0.0000
vt 0.3403 0.4252 0.0000
vt 0.3529 0.4239 0.0000
vt 0.3408 0.4182 0.0000
vt 0.3531 0.4170 0.0000
vt 0.3406 0.4119 0.0000
vt 0.3530 0.4109 0.0000
vt 0.3403 0.4054 0.0000
vt 0.3531 0.4046 0.0000
vt 0.3402 0.3983 0.0000
vt 0.3307 0.4062 0.0000
vt 0.3301 0.3993 0.0000
vt 0.3288 0.3909 0.0000
vt 0.3398 0.3892 0.0000
vt 0.3260 0.3789 0.0000
vt 0.3377 0.3759 0.0000
vt 0.3223 0.3649 0.0000
vt 0.3178 0.3818 0.0000
vt 0.3120 0.3690 0.0000
vt 0.3066 0.3550 0.0000
vt 0.3062 0.3720 0.0000
vt 0.2984 0.3593 0.0000
vt 0.2916 0.3461 0.0000
vt 0.2939 0.3621 0.0000
vt 0.2859 0.3498 0.0000
vt 0.2794 0.3385 0.0000
vt 0.2876 0.3350 0.0000
vt 0.2864 0.3279 0.0000
vt 0.2858 0.3224 0.0000
vt 0.2856 0.3177 0.0000
vt 0.2746 0.3145 0.0000
vt 0.2854 0.3130 0.0000
vt 0.2742 0.3112 0.0000
vt 0.2854 0.3095 0.0000
vt 0.2736 0.3077 0.0000
vt 0.2851 0.3060 0.0000
vt 0.2726 0.3039 0.0000
vt 0.2846 0.3020 0.0000
vt 0.2715 0.2997 0.0000
vt 0.2842 0.2974 0.0000
vt 0.2700 0.2935 0.0000
vt 0.2837 0.2915 0.0000
vt 0.2683 0.2832 0.0000
vt 0.2828 0.2810 0.0000
vt 0.2670 0.2702 0.0000
vt 0.2821 0.2683 0.0000
vt 0.2664 0.2576 0.0000
vt 0.2816 0.2564 0.0000
vt 0.2968 0.2549 0.0000
vt 0.2813 0.2471 0.0000
vt 0.2661 0.2481 0.0000
vt 0.2661 0.2413 0.0000
vt 0.2520 0.2487 0.0000
vt 0.2518 0.2417 0.0000
vt 0.2520 0.2367 0.0000
vt 0.2429 0.2419 0.0000
vt 0.2419 0.2372 0.0000
vt 0.2411 0.2329 0.0000
vt 0.2364 0.2379 0.0000
vt 0.2349 0.2343 0.0000
vt 0.2333 0.2309 0.0000
vt 0.2404 0.2288 0.0000
vt 0.2315 0.2272 0.0000
vt 0.2394 0.2245 0.0000
vt 0.2298 0.2235 0.0000
vt 0.2281 0.2291 0.0000
vt 0.2259 0.2258 0.0000
vt 0.2242 0.2229 0.0000
vt 0.9565 0.2317 0.0000
vt 0.9565 0.2283 0.0000
vt 0.9583 0.2287 0.0000
vt 0.9581 0.2320 0.0000
vt 0.9567 0.2250 0.0000
vt 0.9585 0.2255 0.0000
vt 0.9521 0.2279 0.0000
vt 0.9519 0.2242 0.0000
vt 0.9523 0.2202 0.0000
vt 0.9567 0.2213 0.0000
vt 0.9589 0.2223 0.0000
vt 0.9446 0.2228 0.0000
vt 0.9449 0.2190 0.0000
vt 0.9332 0.2213 0.0000
vt 0.9337 0.2176 0.0000
vt 0.9343 0.2139 0.0000
vt 0.9202 0.2161 0.0000
vt 0.9206 0.2124 0.0000
vt 0.9210 0.2089 0.0000
vt 0.9064 0.2106 0.0000
vt 0.9068 0.2072 0.0000
vt 0.9072 0.2038 0.0000
vt 0.9215 0.2055 0.0000
vt 0.9077 0.2006 0.0000
vt 0.9220 0.2022 0.0000
vt 0.9080 0.1987 0.0000
vt 0.9223 0.2004 0.0000
vt 0.9087 0.1954 0.0000
vt 0.9227 0.1970 0.0000
vt 0.9093 0.1921 0.0000
vt 0.9232 0.1938 0.0000
vt 0.9099 0.1889 0.0000
vt 0.9238 0.1905 0.0000
vt 0.9366 0.1924 0.0000
vt 0.8947 0.1905 0.0000
vt 0.8953 0.1873 0.0000
vt 0.8958 0.1840 0.0000
vt 0.8799 0.1856 0.0000
vt 0.8803 0.1825 0.0000
vt 0.8808 0.1793 0.0000
vt 0.8644 0.1811 0.0000
vt 0.8647 0.1779 0.0000
vt 0.8651 0.1749 0.0000
vt 0.8813 0.1761 0.0000
vt 0.8655 0.1717 0.0000
vt 0.8817 0.1729 0.0000
vt 0.8658 0.1689 0.0000
vt 0.8821 0.1699 0.0000
vt 0.8663 0.1654 0.0000
vt 0.8826 0.1664 0.0000
vt 0.8668 0.1615 0.0000
vt 0.8832 0.1623 0.0000
vt 0.8990 0.1635 0.0000
vt 0.8840 0.1573 0.0000
vt 0.9000 0.1585 0.0000
vt 0.9158 0.1601 0.0000
vt 0.9015 0.1499 0.0000
vt 0.9176 0.1513 0.0000
vt 0.9314 0.1523 0.0000
vt 0.9199 0.1385 0.0000
vt 0.9331 0.1395 0.0000
vt 0.9221 0.1254 0.0000
vt 0.9347 0.1266 0.0000
vt 0.9244 0.1124 0.0000
vt 0.9368 0.1138 0.0000
vt 0.9063 0.1239 0.0000
vt 0.9091 0.1108 0.0000
vt 0.8903 0.1226 0.0000
vt 0.8929 0.1094 0.0000
vt 0.8729 0.1217 0.0000
vt 0.8748 0.1083 0.0000
vt 0.8769 0.0947 0.0000
vt 0.8579 0.1072 0.0000
vt 0.8597 0.0934 0.0000
vt 0.8616 0.0795 0.0000
vt 0.8434 0.0918 0.0000
vt 0.8448 0.0779 0.0000
vt 0.8467 0.0637 0.0000
vt 0.8291 0.0758 0.0000
vt 0.8305 0.0616 0.0000
vt 0.8321 0.0480 0.0000
vt 0.8331 0.0387 0.0000
vt 0.8333 0.0345 0.0000
vt 0.1649 0.5218 0.0000
vt 0.1678 0.5232 0.0000
vt 0.8343 0.0277 0.0000
vt 0.8339 0.0307 0.0000
vt 0.1615 0.5202 0.0000
vt 0.1584 0.5186 0.0000
vt 0.1554 0.5171 0.0000
vt 0.1523 0.5155 0.0000
vt 0.1435 0.5107 0.0000
vt 0.1464 0.5122 0.0000
vt 0.1494 0.5139 0.0000
vt 0.1383 0.5079 0.0000
vt 0.1320 0.5044 0.0000
vt 0.1234 0.4997 0.0000
vt 0.1118 0.4933 0.0000
vt 0.0863 0.4794 0.0000
vt 0.0735 0.4726 0.0000
vt 0.0992 0.4864 0.0000
vt 0.0616 0.4657 0.0000
vt 0.0505 0.4596 0.0000
vt 0.0423 0.4549 0.0000
vt 0.0368 0.4520 0.0000
vt 0.0307 0.4470 0.0000
vt 0.0283 0.4460 0.0000
vt 0.0331 0.4490 0.0000
vt 0.0264 0.4451 0.0000
vt 0.4956 0.5719 0.0000
vt 0.4979 0.5737 0.0000
vt 0.5000 0.5758 0.0000
vt 0.4865 0.5860 0.0000
vt 0.5010 0.5790 0.0000
vt 0.4870 0.5881 0.0000
vt 0.5026 0.5873 0.0000
vt 0.5039 0.5933 0.0000
vt 0.4919 0.5999 0.0000
vt 0.4904 0.5947 0.0000
vt 0.4891 0.5899 0.0000
vt 0.5029 0.5809 0.0000
vt 0.4760 0.6046 0.0000
vt 0.4737 0.6012 0.0000
vt 0.0229 0.4305 0.0000
vt 0.4782 0.6087 0.0000
vt 0.0220 0.4227 0.0000
vt 0.0186 0.4220 0.0000
vt 0.0205 0.4126 0.0000
vt 0.0155 0.4212 0.0000
vt 0.0172 0.4124 0.0000
vt 0.0194 0.4014 0.0000
vt 0.0145 0.4118 0.0000
vt 0.0165 0.4014 0.0000
vt 0.0191 0.3894 0.0000
vt 0.0145 0.4004 0.0000
vt 0.0165 0.3892 0.0000
vt 0.0185 0.3775 0.0000
vt 0.0139 0.3889 0.0000
vt 0.0159 0.3773 0.0000
vt 0.0179 0.3654 0.0000
vt 0.0137 0.3770 0.0000
vt 0.0157 0.3652 0.0000
vt 0.4104 0.8717 0.0000
vt 0.4135 0.8731 0.0000
vt 0.4079 0.8842 0.0000
vt 0.4047 0.8827 0.0000
vt 0.4170 0.8746 0.0000
vt 0.4114 0.8858 0.0000
vt 0.4206 0.8763 0.0000
vt 0.4152 0.8876 0.0000
vt 0.4245 0.8780 0.0000
vt 0.4191 0.8894 0.0000
vt 0.4284 0.8797 0.0000
vt 0.4230 0.8912 0.0000
vt 0.4172 0.9026 0.0000
vt 0.4278 0.8934 0.0000
vt 0.4222 0.9050 0.0000
vt 0.4163 0.9165 0.0000
vt 0.4286 0.9081 0.0000
vt 0.4229 0.9199 0.0000
vt 0.4177 0.9303 0.0000
vt 0.4296 0.9231 0.0000
vt 0.4246 0.9335 0.0000
vt 0.4202 0.9413 0.0000
vt 0.4138 0.9383 0.0000
vt 0.4183 0.9475 0.0000
vt 0.4121 0.9446 0.0000
vt 0.4174 0.9520 0.0000
vt 0.4111 0.9489 0.0000
vt 0.4167 0.9555 0.0000
vt 0.4101 0.9525 0.0000
vt 0.4161 0.9575 0.0000
vt 0.4093 0.9545 0.0000
vt 0.3248 0.4252 0.0000
vt 0.3240 0.4184 0.0000
vt 0.3275 0.4186 0.0000
vt 0.3284 0.4254 0.0000
vt 0.3320 0.4187 0.0000
vt 0.3326 0.4255 0.0000
vt 0.3268 0.4127 0.0000
vt 0.3313 0.4124 0.0000
vt 0.3259 0.4070 0.0000
vt 0.3227 0.4074 0.0000
vt 0.3231 0.4127 0.0000
vt 0.3210 0.4018 0.0000
vt 0.3242 0.4008 0.0000
vt 0.3176 0.3942 0.0000
vt 0.3216 0.3928 0.0000
vt 0.3130 0.3841 0.0000
vt 0.3149 0.3955 0.0000
vt 0.3095 0.3859 0.0000
vt 0.3024 0.3744 0.0000
vt 0.3066 0.3877 0.0000
vt 0.2992 0.3765 0.0000
vt 0.2904 0.3646 0.0000
vt 0.4688 0.9694 0.0000
vt 0.4695 0.9662 0.0000
vt 0.4843 0.9701 0.0000
vt 0.4835 0.9733 0.0000
vt 0.4989 0.9740 0.0000
vt 0.4973 0.9770 0.0000
vt 0.2820 0.3527 0.0000
vt 0.2789 0.3536 0.0000
vt 0.2714 0.3445 0.0000
vt 0.2749 0.3417 0.0000
vt 0.5119 0.9777 0.0000
vt 0.5002 0.9700 0.0000
vt 0.5135 0.9737 0.0000
vt 0.5239 0.9767 0.0000
vt 0.5219 0.9816 0.0000
vt 0.5156 0.9690 0.0000
vt 0.5262 0.9716 0.0000
vt 0.5344 0.9731 0.0000
vt 0.5327 0.9780 0.0000
vt 0.5309 0.9820 0.0000
vt 0.5405 0.9735 0.0000
vt 0.5396 0.9785 0.0000
vt 0.5391 0.9832 0.0000
vt 0.5452 0.9737 0.0000
vt 0.5446 0.9783 0.0000
vt 0.5451 0.9826 0.0000
vt 0.5460 0.9864 0.0000
vt 0.5411 0.9865 0.0000
vt 0.5498 0.9887 0.0000
vt 0.5478 0.9888 0.0000
vt 0.2522 0.3207 0.0000
vt 0.2527 0.3184 0.0000
vt 0.2484 0.3165 0.0000
vt 0.2526 0.3164 0.0000
vt 0.2498 0.3182 0.0000
vt 0.2587 0.3163 0.0000
vt 0.2513 0.3141 0.0000
vt 0.2572 0.3136 0.0000
vt 0.2645 0.3126 0.0000
vt 0.2658 0.3156 0.0000
vt 0.2554 0.3105 0.0000
vt 0.2632 0.3092 0.0000
vt 0.2537 0.3070 0.0000
vt 0.2616 0.3056 0.0000
vt 0.2518 0.3030 0.0000
vt 0.2599 0.3013 0.0000
vt 0.2499 0.2964 0.0000
vt 0.2580 0.2951 0.0000
vt 0.2487 0.2859 0.0000
vt 0.2556 0.2850 0.0000
vt 0.2472 0.2726 0.0000
vt 0.2536 0.2719 0.0000
vt 0.2454 0.2594 0.0000
vt 0.2526 0.2588 0.0000
vt 0.2439 0.2490 0.0000
vt 0.2409 0.2598 0.0000
vt 0.2392 0.2493 0.0000
vt 0.2376 0.2423 0.0000
vt 0.2353 0.2496 0.0000
vt 0.2344 0.2427 0.0000
vt 0.2333 0.2385 0.0000
vt 0.9556 0.2534 0.0000
vt 0.9557 0.2485 0.0000
vt 0.9585 0.2474 0.0000
vt 0.9586 0.2521 0.0000
vt 0.9559 0.2443 0.0000
vt 0.9581 0.2437 0.0000
vt 0.2319 0.2353 0.0000
vt 0.9562 0.2401 0.0000
vt 0.9582 0.2400 0.0000
vt 0.2302 0.2324 0.0000
vt 0.9564 0.2360 0.0000
vt 0.9582 0.2360 0.0000
vt 0.9516 0.2404 0.0000
vt 0.9519 0.2362 0.0000
vt 0.9522 0.2320 0.0000
vt 0.9434 0.2356 0.0000
vt 0.9438 0.2309 0.0000
vt 0.9443 0.2267 0.0000
vt 0.9320 0.2295 0.0000
vt 0.9326 0.2252 0.0000
vt 0.9186 0.2282 0.0000
vt 0.9192 0.2238 0.0000
vt 0.9197 0.2198 0.0000
vt 0.9049 0.2225 0.0000
vt 0.9054 0.2183 0.0000
vt 0.9059 0.2143 0.0000
vt 0.8906 0.2165 0.0000
vt 0.8911 0.2125 0.0000
vt 0.8916 0.2089 0.0000
vt 0.8762 0.2112 0.0000
vt 0.8765 0.2076 0.0000
vt 0.8770 0.2042 0.0000
vt 0.8921 0.2057 0.0000
vt 0.8777 0.2009 0.0000
vt 0.8926 0.2024 0.0000
vt 0.8784 0.1978 0.0000
vt 0.8930 0.1992 0.0000
vt 0.8786 0.1955 0.0000
vt 0.8935 0.1970 0.0000
vt 0.8789 0.1919 0.0000
vt 0.8941 0.1937 0.0000
vt 0.8794 0.1888 0.0000
vt 0.8632 0.1907 0.0000
vt 0.8636 0.1874 0.0000
vt 0.8640 0.1842 0.0000
vt 0.8469 0.1866 0.0000
vt 0.8472 0.1835 0.0000
vt 0.8476 0.1805 0.0000
vt 0.8313 0.1832 0.0000
vt 0.8317 0.1802 0.0000
vt 0.8318 0.1771 0.0000
vt 0.8479 0.1774 0.0000
vt 0.8323 0.1740 0.0000
vt 0.8483 0.1743 0.0000
vt 0.8328 0.1710 0.0000
vt 0.8487 0.1712 0.0000
vt 0.8331 0.1682 0.0000
vt 0.8490 0.1686 0.0000
vt 0.8336 0.1646 0.0000
vt 0.8495 0.1651 0.0000
vt 0.8342 0.1608 0.0000
vt 0.8500 0.1613 0.0000
vt 0.8348 0.1564 0.0000
vt 0.8506 0.1570 0.0000
vt 0.8674 0.1569 0.0000
vt 0.8521 0.1485 0.0000
vt 0.8687 0.1487 0.0000
vt 0.8851 0.1488 0.0000
vt 0.8705 0.1356 0.0000
vt 0.8874 0.1361 0.0000
vt 0.9037 0.1370 0.0000
vt 0.8540 0.1354 0.0000
vt 0.8559 0.1212 0.0000
vt 0.8382 0.1342 0.0000
vt 0.8398 0.1203 0.0000
vt 0.8415 0.1060 0.0000
vt 0.8248 0.1183 0.0000
vt 0.8259 0.1042 0.0000
vt 0.8276 0.0900 0.0000
vt 0.0099 0.4307 0.0000
vt 0.0077 0.4315 0.0000
vt 0.0093 0.4267 0.0000
vt 0.0115 0.4269 0.0000
vt 0.0140 0.4285 0.0000
vt 0.0129 0.4329 0.0000
vt 0.4934 0.6056 0.0000
vt 0.5053 0.5991 0.0000
vt 0.0129 0.4210 0.0000
vt 0.0186 0.4285 0.0000
vt 0.0103 0.4208 0.0000
vt 0.0121 0.4119 0.0000
vt 0.0080 0.4207 0.0000
vt 0.0098 0.4120 0.0000
vt 0.0122 0.4005 0.0000
vt 0.0075 0.4122 0.0000
vt 0.0103 0.4007 0.0000
vt 0.0117 0.3887 0.0000
vt 0.4156 0.8606 0.0000
vt 0.4204 0.8485 0.0000
vt 0.4235 0.8499 0.0000
vt 0.4186 0.8618 0.0000
vt 0.4268 0.8516 0.0000
vt 0.4220 0.8632 0.0000
vt 0.4302 0.8531 0.0000
vt 0.4257 0.8648 0.0000
vt 0.4338 0.8545 0.0000
vt 0.4294 0.8663 0.0000
vt 0.4376 0.8560 0.0000
vt 0.4332 0.8679 0.0000
vt 0.4417 0.8576 0.0000
vt 0.4376 0.8697 0.0000
vt 0.4330 0.8816 0.0000
vt 0.4434 0.8721 0.0000
vt 0.4391 0.8842 0.0000
vt 0.4342 0.8963 0.0000
vt 0.4458 0.8871 0.0000
vt 0.4408 0.8992 0.0000
vt 0.4352 0.9111 0.0000
vt 0.4471 0.9019 0.0000
vt 0.4415 0.9140 0.0000
vt 0.4356 0.9259 0.0000
vt 0.4477 0.9168 0.0000
vt 0.4416 0.9288 0.0000
vt 0.4362 0.9395 0.0000
vt 0.4304 0.9365 0.0000
vt 0.4320 0.9478 0.0000
vt 0.4262 0.9446 0.0000
vt 0.4302 0.9531 0.0000
vt 0.4242 0.9507 0.0000
vt 0.4294 0.9573 0.0000
vt 0.4235 0.9549 0.0000
vt 0.4295 0.9598 0.0000
vt 0.4235 0.9582 0.0000
vt 0.3215 0.4125 0.0000
vt 0.3206 0.4077 0.0000
vt 0.4221 0.9591 0.0000
vt 0.4358 0.9595 0.0000
vt 0.4357 0.9615 0.0000
vt 0.3188 0.4027 0.0000
vt 0.4445 0.9621 0.0000
vt 0.4429 0.9637 0.0000
vt 0.4364 0.9561 0.0000
vt 0.4450 0.9590 0.0000
vt 0.4559 0.9624 0.0000
vt 0.4555 0.9655 0.0000
vt 0.3128 0.3963 0.0000
vt 0.4462 0.9547 0.0000
vt 0.4567 0.9584 0.0000
vt 0.4703 0.9621 0.0000
vt 0.4587 0.9518 0.0000
vt 0.4719 0.9568 0.0000
vt 0.4870 0.9614 0.0000
vt 0.4854 0.9661 0.0000
vt 0.5019 0.9654 0.0000
vt 0.4907 0.9519 0.0000
vt 0.5056 0.9564 0.0000
vt 0.5194 0.9602 0.0000
vt 0.5116 0.9429 0.0000
vt 0.5253 0.9468 0.0000
vt 0.5355 0.9498 0.0000
vt 0.5300 0.9627 0.0000
vt 0.5422 0.9520 0.0000
vt 0.5374 0.9644 0.0000
vt 0.5472 0.9538 0.0000
vt 0.5427 0.9656 0.0000
vt 0.5512 0.9555 0.0000
vt 0.5470 0.9665 0.0000
vt 0.5549 0.9569 0.0000
vt 0.5508 0.9673 0.0000
vt 0.5585 0.9583 0.0000
vt 0.5545 0.9681 0.0000
vt 0.5611 0.9592 0.0000
vt 0.5566 0.9688 0.0000
vt 0.9330 0.3244 0.0000
vt 0.9330 0.3216 0.0000
vt 0.9445 0.3223 0.0000
vt 0.9449 0.3253 0.0000
vt 0.9516 0.3250 0.0000
vt 0.9330 0.3181 0.0000
vt 0.9443 0.3190 0.0000
vt 0.9328 0.3140 0.0000
vt 0.9442 0.3148 0.0000
vt 0.9514 0.3149 0.0000
vt 0.9443 0.3091 0.0000
vt 0.9509 0.3088 0.0000
vt 0.9556 0.3087 0.0000
vt 0.9565 0.3148 0.0000
vt 0.9592 0.3085 0.0000
vt 0.9598 0.3150 0.0000
vt 0.2435 0.3025 0.0000
vt 0.2419 0.2964 0.0000
vt 0.2457 0.2964 0.0000
vt 0.2469 0.3031 0.0000
vt 0.2480 0.3075 0.0000
vt 0.2442 0.3070 0.0000
vt 0.2494 0.3110 0.0000
vt 0.2406 0.2864 0.0000
vt 0.2443 0.2861 0.0000
vt 0.2390 0.2730 0.0000
vt 0.2428 0.2728 0.0000
vt 0.2370 0.2600 0.0000
vt 0.9595 0.2842 0.0000
vt 0.9556 0.2850 0.0000
vt 0.9549 0.2721 0.0000
vt 0.9589 0.2706 0.0000
vt 0.9555 0.2606 0.0000
vt 0.9587 0.2594 0.0000
vt 0.9505 0.2726 0.0000
vt 0.9503 0.2619 0.0000
vt 0.9507 0.2547 0.0000
vt 0.9429 0.2631 0.0000
vt 0.9429 0.2559 0.0000
vt 0.9429 0.2507 0.0000
vt 0.9510 0.2496 0.0000
vt 0.9430 0.2456 0.0000
vt 0.9513 0.2450 0.0000
vt 0.9432 0.2406 0.0000
vt 0.9306 0.2448 0.0000
vt 0.9310 0.2397 0.0000
vt 0.9315 0.2344 0.0000
vt 0.9174 0.2387 0.0000
vt 0.9180 0.2333 0.0000
vt 0.9031 0.2375 0.0000
vt 0.9037 0.2321 0.0000
vt 0.9043 0.2269 0.0000
vt 0.8890 0.2305 0.0000
vt 0.8896 0.2254 0.0000
vt 0.8901 0.2208 0.0000
vt 0.8749 0.2242 0.0000
vt 0.8753 0.2195 0.0000
vt 0.8758 0.2151 0.0000
vt 0.8605 0.2184 0.0000
vt 0.8607 0.2141 0.0000
vt 0.8610 0.2102 0.0000
vt 0.8461 0.2130 0.0000
vt 0.8457 0.2089 0.0000
vt 0.8451 0.2049 0.0000
vt 0.8613 0.2063 0.0000
vt 0.8447 0.2010 0.0000
vt 0.8614 0.2027 0.0000
vt 0.8446 0.1975 0.0000
vt 0.8618 0.1992 0.0000
vt 0.8448 0.1952 0.0000
vt 0.8623 0.1966 0.0000
vt 0.8455 0.1927 0.0000
vt 0.8628 0.1942 0.0000
vt 0.8463 0.1897 0.0000
vt 0.8291 0.1921 0.0000
vt 0.8302 0.1892 0.0000
vt 0.8307 0.1862 0.0000
vt 0.8180 0.1873 0.0000
vt 0.8179 0.1845 0.0000
vt 0.8183 0.1815 0.0000
vt 0.8185 0.1785 0.0000
vt 0.8185 0.1754 0.0000
vt 0.8196 0.1665 0.0000
vt 0.8193 0.1692 0.0000
vt 0.8190 0.1723 0.0000
vt 0.8200 0.1630 0.0000
vt 0.8203 0.1592 0.0000
vt 0.8206 0.1551 0.0000
vt 0.8218 0.1461 0.0000
vt 0.8362 0.1477 0.0000
vt 0.8232 0.1326 0.0000
vt 0.4622 0.8208 0.0000
vt 0.4571 0.8179 0.0000
vt 0.4586 0.8155 0.0000
vt 0.4638 0.8182 0.0000
vt 0.4605 0.8239 0.0000
vt 0.4553 0.8209 0.0000
vt 0.4588 0.8277 0.0000
vt 0.4534 0.8248 0.0000
vt 0.4557 0.8352 0.0000
vt 0.4503 0.8325 0.0000
vt 0.4465 0.8308 0.0000
vt 0.4431 0.8294 0.0000
vt 0.4456 0.8449 0.0000
vt 0.4418 0.8434 0.0000
vt 0.4386 0.8417 0.0000
vt 0.4353 0.8400 0.0000
vt 0.4404 0.8278 0.0000
vt 0.4327 0.8388 0.0000
vt 0.4299 0.8373 0.0000
vt 0.4273 0.8358 0.0000
vt 0.4515 0.8470 0.0000
vt 0.4473 0.8599 0.0000
vt 0.4592 0.8503 0.0000
vt 0.4548 0.8628 0.0000
vt 0.4503 0.8749 0.0000
vt 0.4621 0.8655 0.0000
vt 0.4572 0.8777 0.0000
vt 0.4521 0.8898 0.0000
vt 0.4639 0.8804 0.0000
vt 0.4584 0.8925 0.0000
vt 0.4533 0.9046 0.0000
vt 0.4648 0.8951 0.0000
vt 0.4595 0.9073 0.0000
vt 0.4538 0.9196 0.0000
vt 0.4665 0.9105 0.0000
vt 0.4609 0.9232 0.0000
vt 0.4548 0.9358 0.0000
vt 0.4477 0.9318 0.0000
vt 0.4490 0.9470 0.0000
vt 0.4418 0.9430 0.0000
vt 0.4381 0.9512 0.0000
vt 0.4635 0.9406 0.0000
vt 0.4694 0.9276 0.0000
vt 0.4821 0.9331 0.0000
vt 0.4759 0.9467 0.0000
vt 0.4968 0.9382 0.0000
vt 0.4880 0.9198 0.0000
vt 0.5024 0.9249 0.0000
vt 0.5176 0.9294 0.0000
vt 0.5080 0.9116 0.0000
vt 0.5228 0.9161 0.0000
vt 0.5364 0.9197 0.0000
vt 0.5312 0.9332 0.0000
vt 0.5463 0.9224 0.0000
vt 0.5411 0.9360 0.0000
vt 0.5533 0.9243 0.0000
vt 0.5478 0.9382 0.0000
vt 0.5589 0.9259 0.0000
vt 0.5530 0.9400 0.0000
vt 0.5632 0.9273 0.0000
vt 0.5572 0.9416 0.0000
vt 0.5670 0.9286 0.0000
vt 0.5609 0.9430 0.0000
vt 0.5709 0.9298 0.0000
vt 0.5647 0.9445 0.0000
vt 0.5738 0.9308 0.0000
vt 0.5673 0.9456 0.0000
vt 0.8997 0.3226 0.0000
vt 0.8999 0.3196 0.0000
vt 0.9162 0.3207 0.0000
vt 0.9160 0.3237 0.0000
vt 0.9002 0.3160 0.0000
vt 0.9164 0.3173 0.0000
vt 0.9004 0.3120 0.0000
vt 0.9164 0.3134 0.0000
vt 0.9006 0.3073 0.0000
vt 0.9163 0.3086 0.0000
vt 0.9327 0.3087 0.0000
vt 0.9170 0.2994 0.0000
vt 0.9325 0.2998 0.0000
vt 0.9440 0.2997 0.0000
vt 0.9320 0.2869 0.0000
vt 0.9434 0.2865 0.0000
vt 0.9508 0.2856 0.0000
vt 0.9509 0.2988 0.0000
vt 0.9554 0.2984 0.0000
vt 0.9591 0.2981 0.0000
vt 0.9427 0.2736 0.0000
vt 0.9309 0.2739 0.0000
vt 0.9305 0.2632 0.0000
vt 0.9162 0.2731 0.0000
vt 0.9163 0.2625 0.0000
vt 0.9163 0.2548 0.0000
vt 0.9304 0.2556 0.0000
vt 0.9166 0.2491 0.0000
vt 0.9304 0.2499 0.0000
vt 0.9169 0.2439 0.0000
vt 0.9022 0.2483 0.0000
vt 0.9026 0.2429 0.0000
vt 0.8877 0.2473 0.0000
vt 0.8880 0.2417 0.0000
vt 0.8885 0.2361 0.0000
vt 0.8735 0.2405 0.0000
vt 0.8739 0.2349 0.0000
vt 0.8744 0.2294 0.0000
vt 0.8595 0.2340 0.0000
vt 0.8599 0.2283 0.0000
vt 0.8602 0.2231 0.0000
vt 0.8464 0.2276 0.0000
vt 0.8464 0.2222 0.0000
vt 0.8462 0.2174 0.0000
vt 0.8339 0.2219 0.0000
vt 0.8337 0.2172 0.0000
vt 0.8332 0.2126 0.0000
vt 0.8253 0.2174 0.0000
vt 0.8254 0.2134 0.0000
vt 0.8249 0.2094 0.0000
vt 0.8331 0.2084 0.0000
vt 0.8242 0.2055 0.0000
vt 0.8320 0.2043 0.0000
vt 0.8218 0.2013 0.0000
vt 0.8298 0.1998 0.0000
vt 0.8175 0.2083 0.0000
vt 0.8202 0.2177 0.0000
vt 0.8176 0.2214 0.0000
vt 0.8177 0.2177 0.0000
vt 0.8200 0.2217 0.0000
vt 0.8248 0.2222 0.0000
vt 0.8250 0.2265 0.0000
vt 0.8199 0.2261 0.0000
vt 0.8341 0.2270 0.0000
vt 0.8338 0.2326 0.0000
vt 0.8250 0.2316 0.0000
vt 0.8461 0.2334 0.0000
vt 0.8457 0.2390 0.0000
vt 0.8331 0.2378 0.0000
vt 0.8591 0.2396 0.0000
vt 0.8587 0.2453 0.0000
vt 0.8450 0.2445 0.0000
vt 0.8731 0.2463 0.0000
vt 0.8726 0.2526 0.0000
vt 0.8581 0.2514 0.0000
vt 0.8873 0.2535 0.0000
vt 0.8869 0.2615 0.0000
vt 0.8721 0.2607 0.0000
vt 0.9019 0.2543 0.0000
vt 0.9015 0.2620 0.0000
vt 0.9014 0.2724 0.0000
vt 0.8865 0.2716 0.0000
vt 0.8861 0.2843 0.0000
vt 0.8709 0.2833 0.0000
vt 0.8714 0.2709 0.0000
vt 0.9012 0.2852 0.0000
vt 0.9012 0.2977 0.0000
vt 0.8857 0.2963 0.0000
vt 0.9166 0.2865 0.0000
vt 0.8853 0.3056 0.0000
vt 0.8695 0.3041 0.0000
vt 0.8700 0.2953 0.0000
vt 0.8528 0.3026 0.0000
vt 0.8532 0.2944 0.0000
vt 0.8548 0.2826 0.0000
vt 0.8377 0.2928 0.0000
vt 0.8394 0.2805 0.0000
vt 0.8416 0.2684 0.0000
vt 0.8564 0.2701 0.0000
vt 0.8427 0.2582 0.0000
vt 0.8573 0.2596 0.0000
vt 0.8444 0.2505 0.0000
vt 0.8302 0.2560 0.0000
vt 0.8310 0.2483 0.0000
vt 0.8324 0.2430 0.0000
vt 0.8233 0.2459 0.0000
vt 0.8236 0.2407 0.0000
vt 0.8237 0.2363 0.0000
vt 0.8191 0.2391 0.0000
vt 0.8198 0.2348 0.0000
vt 0.8203 0.2303 0.0000
vt 0.8182 0.2345 0.0000
vt 0.8182 0.2296 0.0000
vt 0.8174 0.2259 0.0000
vt 0.4767 0.8272 0.0000
vt 0.4695 0.8241 0.0000
vt 0.4709 0.8215 0.0000
vt 0.4779 0.8248 0.0000
vt 0.4753 0.8300 0.0000
vt 0.4678 0.8273 0.0000
vt 0.4735 0.8336 0.0000
vt 0.4660 0.8310 0.0000
vt 0.4707 0.8418 0.0000
vt 0.4629 0.8386 0.0000
vt 0.4667 0.8534 0.0000
vt 0.4770 0.8444 0.0000
vt 0.4735 0.8557 0.0000
vt 0.4690 0.8682 0.0000
vt 0.4798 0.8579 0.0000
vt 0.4755 0.8706 0.0000
vt 0.4703 0.8829 0.0000
vt 0.4822 0.8730 0.0000
vt 0.4772 0.8857 0.0000
vt 0.4719 0.8980 0.0000
vt 0.4855 0.8889 0.0000
vt 0.4804 0.9016 0.0000
vt 0.4751 0.9143 0.0000
vt 0.4935 0.9066 0.0000
vt 0.4986 0.8935 0.0000
vt 0.5130 0.8984 0.0000
vt 0.5035 0.8803 0.0000
vt 0.5179 0.8847 0.0000
vt 0.5323 0.8891 0.0000
vt 0.5276 0.9027 0.0000
vt 0.5456 0.8925 0.0000
vt 0.5412 0.9064 0.0000
vt 0.5557 0.8948 0.0000
vt 0.5510 0.9088 0.0000
vt 0.5626 0.8965 0.0000
vt 0.5581 0.9106 0.0000
vt 0.5680 0.8977 0.0000
vt 0.5636 0.9120 0.0000
vt 0.5723 0.8987 0.0000
vt 0.5681 0.9132 0.0000
vt 0.5762 0.8997 0.0000
vt 0.5720 0.9142 0.0000
vt 0.5801 0.9007 0.0000
vt 0.5757 0.9152 0.0000
vt 0.5832 0.9015 0.0000
vt 0.5789 0.9160 0.0000
vt 0.8685 0.3200 0.0000
vt 0.8686 0.3168 0.0000
vt 0.8843 0.3181 0.0000
vt 0.8841 0.3211 0.0000
vt 0.8689 0.3131 0.0000
vt 0.8847 0.3143 0.0000
vt 0.8691 0.3090 0.0000
vt 0.8851 0.3103 0.0000
vt 0.8521 0.3116 0.0000
vt 0.8523 0.3076 0.0000
vt 0.8366 0.3105 0.0000
vt 0.8367 0.3066 0.0000
vt 0.8369 0.3014 0.0000
vt 0.8256 0.3066 0.0000
vt 0.8261 0.3006 0.0000
vt 0.8272 0.2913 0.0000
vt 0.8198 0.3000 0.0000
vt 0.8203 0.2903 0.0000
vt 0.8213 0.2777 0.0000
vt 0.8285 0.2787 0.0000
vt 0.8218 0.2650 0.0000
vt 0.8294 0.2663 0.0000
vt 0.8222 0.2539 0.0000
vt 0.8171 0.2640 0.0000
vt 0.8179 0.2531 0.0000
vt 0.8184 0.2442 0.0000
vt 0.8143 0.2518 0.0000
vt 0.8158 0.2436 0.0000
vt 0.8168 0.2388 0.0000
vt 0.4896 0.8319 0.0000
vt 0.4835 0.8296 0.0000
vt 0.4849 0.8275 0.0000
vt 0.4908 0.8302 0.0000
vt 0.4881 0.8344 0.0000
vt 0.4819 0.8322 0.0000
vt 0.4863 0.8382 0.0000
vt 0.4799 0.8361 0.0000
vt 0.4832 0.8462 0.0000
vt 0.4933 0.8407 0.0000
vt 0.4903 0.8484 0.0000
vt 0.4864 0.8602 0.0000
vt 0.4993 0.8510 0.0000
vt 0.4949 0.8627 0.0000
vt 0.4903 0.8760 0.0000
vt 0.5080 0.8669 0.0000
vt 0.5119 0.8543 0.0000
vt 0.5259 0.8577 0.0000
vt 0.5222 0.8710 0.0000
vt 0.5400 0.8612 0.0000
vt 0.5365 0.8749 0.0000
vt 0.5537 0.8645 0.0000
vt 0.5499 0.8782 0.0000
vt 0.5644 0.8668 0.0000
vt 0.5600 0.8806 0.0000
vt 0.5709 0.8686 0.0000
vt 0.5666 0.8822 0.0000
vt 0.5759 0.8701 0.0000
vt 0.5718 0.8834 0.0000
vt 0.5801 0.8713 0.0000
vt 0.5760 0.8844 0.0000
vt 0.5838 0.8725 0.0000
vt 0.5800 0.8853 0.0000
vt 0.5875 0.8736 0.0000
vt 0.5838 0.8863 0.0000
vt 0.5901 0.8745 0.0000
vt 0.5869 0.8869 0.0000
vt 0.8370 0.3170 0.0000
vt 0.8367 0.3139 0.0000
vt 0.8519 0.3153 0.0000
vt 0.8518 0.3184 0.0000
vt 0.8263 0.3168 0.0000
vt 0.8258 0.3137 0.0000
vt 0.8256 0.3103 0.0000
vt 0.8192 0.3137 0.0000
vt 0.8191 0.3103 0.0000
vt 0.8191 0.3063 0.0000
vt 0.8146 0.3057 0.0000
vt 0.8149 0.2995 0.0000
vt 0.8104 0.3050 0.0000
vt 0.8108 0.2990 0.0000
vt 0.8116 0.2894 0.0000
vt 0.8154 0.2898 0.0000
vt 0.8120 0.2766 0.0000
vt 0.8161 0.2770 0.0000
vt 0.8131 0.2631 0.0000
vt 0.4970 0.8321 0.0000
vt 0.5056 0.8343 0.0000
vt 0.5048 0.8368 0.0000
vt 0.4960 0.8343 0.0000
vt 0.5037 0.8393 0.0000
vt 0.4948 0.8368 0.0000
vt 0.5022 0.8434 0.0000
vt 0.5153 0.8425 0.0000
vt 0.5142 0.8465 0.0000
vt 0.5289 0.8454 0.0000
vt 0.5280 0.8495 0.0000
vt 0.5429 0.8482 0.0000
vt 0.5420 0.8525 0.0000
vt 0.5564 0.8512 0.0000
vt 0.5556 0.8557 0.0000
vt 0.5680 0.8538 0.0000
vt 0.5670 0.8584 0.0000
vt 0.5762 0.8552 0.0000
vt 0.5746 0.8600 0.0000
vt 0.5817 0.8560 0.0000
vt 0.5794 0.8612 0.0000
vt 0.5864 0.8571 0.0000
vt 0.5838 0.8624 0.0000
vt 0.5876 0.8635 0.0000
vt 0.5910 0.8647 0.0000
vt 0.8266 0.3195 0.0000
vt 0.8359 0.3196 0.0000
vt 0.5831 0.8523 0.0000
vt 0.5879 0.8534 0.0000
vt 0.5838 0.8486 0.0000
vt 0.5888 0.8493 0.0000
vt 0.5170 0.8368 0.0000
vt 0.5301 0.8392 0.0000
vt 0.5295 0.8421 0.0000
vt 0.5162 0.8396 0.0000
vt 0.5443 0.8417 0.0000
vt 0.5436 0.8448 0.0000
vt 0.5576 0.8443 0.0000
vt 0.5570 0.8476 0.0000
vt 0.5691 0.8461 0.0000
vt 0.5686 0.8498 0.0000
vt 0.5777 0.8476 0.0000
vt 0.5769 0.8513 0.0000
vt 0.8180 0.1900 0.0000
vt 0.8285 0.1951 0.0000
vt 0.8174 0.1926 0.0000
vt 0.8281 0.1971 0.0000
vt 0.8173 0.1948 0.0000
vt 0.9451 0.5327 0.0000
vt 0.9448 0.5216 0.0000
vt 0.9462 0.5244 0.0000
vt 0.9493 0.5327 0.0000
vt 0.9429 0.5060 0.0000
vt 0.9443 0.5063 0.0000
vt 0.9405 0.4858 0.0000
vt 0.9415 0.4859 0.0000
vt 0.9425 0.4868 0.0000
vt 0.9394 0.4621 0.0000
vt 0.9407 0.4613 0.0000
vt 0.9359 0.4329 0.0000
vt 0.9370 0.4321 0.0000
vt 0.9376 0.4594 0.0000
vt 0.9346 0.4323 0.0000
vt 0.9320 0.4072 0.0000
vt 0.9329 0.4087 0.0000
vt 0.9338 0.4105 0.0000
vt 0.9322 0.3951 0.0000
vt 0.9335 0.3952 0.0000
vt 0.9357 0.3887 0.0000
vt 0.9454 0.5061 0.0000
vt 0.0057 0.4208 0.0000
vt 0.0075 0.4273 0.0000
vt 0.0050 0.4279 0.0000
vt 0.0059 0.4310 0.0000
vt 0.5349 0.0908 0.0000
vt 0.5289 0.0882 0.0000
vt 0.9791 0.1722 0.0000
vt 0.2383 0.8729 0.0000
vt 0.8833 0.6364 0.0000
vt 0.5420 0.3964 0.0000
vt 0.5447 0.4092 0.0000
vt 0.0555 0.5986 0.0000
vt 0.1703 0.0523 0.0000
vt 0.1240 0.6317 0.0000
vt 0.3819 0.9432 0.0000
vt 0.3748 0.9436 0.0000
vt 0.3219 0.4593 0.0000
vt 0.3216 0.4580 0.0000
vt 0.3656 0.9466 0.0000
vt 0.3653 0.9458 0.0000
vt 0.3182 0.4683 0.0000
vt 0.3179 0.4677 0.0000
vt 0.3644 0.9443 0.0000
vt 0.3650 0.9450 0.0000
vt 0.4374 0.7950 0.0000
vt 0.4382 0.7956 0.0000
vt 0.4353 0.7877 0.0000
vt 0.4394 0.7956 0.0000
vt 0.4346 0.7874 0.0000
vt 0.4343 0.7875 0.0000
vt 0.4325 0.7823 0.0000
vt 0.4319 0.7820 0.0000
vt 0.4329 0.7824 0.0000
vt 0.4331 0.7820 0.0000
vt 0.4357 0.7874 0.0000
vt 0.4306 0.7773 0.0000
vt 0.4314 0.7770 0.0000
vt 0.4311 0.7789 0.0000
vt 0.4406 0.7953 0.0000
vt 0.4478 0.8080 0.0000
vt 0.4454 0.8043 0.0000
vt 0.4304 0.7782 0.0000
vt 0.4446 0.9818 0.0000
vt 0.4436 0.9873 0.0000
vt 0.4520 0.9818 0.0000
vt 0.4514 0.9861 0.0000
vt 0.4636 0.9798 0.0000
vt 0.4631 0.9826 0.0000
vt 0.4628 0.9857 0.0000
vt 0.4640 0.9773 0.0000
vt 0.4650 0.9741 0.0000
vt 0.4775 0.9841 0.0000
vt 0.4771 0.9869 0.0000
vt 0.4790 0.9771 0.0000
vt 0.4783 0.9795 0.0000
vt 0.4778 0.9819 0.0000
vt 0.4937 0.9797 0.0000
vt 0.4933 0.9818 0.0000
vt 0.4928 0.9839 0.0000
vt 0.4924 0.9859 0.0000
vt 0.5066 0.9840 0.0000
vt 0.5066 0.9856 0.0000
vt 0.5062 0.9875 0.0000
vt 0.5057 0.9895 0.0000
vt 0.4921 0.9884 0.0000
vt 0.3878 0.9911 0.0000
vt 0.3880 0.9890 0.0000
vt 0.3934 0.9893 0.0000
vt 0.3933 0.9915 0.0000
vt 0.5133 0.9837 0.0000
vt 0.5079 0.9825 0.0000
vt 0.5099 0.9814 0.0000
vt 0.5139 0.9826 0.0000
vt 0.5130 0.9847 0.0000
vt 0.5127 0.9862 0.0000
vt 0.3264 0.8924 0.0000
vt 0.3458 0.8959 0.0000
vt 0.9833 0.1162 0.0000
vt 0.5600 0.9874 0.0000
vt 0.5632 0.9939 0.0000
vt 0.5638 0.9938 0.0000
vt 0.5628 0.9949 0.0000
vt 0.2321 0.3190 0.0000
vt 0.2316 0.3185 0.0000
vt 0.2360 0.3154 0.0000
vt 0.3081 0.8627 0.0000
vt 0.9942 0.1249 0.0000
vt 0.2326 0.3199 0.0000
vt 0.3137 0.8906 0.0000
vt 0.3102 0.8884 0.0000
vt 0.6073 0.8501 0.0000
vt 0.6078 0.8515 0.0000
vt 0.6937 0.9816 0.0000
vt 0.6135 0.8477 0.0000
vt 0.6144 0.8489 0.0000
vt 0.6800 0.9788 0.0000
vt 0.6802 0.9761 0.0000
vt 0.6705 0.9775 0.0000
vt 0.6712 0.9743 0.0000
vt 0.6718 0.9709 0.0000
vt 0.6806 0.9732 0.0000
vt 0.6079 0.8484 0.0000
vt 0.6144 0.8461 0.0000
vt 0.6631 0.9683 0.0000
vt 0.6649 0.9732 0.0000
vt 0.6664 0.9692 0.0000
vt 0.6238 0.8432 0.0000
vt 0.6195 0.8452 0.0000
vt 0.6753 0.9370 0.0000
vt 0.6749 0.9398 0.0000
vt 0.6740 0.9421 0.0000
vt 0.6995 0.9454 0.0000
vt 0.7082 0.9427 0.0000
vt 0.7081 0.9441 0.0000
vt 0.7170 0.9387 0.0000
vt 0.7187 0.9402 0.0000
vt 0.7102 0.9398 0.0000
vt 0.4233 0.9681 0.0000
vt 0.4236 0.9713 0.0000
vt 0.4145 0.9705 0.0000
vt 0.4147 0.9675 0.0000
vt 0.4085 0.9673 0.0000
vt 0.4084 0.9705 0.0000
vt 0.4232 0.9744 0.0000
vt 0.4142 0.9743 0.0000
vt 0.4082 0.9752 0.0000
vt 0.6405 0.9901 0.0000
vt 0.6354 0.9939 0.0000
vt 0.3904 0.9667 0.0000
vt 0.3935 0.9668 0.0000
vt 0.3898 0.9784 0.0000
vt 0.3881 0.9722 0.0000
vt 0.3874 0.9675 0.0000
vt 0.3823 0.9723 0.0000
vt 0.3817 0.9684 0.0000
vt 0.3744 0.9764 0.0000
vt 0.3738 0.9723 0.0000
vt 0.3843 0.9782 0.0000
vt 0.3627 0.9759 0.0000
vt 0.3625 0.9723 0.0000
vt 0.3625 0.9696 0.0000
vt 0.3736 0.9691 0.0000
vt 0.3642 0.9655 0.0000
vt 0.3532 0.9653 0.0000
vt 0.3522 0.9634 0.0000
vt 0.3625 0.9625 0.0000
vt 0.4181 0.9867 0.0000
vt 0.4180 0.9883 0.0000
vt 0.4040 0.9902 0.0000
vt 0.4039 0.9885 0.0000
vt 0.4305 0.9881 0.0000
vt 0.4303 0.9895 0.0000
vt 0.4191 0.9837 0.0000
vt 0.4305 0.9860 0.0000
vt 0.3779 0.9882 0.0000
vt 0.3833 0.9880 0.0000
vt 0.3833 0.9900 0.0000
vt 0.3782 0.9896 0.0000
vt 0.4361 0.9898 0.0000
vt 0.4360 0.9907 0.0000
vt 0.3963 0.9663 0.0000
vt 0.6607 0.9318 0.0000
vt 0.2483 0.3199 0.0000
vt 0.3860 0.9895 0.0000
vt 0.3856 0.9913 0.0000
vt 0.8178 0.2046 0.0000
vt 0.6798 0.9600 0.0000
vt 0.9493 0.5206 0.0000
vt 0.4289 0.7756 0.0000
vt 0.7017 0.9410 0.0000
vt 0.7094 0.9391 0.0000
vt 0.6331 0.3870 0.0000
vt 0.6305 0.3862 0.0000
vt 0.6322 0.3824 0.0000
vt 0.6343 0.3838 0.0000
vt 0.6946 0.9744 0.0000
vt 0.7058 0.9775 0.0000
vt 0.8047 0.3134 0.0000
vt 0.8062 0.3095 0.0000
vt 0.8059 0.3174 0.0000
vt 0.8032 0.3165 0.0000
vt 0.5987 0.8492 0.0000
vt 0.6040 0.8478 0.0000
vt 0.3845 0.9539 0.0000
vt 0.3858 0.9540 0.0000
vt 0.3831 0.9552 0.0000
vt 0.3825 0.9542 0.0000
vt 0.4027 0.9824 0.0000
vt 0.4053 0.9825 0.0000
vt 0.4051 0.9843 0.0000
vt 0.4028 0.9841 0.0000
vt 0.5660 0.9861 0.0000
vt 0.5662 0.9867 0.0000
vt 0.5642 0.9876 0.0000
vt 0.5650 0.9858 0.0000
vt 0.5678 0.9858 0.0000
vt 0.5668 0.9852 0.0000
vt 0.5661 0.9845 0.0000
vt 0.8868 0.6324 0.0000
vt 0.8851 0.6329 0.0000
vt 0.8853 0.6328 0.0000
vt 0.8872 0.6322 0.0000
vt 0.6280 0.9469 0.0000
vt 0.6304 0.9441 0.0000
vt 0.6309 0.9438 0.0000
vt 0.6294 0.9459 0.0000
vt 0.6305 0.9439 0.0000
vt 0.6276 0.9468 0.0000
vt 0.8871 0.6318 0.0000
vt 0.8894 0.6313 0.0000
vt 0.8902 0.6318 0.0000
vt 0.7683 0.6140 0.0000
vt 0.7633 0.6029 0.0000
vt 0.7700 0.6047 0.0000
vt 0.7803 0.6163 0.0000
vt 0.6859 0.6324 0.0000
vt 0.6769 0.6369 0.0000
vt 0.6684 0.6249 0.0000
vt 0.6774 0.6188 0.0000
vt 0.6945 0.6158 0.0000
vt 0.6990 0.6278 0.0000
vt 0.7755 0.6040 0.0000
vt 0.7843 0.6085 0.0000
vt 0.8005 0.6126 0.0000
vt 0.7982 0.6207 0.0000
vt 0.3966 0.7081 0.0000
vt 0.4000 0.7083 0.0000
vt 0.3937 0.7183 0.0000
vt 0.3892 0.7196 0.0000
vt 0.4021 0.7115 0.0000
vt 0.3950 0.7231 0.0000
vt 0.4089 0.7004 0.0000
vt 0.4066 0.6983 0.0000
vt 0.4038 0.6970 0.0000
vt 0.4543 0.5851 0.0000
vt 0.4498 0.5898 0.0000
vt 0.4484 0.5861 0.0000
vt 0.4542 0.5814 0.0000
vt 0.4448 0.5969 0.0000
vt 0.4420 0.5948 0.0000
vt 0.4391 0.5943 0.0000
vt 0.4461 0.5861 0.0000
vt 0.5339 0.1152 0.0000
vt 0.5321 0.1138 0.0000
vt 0.5304 0.1027 0.0000
vt 0.5310 0.1026 0.0000
vt 0.3949 0.9621 0.0000
vt 0.3982 0.9592 0.0000
vt 0.3994 0.9621 0.0000
vt 0.3967 0.9627 0.0000
vt 0.4029 0.9572 0.0000
vt 0.4037 0.9627 0.0000
vt 0.3924 0.9621 0.0000
vt 0.3946 0.9560 0.0000
vt 0.4000 0.9644 0.0000
vt 0.9126 0.3390 0.0000
vt 0.9029 0.3423 0.0000
vt 0.9143 0.3524 0.0000
vt 0.9030 0.3477 0.0000
vt 0.6206 0.8423 0.0000
vt 0.6261 0.8404 0.0000
vt 0.9540 0.3316 0.0000
vt 0.9613 0.3261 0.0000
vt 0.9602 0.3299 0.0000
vt 0.9524 0.3358 0.0000
vt 0.9603 0.3322 0.0000
vt 0.9542 0.3377 0.0000
vt 0.9636 0.3316 0.0000
vt 0.9561 0.3391 0.0000
vt 0.9245 0.3493 0.0000
vt 0.9216 0.3484 0.0000
vt 0.9242 0.3405 0.0000
vt 0.9255 0.3416 0.0000
vt 0.9234 0.3580 0.0000
vt 0.9308 0.3418 0.0000
vt 0.9324 0.3477 0.0000
vt 0.6580 0.9437 0.0000
vt 0.6608 0.9450 0.0000
vt 0.6630 0.9538 0.0000
vt 0.6580 0.9539 0.0000
vt 0.6617 0.9627 0.0000
vt 0.6593 0.9642 0.0000
vt 0.6654 0.9579 0.0000
vt 0.6642 0.9638 0.0000
vt 0.9422 0.3388 0.0000
vt 0.9426 0.3429 0.0000
vt 0.9334 0.3535 0.0000
vt 0.9152 0.3645 0.0000
vt 0.9252 0.3702 0.0000
vt 0.9216 0.3760 0.0000
vt 0.9342 0.3617 0.0000
vt 0.9093 0.3560 0.0000
vt 0.9289 0.3809 0.0000
vt 0.9345 0.3777 0.0000
vt 0.9269 0.3845 0.0000
vt 0.7689 0.3462 0.0000
vt 0.7722 0.3504 0.0000
vt 0.7657 0.3519 0.0000
vt 0.7636 0.3492 0.0000
vt 0.7723 0.3515 0.0000
vt 0.7659 0.3539 0.0000
vt 0.7786 0.3563 0.0000
vt 0.7752 0.3555 0.0000
vt 0.7732 0.3488 0.0000
vt 0.7720 0.3442 0.0000
vt 0.7774 0.3532 0.0000
vt 0.4631 0.6053 0.0000
vt 0.4580 0.6050 0.0000
vt 0.4628 0.5999 0.0000
vt 0.4654 0.6008 0.0000
vt 0.4685 0.6024 0.0000
vt 0.4682 0.6035 0.0000
vt 0.7735 0.3558 0.0000
vt 0.7667 0.3570 0.0000
vt 0.4676 0.6056 0.0000
vt 0.4695 0.6074 0.0000
vt 0.4649 0.6098 0.0000
vt 0.4700 0.6038 0.0000
vt 0.7809 0.3588 0.0000
vt 0.7796 0.3575 0.0000
vt 0.7808 0.3586 0.0000
vt 0.7808 0.3587 0.0000
vt 0.7796 0.3579 0.0000
vt 0.4417 0.5843 0.0000
vt 0.4378 0.5856 0.0000
vt 0.4373 0.5828 0.0000
vt 0.4408 0.5821 0.0000
vt 0.4412 0.5855 0.0000
vt 0.4379 0.5893 0.0000
vt 0.4351 0.5898 0.0000
vt 0.4348 0.5945 0.0000
vt 0.4307 0.5934 0.0000
vt 0.5879 0.2434 0.0000
vt 0.5926 0.2441 0.0000
vt 0.5931 0.2477 0.0000
vt 0.5888 0.2478 0.0000
vt 0.6020 0.8458 0.0000
vt 0.6044 0.8465 0.0000
vt 0.7342 0.3966 0.0000
vt 0.7311 0.3944 0.0000
vt 0.7518 0.3842 0.0000
vt 0.7541 0.3870 0.0000
vt 0.7285 0.1288 0.0000
vt 0.7351 0.1322 0.0000
vt 0.7353 0.1345 0.0000
vt 0.7258 0.1290 0.0000
vt 0.7680 0.2218 0.0000
vt 0.7705 0.2220 0.0000
vt 0.7625 0.2223 0.0000
vt 0.7623 0.2215 0.0000
vt 0.7691 0.2223 0.0000
vt 0.7630 0.2227 0.0000
vt 0.5491 0.1735 0.0000
vt 0.5444 0.1544 0.0000
vt 0.5455 0.1563 0.0000
vt 0.5520 0.1670 0.0000
vt 0.7745 0.2218 0.0000
vt 0.7718 0.2216 0.0000
vt 0.7747 0.2220 0.0000
vt 0.7749 0.2218 0.0000
vt 0.4006 0.5658 0.0000
vt 0.3992 0.5683 0.0000
vt 0.3908 0.5636 0.0000
vt 0.3930 0.5597 0.0000
vt 0.7676 0.2209 0.0000
vt 0.7635 0.2202 0.0000
vt 0.7689 0.2225 0.0000
vt 0.7635 0.2234 0.0000
vt 0.4023 0.6607 0.0000
vt 0.3958 0.6730 0.0000
vt 0.3931 0.6708 0.0000
vt 0.3994 0.6590 0.0000
vt 0.3882 0.6862 0.0000
vt 0.3856 0.6848 0.0000
vt 0.3966 0.6575 0.0000
vt 0.3900 0.6697 0.0000
vt 0.3826 0.6833 0.0000
vt 0.7549 0.2219 0.0000
vt 0.7554 0.2204 0.0000
vt 0.7559 0.2252 0.0000
vt 0.7556 0.2241 0.0000
vt 0.8042 0.3201 0.0000
vt 0.8017 0.3197 0.0000
vt 0.7995 0.3188 0.0000
vt 0.8003 0.3160 0.0000
vt 0.5978 0.2462 0.0000
vt 0.5964 0.2438 0.0000
vt 0.7389 0.2313 0.0000
vt 0.7391 0.2263 0.0000
vt 0.7421 0.2276 0.0000
vt 0.7417 0.2310 0.0000
vt 0.7332 0.2325 0.0000
vt 0.7328 0.2290 0.0000
vt 0.7378 0.2245 0.0000
vt 0.7325 0.2257 0.0000
vt 0.7452 0.2248 0.0000
vt 0.7447 0.2236 0.0000
vt 0.3971 0.5706 0.0000
vt 0.3868 0.5639 0.0000
vt 0.5615 0.6742 0.0000
vt 0.5617 0.6711 0.0000
vt 0.5646 0.6737 0.0000
vt 0.5636 0.6763 0.0000
vt 0.7452 0.2273 0.0000
vt 0.7474 0.2265 0.0000
vt 0.7720 0.2212 0.0000
vt 0.3796 0.5596 0.0000
vt 0.3804 0.5541 0.0000
vt 0.3830 0.5564 0.0000
vt 0.3821 0.5590 0.0000
vt 0.3762 0.5504 0.0000
vt 0.3819 0.5480 0.0000
vt 0.3754 0.5546 0.0000
vt 0.7386 0.2214 0.0000
vt 0.7442 0.2226 0.0000
vt 0.7325 0.2230 0.0000
vt 0.7367 0.2177 0.0000
vt 0.7316 0.2193 0.0000
vt 0.5529 0.1947 0.0000
vt 0.5475 0.1757 0.0000
vt 0.5486 0.1749 0.0000
vt 0.5531 0.1869 0.0000
vt 0.5445 0.1588 0.0000
vt 0.5434 0.1585 0.0000
vt 0.3836 0.5605 0.0000
vt 0.3825 0.5649 0.0000
vt 0.7734 0.2227 0.0000
vt 0.3930 0.5757 0.0000
vt 0.3789 0.5667 0.0000
vt 0.3955 0.5728 0.0000
vt 0.7505 0.2248 0.0000
vt 0.7493 0.2240 0.0000
vt 0.7454 0.2213 0.0000
vt 0.7495 0.2217 0.0000
vt 0.7494 0.2226 0.0000
vt 0.7453 0.2201 0.0000
vt 0.7432 0.2196 0.0000
vt 0.7465 0.2182 0.0000
vt 0.7447 0.2164 0.0000
vt 0.7415 0.2167 0.0000
vt 0.3506 0.5364 0.0000
vt 0.3540 0.5429 0.0000
vt 0.3491 0.5457 0.0000
vt 0.3505 0.5366 0.0000
vt 0.3645 0.5491 0.0000
vt 0.3640 0.5536 0.0000
vt 0.9537 0.7812 0.0000
vt 0.9535 0.7806 0.0000
vt 0.9661 0.7772 0.0000
vt 0.9723 0.7760 0.0000
vt 0.9743 0.7737 0.0000
vt 0.9784 0.7733 0.0000
vt 0.9796 0.7739 0.0000
vt 0.9634 0.7759 0.0000
vt 0.8179 0.8389 0.0000
vt 0.8160 0.8416 0.0000
vt 0.8090 0.8380 0.0000
vt 0.8110 0.8315 0.0000
vt 0.8161 0.8301 0.0000
vt 0.8202 0.8374 0.0000
vt 0.8098 0.8232 0.0000
vt 0.8144 0.8227 0.0000
vt 0.8012 0.8341 0.0000
vt 0.8029 0.8298 0.0000
vt 0.8040 0.8236 0.0000
vt 0.3517 0.5326 0.0000
vt 0.3563 0.5395 0.0000
vt 0.3556 0.5409 0.0000
vt 0.3510 0.5354 0.0000
vt 0.9099 0.7690 0.0000
vt 0.9295 0.7650 0.0000
vt 0.9337 0.7747 0.0000
vt 0.9132 0.7806 0.0000
vt 0.9430 0.7943 0.0000
vt 0.9396 0.7761 0.0000
vt 0.9462 0.7894 0.0000
vt 0.3194 0.8473 0.0000
vt 0.3140 0.8541 0.0000
vt 0.3147 0.8510 0.0000
vt 0.3179 0.8443 0.0000
vt 0.3099 0.8548 0.0000
vt 0.3110 0.8528 0.0000
vt 0.3212 0.8476 0.0000
vt 0.3158 0.8541 0.0000
vt 0.3328 0.5455 0.0000
vt 0.3383 0.5487 0.0000
vt 0.3369 0.5522 0.0000
vt 0.3308 0.5472 0.0000
vt 0.3339 0.5598 0.0000
vt 0.3246 0.5549 0.0000
vt 0.3479 0.8725 0.0000
vt 0.3459 0.8742 0.0000
vt 0.3441 0.8742 0.0000
vt 0.3460 0.8710 0.0000
vt 0.3458 0.8762 0.0000
vt 0.3490 0.8740 0.0000
vt 0.3409 0.8768 0.0000
vt 0.3099 0.8521 0.0000
vt 0.3138 0.8479 0.0000
vt 0.3058 0.8533 0.0000
vt 0.3029 0.8479 0.0000
vt 0.3069 0.8486 0.0000
vt 0.3087 0.8505 0.0000
vt 0.3040 0.8509 0.0000
vt 0.3079 0.8451 0.0000
vt 0.3111 0.8464 0.0000
vt 0.3035 0.8426 0.0000
vt 0.3348 0.8668 0.0000
vt 0.3344 0.8693 0.0000
vt 0.3320 0.8694 0.0000
vt 0.3315 0.8657 0.0000
vt 0.3361 0.8708 0.0000
vt 0.3375 0.8681 0.0000
vt 0.3339 0.8721 0.0000
vt 0.3165 0.8549 0.0000
vt 0.3137 0.8590 0.0000
vt 0.3111 0.8578 0.0000
vt 0.3205 0.8562 0.0000
vt 0.3190 0.8606 0.0000
vt 0.3194 0.8646 0.0000
vt 0.3134 0.8645 0.0000
vt 0.9370 0.5819 0.0000
vt 0.9336 0.5902 0.0000
vt 0.9297 0.5871 0.0000
vt 0.9349 0.5773 0.0000
vt 0.9270 0.5843 0.0000
vt 0.9311 0.5762 0.0000
vt 0.5405 0.1036 0.0000
vt 0.5429 0.1054 0.0000
vt 0.5407 0.1086 0.0000
vt 0.5395 0.1071 0.0000
vt 0.5448 0.1095 0.0000
vt 0.5426 0.1114 0.0000
vt 0.5464 0.1044 0.0000
vt 0.5480 0.1062 0.0000
vt 0.5502 0.0998 0.0000
vt 0.5527 0.1027 0.0000
vt 0.5486 0.0976 0.0000
vt 0.8526 0.7759 0.0000
vt 0.8485 0.7686 0.0000
vt 0.8612 0.7671 0.0000
vt 0.8640 0.7760 0.0000
vt 0.8543 0.7876 0.0000
vt 0.8435 0.7839 0.0000
vt 0.7664 0.5941 0.0000
vt 0.7755 0.5974 0.0000
vt 0.7877 0.6019 0.0000
vt 0.2988 0.8413 0.0000
vt 0.2986 0.8369 0.0000
vt 0.3039 0.8357 0.0000
vt 0.3116 0.8322 0.0000
vt 0.3090 0.8391 0.0000
vt 0.3077 0.8299 0.0000
vt 0.3019 0.8325 0.0000
vt 0.2981 0.8338 0.0000
vt 0.3050 0.8281 0.0000
vt 0.7269 0.0090 0.0000
vt 0.7243 0.0071 0.0000
vt 0.7299 0.0052 0.0000
vt 0.7310 0.0096 0.0000
vt 0.5695 0.2922 0.0000
vt 0.5737 0.2923 0.0000
vt 0.5757 0.2981 0.0000
vt 0.5669 0.2996 0.0000
vt 0.5666 0.3049 0.0000
vt 0.5726 0.3027 0.0000
vt 0.5803 0.2949 0.0000
vt 0.5763 0.2913 0.0000
vt 0.5375 0.1027 0.0000
vt 0.5407 0.0963 0.0000
vt 0.5452 0.0966 0.0000
vt 0.4382 0.8010 0.0000
vt 0.4355 0.8050 0.0000
vt 0.4343 0.8016 0.0000
vt 0.4369 0.7993 0.0000
vt 0.5559 0.0874 0.0000
vt 0.5576 0.0900 0.0000
vt 0.5427 0.0921 0.0000
vt 0.5546 0.0846 0.0000
vt 0.7764 0.6382 0.0000
vt 0.7820 0.6491 0.0000
vt 0.7768 0.6501 0.0000
vt 0.7723 0.6399 0.0000
vt 0.7874 0.6612 0.0000
vt 0.7832 0.6620 0.0000
vt 0.7795 0.6625 0.0000
vt 0.7732 0.6511 0.0000
vt 0.7690 0.6410 0.0000
vt 0.5654 0.2972 0.0000
vt 0.5664 0.2925 0.0000
vt 0.3010 0.8304 0.0000
vt 0.3023 0.8265 0.0000
vt 0.2981 0.8300 0.0000
vt 0.2990 0.8246 0.0000
vt 0.7016 0.0133 0.0000
vt 0.7030 0.0090 0.0000
vt 0.7043 0.0086 0.0000
vt 0.7028 0.0132 0.0000
vt 0.7025 0.0084 0.0000
vt 0.7004 0.0129 0.0000
vt 0.6553 0.8446 0.0000
vt 0.6549 0.8446 0.0000
vt 0.6564 0.8410 0.0000
vt 0.6571 0.8411 0.0000
vt 0.7385 0.6060 0.0000
vt 0.7435 0.6096 0.0000
vt 0.7431 0.6103 0.0000
vt 0.7381 0.6059 0.0000
vt 0.7447 0.5794 0.0000
vt 0.7442 0.5738 0.0000
vt 0.7491 0.5733 0.0000
vt 0.7477 0.5804 0.0000
vt 0.7472 0.5881 0.0000
vt 0.7422 0.5838 0.0000
vt 0.7394 0.5779 0.0000
vt 0.6966 0.0358 0.0000
vt 0.6945 0.0441 0.0000
vt 0.6883 0.0436 0.0000
vt 0.6937 0.0364 0.0000
vt 0.6888 0.0484 0.0000
vt 0.6955 0.0484 0.0000
vt 0.7158 0.5855 0.0000
vt 0.7131 0.5846 0.0000
vt 0.7041 0.5749 0.0000
vt 0.7149 0.5777 0.0000
vt 0.7105 0.5722 0.0000
vt 0.6997 0.5730 0.0000
vt 0.7007 0.5709 0.0000
vt 0.6686 0.8172 0.0000
vt 0.6659 0.8159 0.0000
vt 0.6683 0.8117 0.0000
vt 0.6713 0.8146 0.0000
vt 0.6639 0.8110 0.0000
vt 0.6665 0.8084 0.0000
vt 0.7161 0.5743 0.0000
vt 0.6795 0.0465 0.0000
vt 0.6809 0.0496 0.0000
vt 0.9018 0.6205 0.0000
vt 0.9058 0.6223 0.0000
vt 0.9013 0.6269 0.0000
vt 0.8970 0.6255 0.0000
vt 0.8914 0.6276 0.0000
vt 0.8991 0.6199 0.0000
vt 0.8948 0.6289 0.0000
vt 0.8912 0.6293 0.0000
vt 0.9002 0.6302 0.0000
vt 0.6619 0.8141 0.0000
vt 0.6596 0.8042 0.0000
vt 0.6623 0.8032 0.0000
vt 0.7001 0.5674 0.0000
vt 0.7105 0.5701 0.0000
vt 0.7223 0.5722 0.0000
vt 0.7246 0.5752 0.0000
vt 0.9380 0.6505 0.0000
vt 0.9335 0.6510 0.0000
vt 0.9357 0.6470 0.0000
vt 0.9381 0.6475 0.0000
vt 0.8524 0.6207 0.0000
vt 0.8538 0.6158 0.0000
vt 0.8639 0.6223 0.0000
vt 0.8604 0.6267 0.0000
vt 0.8748 0.6251 0.0000
vt 0.8665 0.6253 0.0000
vt 0.8754 0.6227 0.0000
vt 0.8964 0.6196 0.0000
vt 0.8888 0.6273 0.0000
vt 0.8876 0.6302 0.0000
vt 0.6210 0.9555 0.0000
vt 0.6230 0.9503 0.0000
vt 0.6246 0.9505 0.0000
vt 0.6241 0.9551 0.0000
vt 0.8843 0.6292 0.0000
vt 0.8877 0.6290 0.0000
vt 0.7499 0.5392 0.0000
vt 0.7404 0.5369 0.0000
vt 0.7446 0.5354 0.0000
vt 0.7530 0.5375 0.0000
vt 0.6004 0.6350 0.0000
vt 0.6020 0.6337 0.0000
vt 0.6088 0.6416 0.0000
vt 0.6065 0.6433 0.0000
vt 0.6177 0.6527 0.0000
vt 0.6147 0.6538 0.0000
vt 0.6098 0.6442 0.0000
vt 0.6126 0.6425 0.0000
vt 0.6119 0.6543 0.0000
vt 0.6162 0.9593 0.0000
vt 0.6064 0.9680 0.0000
vt 0.6045 0.9644 0.0000
vt 0.6169 0.9544 0.0000
vt 0.5522 0.6257 0.0000
vt 0.5517 0.6236 0.0000
vt 0.5549 0.6223 0.0000
vt 0.5566 0.6250 0.0000
vt 0.0218 0.7986 0.0000
vt 0.0190 0.7981 0.0000
vt 0.0171 0.7953 0.0000
vt 0.0200 0.7940 0.0000
vt 0.0205 0.8037 0.0000
vt 0.0243 0.8060 0.0000
vt 0.0438 0.8552 0.0000
vt 0.0449 0.8533 0.0000
vt 0.0487 0.8529 0.0000
vt 0.0494 0.8560 0.0000
vt 0.0417 0.8485 0.0000
vt 0.0383 0.8485 0.0000
vt 0.0463 0.8487 0.0000
vt 0.5828 0.6174 0.0000
vt 0.5845 0.6180 0.0000
vt 0.5859 0.6205 0.0000
vt 0.5837 0.6197 0.0000
vt 0.5871 0.6192 0.0000
vt 0.5874 0.6208 0.0000
vt 0.0509 0.8580 0.0000
vt 0.0531 0.8552 0.0000
vt 0.0535 0.8575 0.0000
vt 0.0525 0.8524 0.0000
vt 0.8435 0.5615 0.0000
vt 0.8427 0.5649 0.0000
vt 0.8323 0.5614 0.0000
vt 0.8334 0.5577 0.0000
vt 0.8195 0.5568 0.0000
vt 0.8205 0.5537 0.0000
vt 0.1009 0.8556 0.0000
vt 0.0982 0.8535 0.0000
vt 0.1121 0.8519 0.0000
vt 0.1142 0.8550 0.0000
vt 0.1228 0.8483 0.0000
vt 0.1247 0.8495 0.0000
vt 0.3960 0.9904 0.0000
vt 0.3961 0.9868 0.0000
vt 0.3985 0.9867 0.0000
vt 0.3975 0.9892 0.0000
vt 0.5845 0.9862 0.0000
vt 0.5808 0.9847 0.0000
vt 0.5824 0.9812 0.0000
vt 0.5876 0.9849 0.0000
vt 0.3969 0.9838 0.0000
vt 0.3899 0.9861 0.0000
vt 0.3912 0.9841 0.0000
vt 0.4000 0.9874 0.0000
vt 0.3971 0.9819 0.0000
vt 0.4013 0.9807 0.0000
vt 0.4020 0.9818 0.0000
vt 0.5675 0.9838 0.0000
vt 0.5704 0.9841 0.0000
vt 0.4003 0.9905 0.0000
vt 0.5788 0.9806 0.0000
vt 0.5758 0.9815 0.0000
vt 0.5790 0.9782 0.0000
vt 0.5840 0.9777 0.0000
vt 0.5678 0.9812 0.0000
vt 0.5762 0.9777 0.0000
vt 0.1351 0.8440 0.0000
vt 0.1364 0.8450 0.0000
vt 0.1464 0.8377 0.0000
vt 0.1469 0.8382 0.0000
vt 0.8552 0.5640 0.0000
vt 0.8537 0.5685 0.0000
vt 0.8659 0.5685 0.0000
vt 0.8649 0.5726 0.0000
vt 0.1043 0.7788 0.0000
vt 0.1017 0.7725 0.0000
vt 0.1037 0.7743 0.0000
vt 0.1072 0.7810 0.0000
vt 0.0940 0.7711 0.0000
vt 0.0946 0.7644 0.0000
vt 0.1808 0.8182 0.0000
vt 0.1766 0.8178 0.0000
vt 0.1870 0.8113 0.0000
vt 0.1883 0.8154 0.0000
vt 0.5636 0.9823 0.0000
vt 0.5682 0.9828 0.0000
vt 0.9042 0.5782 0.0000
vt 0.9120 0.5795 0.0000
vt 0.9090 0.5817 0.0000
vt 0.9026 0.5795 0.0000
vt 0.1907 0.8023 0.0000
vt 0.1997 0.8061 0.0000
vt 0.1970 0.8103 0.0000
vt 0.1875 0.8059 0.0000
vt 0.5635 0.9807 0.0000
vt 0.5718 0.9774 0.0000
vt 0.1817 0.8101 0.0000
vt 0.1820 0.7767 0.0000
vt 0.1809 0.7709 0.0000
vt 0.1849 0.7716 0.0000
vt 0.1839 0.7751 0.0000
vt 0.1522 0.7680 0.0000
vt 0.1480 0.7693 0.0000
vt 0.1492 0.7623 0.0000
vt 0.1545 0.7630 0.0000
vt 0.1542 0.7711 0.0000
vt 0.1495 0.7747 0.0000
vt 0.1587 0.7654 0.0000
vt 0.1666 0.7836 0.0000
vt 0.1707 0.7741 0.0000
vt 0.1749 0.7766 0.0000
vt 0.1704 0.7864 0.0000
vt 0.1768 0.7849 0.0000
vt 0.1735 0.7903 0.0000
vt 0.1785 0.7811 0.0000
vt 0.1770 0.7735 0.0000
vt 0.1094 0.7607 0.0000
vt 0.1178 0.7699 0.0000
vt 0.1083 0.7333 0.0000
vt 0.1214 0.7383 0.0000
vt 0.0993 0.7510 0.0000
vt 0.1176 0.7143 0.0000
vt 0.1306 0.7197 0.0000
vt 0.1046 0.7059 0.0000
vt 0.0953 0.7225 0.0000
vt 0.0865 0.7386 0.0000
vt 0.0830 0.7145 0.0000
vt 0.0738 0.7316 0.0000
vt 0.0812 0.7544 0.0000
vt 0.0691 0.7505 0.0000
vt 0.0795 0.7683 0.0000
vt 0.0675 0.7656 0.0000
vt 0.0697 0.7774 0.0000
vt 0.0819 0.7793 0.0000
vt 0.0945 0.7828 0.0000
vt 0.1064 0.7829 0.0000
vt 0.0844 0.7875 0.0000
vt 0.0971 0.7900 0.0000
vt 0.1104 0.7892 0.0000
vt 0.1161 0.7863 0.0000
vt 0.1101 0.7818 0.0000
vt 0.1123 0.7947 0.0000
vt 0.0998 0.7964 0.0000
vt 0.1197 0.7924 0.0000
vt 0.1249 0.7835 0.0000
vt 0.1284 0.7899 0.0000
vt 0.1229 0.7981 0.0000
vt 0.1140 0.8002 0.0000
vt 0.1320 0.7959 0.0000
vt 0.1381 0.7861 0.0000
vt 0.1412 0.7925 0.0000
vt 0.1267 0.8046 0.0000
vt 0.1363 0.8024 0.0000
vt 0.1454 0.7982 0.0000
vt 0.1485 0.7886 0.0000
vt 0.1527 0.7943 0.0000
vt 0.1416 0.8089 0.0000
vt 0.1504 0.8041 0.0000
vt 0.1568 0.7975 0.0000
vt 0.1575 0.7881 0.0000
vt 0.1619 0.7913 0.0000
vt 0.1554 0.8083 0.0000
vt 0.1614 0.8009 0.0000
vt 0.1659 0.7932 0.0000
vt 0.1702 0.7961 0.0000
vt 0.1663 0.8031 0.0000
vt 0.1753 0.7990 0.0000
vt 0.1714 0.8054 0.0000
vt 0.1775 0.7939 0.0000
vt 0.1800 0.7894 0.0000
vt 0.1832 0.7983 0.0000
vt 0.1808 0.8025 0.0000
vt 0.1853 0.7938 0.0000
vt 0.1948 0.7944 0.0000
vt 0.1927 0.7984 0.0000
vt 0.1873 0.7898 0.0000
vt 0.1820 0.7854 0.0000
vt 0.1890 0.7861 0.0000
vt 0.1839 0.7823 0.0000
vt 0.1802 0.7791 0.0000
vt 0.1854 0.7796 0.0000
vt 0.1791 0.7718 0.0000
vt 0.1838 0.7623 0.0000
vt 0.1864 0.7632 0.0000
vt 0.1810 0.7617 0.0000
vt 0.1872 0.7492 0.0000
vt 0.1903 0.7503 0.0000
vt 0.1843 0.7483 0.0000
vt 0.1789 0.7614 0.0000
vt 0.1811 0.7473 0.0000
vt 0.1753 0.7600 0.0000
vt 0.1779 0.7464 0.0000
vt 0.1725 0.7588 0.0000
vt 0.1679 0.7716 0.0000
vt 0.1652 0.7697 0.0000
vt 0.1693 0.7578 0.0000
vt 0.1602 0.7783 0.0000
vt 0.1635 0.7806 0.0000
vt 0.1547 0.7841 0.0000
vt 0.1571 0.7748 0.0000
vt 0.1515 0.7795 0.0000
vt 0.1460 0.7824 0.0000
vt 0.1435 0.7770 0.0000
vt 0.1357 0.7802 0.0000
vt 0.1337 0.7741 0.0000
vt 0.1427 0.7711 0.0000
vt 0.1213 0.7768 0.0000
vt 0.1335 0.7658 0.0000
vt 0.1327 0.7559 0.0000
vt 0.1451 0.7528 0.0000
vt 0.1430 0.7629 0.0000
vt 0.1380 0.7393 0.0000
vt 0.1496 0.7398 0.0000
vt 0.1448 0.7226 0.0000
vt 0.1561 0.7251 0.0000
vt 0.1520 0.7063 0.0000
vt 0.1632 0.7099 0.0000
vt 0.1384 0.7023 0.0000
vt 0.1443 0.6861 0.0000
vt 0.1580 0.6908 0.0000
vt 0.1254 0.6970 0.0000
vt 0.1302 0.6802 0.0000
vt 0.1112 0.6909 0.0000
vt 0.1155 0.6762 0.0000
vt 0.0955 0.6841 0.0000
vt 0.1005 0.6723 0.0000
vt 0.0906 0.6989 0.0000
vt 0.0823 0.6824 0.0000
vt 0.0766 0.6970 0.0000
vt 0.0703 0.7119 0.0000
vt 0.0687 0.6962 0.0000
vt 0.0621 0.7110 0.0000
vt 0.0630 0.7283 0.0000
vt 0.0551 0.7276 0.0000
vt 0.0583 0.7481 0.0000
vt 0.0501 0.7463 0.0000
vt 0.0559 0.7635 0.0000
vt 0.0467 0.7618 0.0000
vt 0.0576 0.7759 0.0000
vt 0.0469 0.7742 0.0000
vt 0.0596 0.7844 0.0000
vt 0.0480 0.7827 0.0000
vt 0.0720 0.7856 0.0000
vt 0.0615 0.7908 0.0000
vt 0.0742 0.7924 0.0000
vt 0.0870 0.7944 0.0000
vt 0.0764 0.7985 0.0000
vt 0.0894 0.8004 0.0000
vt 0.1029 0.8018 0.0000
vt 0.0922 0.8062 0.0000
vt 0.1056 0.8073 0.0000
vt 0.1170 0.8059 0.0000
vt 0.1089 0.8132 0.0000
vt 0.1208 0.8124 0.0000
vt 0.1314 0.8109 0.0000
vt 0.1254 0.8188 0.0000
vt 0.1367 0.8174 0.0000
vt 0.1463 0.8131 0.0000
vt 0.1412 0.8228 0.0000
vt 0.1516 0.8182 0.0000
vt 0.1605 0.8103 0.0000
vt 0.1564 0.8212 0.0000
vt 0.1657 0.8131 0.0000
vt 0.1594 0.8225 0.0000
vt 0.1705 0.8142 0.0000
vt 0.1767 0.8075 0.0000
vt 0.1740 0.8159 0.0000
vt 0.1647 0.8224 0.0000
vt 0.1680 0.8233 0.0000
vt 0.1579 0.8294 0.0000
vt 0.1529 0.8300 0.0000
vt 0.1586 0.8305 0.0000
vt 0.1705 0.8238 0.0000
vt 0.1592 0.8309 0.0000
vt 0.1680 0.8258 0.0000
vt 0.8930 0.5745 0.0000
vt 0.8947 0.5733 0.0000
vt 0.8787 0.5733 0.0000
vt 0.8800 0.5717 0.0000
vt 0.8916 0.5776 0.0000
vt 0.9020 0.5814 0.0000
vt 0.8906 0.5809 0.0000
vt 0.9014 0.5837 0.0000
vt 0.9079 0.5827 0.0000
vt 0.9083 0.5847 0.0000
vt 0.3848 0.9825 0.0000
vt 0.3864 0.9809 0.0000
vt 0.3918 0.9824 0.0000
vt 0.5661 0.9829 0.0000
vt 0.5622 0.9835 0.0000
vt 0.9080 0.5873 0.0000
vt 0.9009 0.5869 0.0000
vt 0.3835 0.9840 0.0000
vt 0.9068 0.5908 0.0000
vt 0.9001 0.5900 0.0000
vt 0.5930 0.9896 0.0000
vt 0.5898 0.9916 0.0000
vt 0.9050 0.5950 0.0000
vt 0.8985 0.5942 0.0000
vt 0.5925 0.9825 0.0000
vt 0.5974 0.9867 0.0000
vt 0.6000 0.9782 0.0000
vt 0.6046 0.9820 0.0000
vt 0.5959 0.9750 0.0000
vt 0.5879 0.9793 0.0000
vt 0.5927 0.9731 0.0000
vt 0.6016 0.9632 0.0000
vt 0.5900 0.9716 0.0000
vt 0.5993 0.9611 0.0000
vt 0.5868 0.9704 0.0000
vt 0.5969 0.9594 0.0000
vt 0.5841 0.9694 0.0000
vt 0.5949 0.9574 0.0000
vt 0.5825 0.9675 0.0000
vt 0.2118 0.8098 0.0000
vt 0.2093 0.8118 0.0000
vt 0.2137 0.8069 0.0000
vt 0.2262 0.8116 0.0000
vt 0.2251 0.8147 0.0000
vt 0.2020 0.8025 0.0000
vt 0.2042 0.7989 0.0000
vt 0.2153 0.8037 0.0000
vt 0.2063 0.7954 0.0000
vt 0.2171 0.8002 0.0000
vt 0.1968 0.7907 0.0000
vt 0.2082 0.7918 0.0000
vt 0.1988 0.7869 0.0000
vt 0.1906 0.7826 0.0000
vt 0.2006 0.7832 0.0000
vt 0.1921 0.7790 0.0000
vt 0.1869 0.7767 0.0000
vt 0.1891 0.7730 0.0000
vt 0.1940 0.7747 0.0000
vt 0.1934 0.7661 0.0000
vt 0.1976 0.7680 0.0000
vt 0.1897 0.7646 0.0000
vt 0.1966 0.7525 0.0000
vt 0.2004 0.7541 0.0000
vt 0.1929 0.7512 0.0000
vt 0.1993 0.7376 0.0000
vt 0.2031 0.7389 0.0000
vt 0.1964 0.7367 0.0000
vt 0.2024 0.7225 0.0000
vt 0.2053 0.7234 0.0000
vt 0.1994 0.7214 0.0000
vt 0.1934 0.7358 0.0000
vt 0.1963 0.7204 0.0000
vt 0.1903 0.7349 0.0000
vt 0.1932 0.7194 0.0000
vt 0.1872 0.7339 0.0000
vt 0.1901 0.7185 0.0000
vt 0.1841 0.7329 0.0000
vt 0.1870 0.7175 0.0000
vt 0.1809 0.7320 0.0000
vt 0.1748 0.7455 0.0000
vt 0.1776 0.7311 0.0000
vt 0.1715 0.7445 0.0000
vt 0.1661 0.7568 0.0000
vt 0.1680 0.7436 0.0000
vt 0.1627 0.7557 0.0000
vt 0.1620 0.7676 0.0000
vt 0.1638 0.7425 0.0000
vt 0.1585 0.7546 0.0000
vt 0.1574 0.7411 0.0000
vt 0.1524 0.7534 0.0000
vt 0.1638 0.7270 0.0000
vt 0.1700 0.7288 0.0000
vt 0.1705 0.7123 0.0000
vt 0.1764 0.7142 0.0000
vt 0.1768 0.6975 0.0000
vt 0.1824 0.6994 0.0000
vt 0.1698 0.6951 0.0000
vt 0.1758 0.6800 0.0000
vt 0.1825 0.6825 0.0000
vt 0.1641 0.6757 0.0000
vt 0.1691 0.6607 0.0000
vt 0.1808 0.6649 0.0000
vt 0.1548 0.6555 0.0000
vt 0.1505 0.6711 0.0000
vt 0.1400 0.6545 0.0000
vt 0.1370 0.6672 0.0000
vt 0.1250 0.6536 0.0000
vt 0.1216 0.6640 0.0000
vt 0.1098 0.6527 0.0000
vt 0.1075 0.6611 0.0000
vt 0.0968 0.6520 0.0000
vt 0.0926 0.6587 0.0000
vt 0.0873 0.6685 0.0000
vt 0.5692 0.7505 0.0000
vt 0.5608 0.7534 0.0000
vt 0.5576 0.7424 0.0000
vt 0.5654 0.7384 0.0000
vt 0.0742 0.6817 0.0000
vt 0.0786 0.6697 0.0000
vt 0.5719 0.7361 0.0000
vt 0.5622 0.7268 0.0000
vt 0.5680 0.7238 0.0000
vt 0.0626 0.6950 0.0000
vt 0.0676 0.6827 0.0000
vt 0.5730 0.7222 0.0000
vt 0.5649 0.7123 0.0000
vt 0.5696 0.7101 0.0000
vt 0.0558 0.7100 0.0000
vt 0.0511 0.7090 0.0000
vt 0.0575 0.6957 0.0000
vt 0.0488 0.7257 0.0000
vt 0.0443 0.7245 0.0000
vt 0.0436 0.7438 0.0000
vt 0.0390 0.7420 0.0000
vt 0.0394 0.7592 0.0000
vt 0.0344 0.7575 0.0000
vt 0.0386 0.7723 0.0000
vt 0.0328 0.7704 0.0000
vt 0.0391 0.7817 0.0000
vt 0.0326 0.7803 0.0000
vt 0.0400 0.7879 0.0000
vt 0.0331 0.7871 0.0000
vt 0.0494 0.7891 0.0000
vt 0.0412 0.7939 0.0000
vt 0.0511 0.7953 0.0000
vt 0.0636 0.7969 0.0000
vt 0.0530 0.8010 0.0000
vt 0.0659 0.8025 0.0000
vt 0.0790 0.8042 0.0000
vt 0.0686 0.8085 0.0000
vt 0.0819 0.8104 0.0000
vt 0.0956 0.8122 0.0000
vt 0.0852 0.8165 0.0000
vt 0.0992 0.8184 0.0000
vt 0.1127 0.8187 0.0000
vt 0.1037 0.8254 0.0000
vt 0.1177 0.8256 0.0000
vt 0.1302 0.8247 0.0000
vt 0.1226 0.8318 0.0000
vt 0.1351 0.8307 0.0000
vt 0.1456 0.8260 0.0000
vt 0.1382 0.8341 0.0000
vt 0.1500 0.8288 0.0000
vt 0.1411 0.8354 0.0000
vt 0.1299 0.8398 0.0000
vt 0.1262 0.8360 0.0000
vt 0.1332 0.8412 0.0000
vt 0.1442 0.8364 0.0000
vt 0.1353 0.8422 0.0000
vt 0.1461 0.8369 0.0000
vt 0.1232 0.8461 0.0000
vt 0.1184 0.8438 0.0000
vt 0.1104 0.8484 0.0000
vt 0.1023 0.8444 0.0000
vt 0.0955 0.8500 0.0000
vt 0.0906 0.8458 0.0000
vt 0.0812 0.8504 0.0000
vt 0.0777 0.8454 0.0000
vt 0.0844 0.8536 0.0000
vt 0.0688 0.8530 0.0000
vt 0.0667 0.8490 0.0000
vt 0.0702 0.8562 0.0000
vt 0.0851 0.8562 0.0000
vt 0.8059 0.5524 0.0000
vt 0.7935 0.5484 0.0000
vt 0.7943 0.5461 0.0000
vt 0.8070 0.5499 0.0000
vt 0.7924 0.5518 0.0000
vt 0.8046 0.5564 0.0000
vt 0.8175 0.5610 0.0000
vt 0.8159 0.5652 0.0000
vt 0.8029 0.5605 0.0000
vt 0.8286 0.5693 0.0000
vt 0.8304 0.5651 0.0000
vt 0.8414 0.5688 0.0000
vt 0.8404 0.5733 0.0000
vt 0.8532 0.5729 0.0000
vt 0.8521 0.5773 0.0000
vt 0.8646 0.5770 0.0000
vt 0.8636 0.5814 0.0000
vt 0.8767 0.5807 0.0000
vt 0.8757 0.5849 0.0000
vt 0.8777 0.5769 0.0000
vt 0.8898 0.5843 0.0000
vt 0.8889 0.5879 0.0000
vt 0.8876 0.5926 0.0000
vt 0.8745 0.5898 0.0000
vt 0.8857 0.5988 0.0000
vt 0.8728 0.5957 0.0000
vt 0.8960 0.6008 0.0000
vt 0.8926 0.6085 0.0000
vt 0.8827 0.6056 0.0000
vt 0.6139 0.9761 0.0000
vt 0.6192 0.9816 0.0000
vt 0.6114 0.9867 0.0000
vt 0.9020 0.6010 0.0000
vt 0.6211 0.9703 0.0000
vt 0.6266 0.9773 0.0000
vt 0.6097 0.9719 0.0000
vt 0.6176 0.9652 0.0000
vt 0.6261 0.9667 0.0000
vt 0.6220 0.9613 0.0000
vt 0.6256 0.9594 0.0000
vt 0.6297 0.9642 0.0000
vt 0.6272 0.9576 0.0000
vt 0.6318 0.9624 0.0000
vt 0.6263 0.9542 0.0000
vt 0.9033 0.6355 0.0000
vt 0.9000 0.6331 0.0000
vt 0.9041 0.6328 0.0000
vt 0.8952 0.6316 0.0000
vt 0.6254 0.9504 0.0000
vt 0.6279 0.9493 0.0000
vt 0.9091 0.6347 0.0000
vt 0.9078 0.6377 0.0000
vt 0.9056 0.6288 0.0000
vt 0.9113 0.6309 0.0000
vt 0.9100 0.6242 0.0000
vt 0.9150 0.6266 0.0000
vt 0.9157 0.6186 0.0000
vt 0.9201 0.6216 0.0000
vt 0.9119 0.6163 0.0000
vt 0.9187 0.6091 0.0000
vt 0.9222 0.6119 0.0000
vt 0.9156 0.6064 0.0000
vt 0.9082 0.6143 0.0000
vt 0.9055 0.6125 0.0000
vt 0.9127 0.6040 0.0000
vt 0.9037 0.6111 0.0000
vt 0.9112 0.6024 0.0000
vt 0.2573 0.8352 0.0000
vt 0.2683 0.8412 0.0000
vt 0.2673 0.8437 0.0000
vt 0.2575 0.8379 0.0000
vt 0.8942 0.6179 0.0000
vt 0.9005 0.6108 0.0000
vt 0.2582 0.8324 0.0000
vt 0.2486 0.8304 0.0000
vt 0.2482 0.8275 0.0000
vt 0.8863 0.6265 0.0000
vt 0.8839 0.6254 0.0000
vt 0.8908 0.6182 0.0000
vt 0.6099 0.9519 0.0000
vt 0.6123 0.9531 0.0000
vt 0.6148 0.9539 0.0000
vt 0.2490 0.8246 0.0000
vt 0.2381 0.8228 0.0000
vt 0.2376 0.8198 0.0000
vt 0.6076 0.9506 0.0000
vt 0.2501 0.8216 0.0000
vt 0.2385 0.8168 0.0000
vt 0.2512 0.8186 0.0000
vt 0.2396 0.8137 0.0000
vt 0.2274 0.8084 0.0000
vt 0.2408 0.8107 0.0000
vt 0.2288 0.8054 0.0000
vt 0.2420 0.8075 0.0000
vt 0.2302 0.8024 0.0000
vt 0.2188 0.7971 0.0000
vt 0.2321 0.7987 0.0000
vt 0.2207 0.7934 0.0000
vt 0.2103 0.7881 0.0000
vt 0.2232 0.7888 0.0000
vt 0.2128 0.7834 0.0000
vt 0.2027 0.7787 0.0000
vt 0.2164 0.7766 0.0000
vt 0.2060 0.7720 0.0000
vt 0.2228 0.7648 0.0000
vt 0.2120 0.7594 0.0000
vt 0.2044 0.7559 0.0000
vt 0.2112 0.7420 0.0000
vt 0.2185 0.7453 0.0000
vt 0.2069 0.7403 0.0000
vt 0.2127 0.7260 0.0000
vt 0.2170 0.7275 0.0000
vt 0.2089 0.7246 0.0000
vt 0.2148 0.7101 0.0000
vt 0.2187 0.7114 0.0000
vt 0.2113 0.7089 0.0000
vt 0.2204 0.6952 0.0000
vt 0.2171 0.6940 0.0000
vt 0.2143 0.6932 0.0000
vt 0.2084 0.7079 0.0000
vt 0.2114 0.6922 0.0000
vt 0.2054 0.7068 0.0000
vt 0.2083 0.6912 0.0000
vt 0.2023 0.7058 0.0000
vt 0.2053 0.6902 0.0000
vt 0.1992 0.7048 0.0000
vt 0.2022 0.6892 0.0000
vt 0.1963 0.7039 0.0000
vt 0.1990 0.6882 0.0000
vt 0.1931 0.7029 0.0000
vt 0.1958 0.6871 0.0000
vt 0.1899 0.7018 0.0000
vt 0.1838 0.7165 0.0000
vt 0.1866 0.7008 0.0000
vt 0.1805 0.7155 0.0000
vt 0.1742 0.7300 0.0000
vt 0.1925 0.6860 0.0000
vt 0.1881 0.6844 0.0000
vt 0.1942 0.6697 0.0000
vt 0.1987 0.6712 0.0000
vt 0.1883 0.6675 0.0000
vt 0.1941 0.6526 0.0000
vt 0.2001 0.6547 0.0000
vt 0.1861 0.6499 0.0000
vt 0.1918 0.6351 0.0000
vt 0.2001 0.6378 0.0000
vt 0.1807 0.6312 0.0000
vt 0.1749 0.6460 0.0000
vt 0.1700 0.6247 0.0000
vt 0.1608 0.6407 0.0000
vt 0.5332 0.8040 0.0000
vt 0.5204 0.8095 0.0000
vt 0.5184 0.8007 0.0000
vt 0.5313 0.7949 0.0000
vt 0.5168 0.7928 0.0000
vt 0.5290 0.7859 0.0000
vt 0.5469 0.7991 0.0000
vt 0.5441 0.7885 0.0000
vt 0.5413 0.7789 0.0000
vt 0.5604 0.7936 0.0000
vt 0.5570 0.7827 0.0000
vt 0.5537 0.7718 0.0000
vt 0.5716 0.7893 0.0000
vt 0.5683 0.7776 0.0000
vt 0.5645 0.7655 0.0000
vt 0.5801 0.7863 0.0000
vt 0.5767 0.7745 0.0000
vt 0.5728 0.7626 0.0000
vt 0.5837 0.7723 0.0000
vt 0.5798 0.7603 0.0000
vt 0.5759 0.7482 0.0000
vt 0.5850 0.7586 0.0000
vt 0.5811 0.7465 0.0000
vt 0.5770 0.7343 0.0000
vt 0.5850 0.7454 0.0000
vt 0.5808 0.7330 0.0000
vt 0.5769 0.7208 0.0000
vt 0.5845 0.7318 0.0000
vt 0.5806 0.7195 0.0000
vt 0.5733 0.7084 0.0000
vt 0.5771 0.7071 0.0000
vt 0.5699 0.6963 0.0000
vt 0.5733 0.6947 0.0000
vt 0.0474 0.7078 0.0000
vt 0.0534 0.6962 0.0000
vt 0.0408 0.7229 0.0000
vt 0.0373 0.7219 0.0000
vt 0.0436 0.7082 0.0000
vt 0.0355 0.7402 0.0000
vt 0.0320 0.7386 0.0000
vt 0.0271 0.7539 0.0000
vt 0.0306 0.7556 0.0000
vt 0.0285 0.7686 0.0000
vt 0.0245 0.7669 0.0000
vt 0.0277 0.7784 0.0000
vt 0.0237 0.7765 0.0000
vt 0.0277 0.7857 0.0000
vt 0.0231 0.7840 0.0000
vt 0.0282 0.7915 0.0000
vt 0.0231 0.7902 0.0000
vt 0.0341 0.7928 0.0000
vt 0.0291 0.7967 0.0000
vt 0.0352 0.7980 0.0000
vt 0.0428 0.7994 0.0000
vt 0.0371 0.8037 0.0000
vt 0.0448 0.8053 0.0000
vt 0.0554 0.8068 0.0000
vt 0.0472 0.8113 0.0000
vt 0.0581 0.8131 0.0000
vt 0.0716 0.8146 0.0000
vt 0.0616 0.8201 0.0000
vt 0.0754 0.8217 0.0000
vt 0.0893 0.8232 0.0000
vt 0.0797 0.8290 0.0000
vt 0.0940 0.8305 0.0000
vt 0.1081 0.8312 0.0000
vt 0.0975 0.8361 0.0000
vt 0.1123 0.8368 0.0000
vt 0.1017 0.8409 0.0000
vt 0.1161 0.8410 0.0000
vt 0.0879 0.8411 0.0000
vt 0.0840 0.8353 0.0000
vt 0.0743 0.8401 0.0000
vt 0.0700 0.8342 0.0000
vt 0.0609 0.8390 0.0000
vt 0.0572 0.8326 0.0000
vt 0.0640 0.8443 0.0000
vt 0.0545 0.8436 0.0000
vt 0.0518 0.8382 0.0000
vt 0.0564 0.8481 0.0000
vt 0.0483 0.8437 0.0000
vt 0.0506 0.8487 0.0000
vt 0.0580 0.8519 0.0000
vt 0.0583 0.8549 0.0000
vt 0.0574 0.8566 0.0000
vt 0.7838 0.5450 0.0000
vt 0.7850 0.5433 0.0000
vt 0.7785 0.5436 0.0000
vt 0.7826 0.5482 0.0000
vt 0.7766 0.5463 0.0000
vt 0.7749 0.5489 0.0000
vt 0.7813 0.5517 0.0000
vt 0.7910 0.5558 0.0000
vt 0.7797 0.5554 0.0000
vt 0.7894 0.5600 0.0000
vt 0.8012 0.5648 0.0000
vt 0.7875 0.5646 0.0000
vt 0.7995 0.5694 0.0000
vt 0.8144 0.5696 0.0000
vt 0.8127 0.5743 0.0000
vt 0.8270 0.5741 0.0000
vt 0.8253 0.5792 0.0000
vt 0.8389 0.5783 0.0000
vt 0.8374 0.5838 0.0000
vt 0.8506 0.5824 0.0000
vt 0.8490 0.5881 0.0000
vt 0.8623 0.5863 0.0000
vt 0.8607 0.5920 0.0000
vt 0.8474 0.5945 0.0000
vt 0.8590 0.5982 0.0000
vt 0.8708 0.6019 0.0000
vt 0.8574 0.6040 0.0000
vt 0.8688 0.6077 0.0000
vt 0.8799 0.6116 0.0000
vt 0.8775 0.6168 0.0000
vt 0.8666 0.6138 0.0000
vt 0.6316 0.9736 0.0000
vt 0.6414 0.9816 0.0000
vt 0.6389 0.9838 0.0000
vt 0.8897 0.6140 0.0000
vt 0.6359 0.9709 0.0000
vt 0.6457 0.9790 0.0000
vt 0.8809 0.6293 0.0000
vt 0.8815 0.6273 0.0000
vt 0.6388 0.9688 0.0000
vt 0.9158 0.6371 0.0000
vt 0.9255 0.6411 0.0000
vt 0.9236 0.6440 0.0000
vt 0.9143 0.6397 0.0000
vt 0.9185 0.6340 0.0000
vt 0.9273 0.6377 0.0000
vt 0.9220 0.6299 0.0000
vt 0.9297 0.6334 0.0000
vt 0.9262 0.6249 0.0000
vt 0.9330 0.6282 0.0000
vt 0.9317 0.6183 0.0000
vt 0.9377 0.6215 0.0000
vt 0.9264 0.6150 0.0000
vt 0.9383 0.6089 0.0000
vt 0.9338 0.6057 0.0000
vt 0.9301 0.6027 0.0000
vt 0.9416 0.5956 0.0000
vt 0.9379 0.5925 0.0000
vt 0.9267 0.5998 0.0000
vt 0.9234 0.5968 0.0000
vt 0.9204 0.5943 0.0000
vt 0.9187 0.5925 0.0000
vt 0.9255 0.5829 0.0000
vt 0.2798 0.8481 0.0000
vt 0.2915 0.8541 0.0000
vt 0.2930 0.8575 0.0000
vt 0.2806 0.8509 0.0000
vt 0.2904 0.8505 0.0000
vt 0.2794 0.8446 0.0000
vt 0.2689 0.8380 0.0000
vt 0.2697 0.8348 0.0000
vt 0.2805 0.8411 0.0000
vt 0.2594 0.8295 0.0000
vt 0.2606 0.8266 0.0000
vt 0.2711 0.8318 0.0000
vt 0.2620 0.8237 0.0000
vt 0.2725 0.8289 0.0000
vt 0.2636 0.8206 0.0000
vt 0.2742 0.8260 0.0000
vt 0.2525 0.8155 0.0000
vt 0.2538 0.8126 0.0000
vt 0.2651 0.8178 0.0000
vt 0.2555 0.8088 0.0000
vt 0.2669 0.8141 0.0000
vt 0.2439 0.8037 0.0000
vt 0.2576 0.8044 0.0000
vt 0.2459 0.7993 0.0000
vt 0.2345 0.7941 0.0000
vt 0.2493 0.7925 0.0000
vt 0.2380 0.7871 0.0000
vt 0.2272 0.7817 0.0000
vt 0.2444 0.7752 0.0000
vt 0.2335 0.7701 0.0000
vt 0.2411 0.7559 0.0000
vt 0.2522 0.7610 0.0000
vt 0.2297 0.7505 0.0000
vt 0.2486 0.7412 0.0000
vt 0.2366 0.7361 0.0000
vt 0.2246 0.7308 0.0000
vt 0.2312 0.7162 0.0000
vt 0.2435 0.7212 0.0000
vt 0.2229 0.7130 0.0000
vt 0.2290 0.6982 0.0000
vt 0.2375 0.7013 0.0000
vt 0.2244 0.6966 0.0000
vt 0.2307 0.6819 0.0000
vt 0.2355 0.6837 0.0000
vt 0.2265 0.6805 0.0000
vt 0.2333 0.6662 0.0000
vt 0.2373 0.6677 0.0000
vt 0.2298 0.6649 0.0000
vt 0.2232 0.6792 0.0000
vt 0.2267 0.6638 0.0000
vt 0.2204 0.6783 0.0000
vt 0.2236 0.6628 0.0000
vt 0.2173 0.6773 0.0000
vt 0.2204 0.6616 0.0000
vt 0.2143 0.6764 0.0000
vt 0.2172 0.6605 0.0000
vt 0.2112 0.6754 0.0000
vt 0.2141 0.6595 0.0000
vt 0.2082 0.6745 0.0000
vt 0.2109 0.6584 0.0000
vt 0.2051 0.6734 0.0000
vt 0.2077 0.6573 0.0000
vt 0.2019 0.6723 0.0000
vt 0.2045 0.6562 0.0000
vt 0.2107 0.6414 0.0000
vt 0.2140 0.6426 0.0000
vt 0.2063 0.6398 0.0000
vt 0.2121 0.6251 0.0000
vt 0.2167 0.6266 0.0000
vt 0.2060 0.6229 0.0000
vt 0.2176 0.6105 0.0000
vt 0.2115 0.6083 0.0000
vt 0.2033 0.6055 0.0000
vt 0.1981 0.6203 0.0000
vt 0.1919 0.6015 0.0000
vt 0.1871 0.6163 0.0000
vt 0.1809 0.5974 0.0000
vt 0.1752 0.6110 0.0000
vt 0.1708 0.5919 0.0000
vt 0.1633 0.6067 0.0000
vt 0.1601 0.6179 0.0000
vt 0.5525 0.8205 0.0000
vt 0.5390 0.8255 0.0000
vt 0.5361 0.8147 0.0000
vt 0.5496 0.8098 0.0000
vt 0.5654 0.8151 0.0000
vt 0.5629 0.8043 0.0000
vt 0.5775 0.8107 0.0000
vt 0.5746 0.8006 0.0000
vt 0.5860 0.8083 0.0000
vt 0.5831 0.7977 0.0000
vt 0.5930 0.8060 0.0000
vt 0.5903 0.7953 0.0000
vt 0.5871 0.7838 0.0000
vt 0.5957 0.7936 0.0000
vt 0.5921 0.7823 0.0000
vt 0.5886 0.7707 0.0000
vt 0.5925 0.7696 0.0000
vt 0.5961 0.7811 0.0000
vt 0.5888 0.7574 0.0000
vt 0.5963 0.7685 0.0000
vt 0.5924 0.7562 0.0000
vt 0.5885 0.7441 0.0000
vt 0.5958 0.7552 0.0000
vt 0.5918 0.7430 0.0000
vt 0.5878 0.7307 0.0000
vt 0.5952 0.7420 0.0000
vt 0.5912 0.7296 0.0000
vt 0.5840 0.7184 0.0000
vt 0.5876 0.7173 0.0000
vt 0.5806 0.7060 0.0000
vt 0.5840 0.7049 0.0000
vt 0.5765 0.6931 0.0000
vt 0.5799 0.6920 0.0000
vt 0.5723 0.6801 0.0000
vt 0.5757 0.6790 0.0000
vt 0.0341 0.7207 0.0000
vt 0.0400 0.7086 0.0000
vt 0.5677 0.6670 0.0000
vt 0.5712 0.6661 0.0000
vt 0.0289 0.7371 0.0000
vt 0.5627 0.6553 0.0000
vt 0.5664 0.6543 0.0000
vt 0.0237 0.7521 0.0000
vt 0.5584 0.6454 0.0000
vt 0.5620 0.6444 0.0000
vt 0.0207 0.7652 0.0000
vt 0.5553 0.6388 0.0000
vt 0.5588 0.6379 0.0000
vt 0.0201 0.7747 0.0000
vt 0.5562 0.6329 0.0000
vt 0.5527 0.6336 0.0000
vt 0.0194 0.7821 0.0000
vt 0.5542 0.6290 0.0000
vt 0.5504 0.6294 0.0000
vt 0.0193 0.7885 0.0000
vt 0.5491 0.6262 0.0000
vt 0.0242 0.7955 0.0000
vt 0.0262 0.8009 0.0000
vt 0.0308 0.8021 0.0000
vt 0.0286 0.8076 0.0000
vt 0.0331 0.8086 0.0000
vt 0.0393 0.8099 0.0000
vt 0.0360 0.8157 0.0000
vt 0.0421 0.8168 0.0000
vt 0.0503 0.8182 0.0000
vt 0.0453 0.8246 0.0000
vt 0.0537 0.8258 0.0000
vt 0.0657 0.8273 0.0000
vt 0.0485 0.8317 0.0000
vt 0.0426 0.8312 0.0000
vt 0.0394 0.8234 0.0000
vt 0.0458 0.8379 0.0000
vt 0.0380 0.8306 0.0000
vt 0.0412 0.8377 0.0000
vt 0.0439 0.8436 0.0000
vt 0.0368 0.8375 0.0000
vt 0.0396 0.8433 0.0000
vt 0.0358 0.8430 0.0000
vt 0.0328 0.8372 0.0000
vt 0.5796 0.6212 0.0000
vt 0.5760 0.6217 0.0000
vt 0.5731 0.6170 0.0000
vt 0.5775 0.6176 0.0000
vt 0.5802 0.6175 0.0000
vt 0.5817 0.6202 0.0000
vt 0.5842 0.6229 0.0000
vt 0.5816 0.6236 0.0000
vt 0.5859 0.6225 0.0000
vt 0.5891 0.6260 0.0000
vt 0.5868 0.6263 0.0000
vt 0.5877 0.6230 0.0000
vt 0.5910 0.6257 0.0000
vt 0.5880 0.6227 0.0000
vt 0.5913 0.6247 0.0000
vt 0.7672 0.5397 0.0000
vt 0.7710 0.5412 0.0000
vt 0.7677 0.5430 0.0000
vt 0.7638 0.5423 0.0000
vt 0.7731 0.5421 0.0000
vt 0.7705 0.5442 0.0000
vt 0.7677 0.5465 0.0000
vt 0.7639 0.5460 0.0000
vt 0.7730 0.5452 0.0000
vt 0.7713 0.5475 0.0000
vt 0.7750 0.5441 0.0000
vt 0.7688 0.5504 0.0000
vt 0.7647 0.5494 0.0000
vt 0.7734 0.5524 0.0000
vt 0.7660 0.5547 0.0000
vt 0.7714 0.5566 0.0000
vt 0.7780 0.5598 0.0000
vt 0.7694 0.5624 0.0000
vt 0.7758 0.5656 0.0000
vt 0.7851 0.5703 0.0000
vt 0.7733 0.5729 0.0000
vt 0.7824 0.5774 0.0000
vt 0.7974 0.5751 0.0000
vt 0.7949 0.5818 0.0000
vt 0.8108 0.5799 0.0000
vt 0.8086 0.5863 0.0000
vt 0.8235 0.5852 0.0000
vt 0.8218 0.5914 0.0000
vt 0.8357 0.5903 0.0000
vt 0.8342 0.5963 0.0000
vt 0.8459 0.6003 0.0000
vt 0.8330 0.6016 0.0000
vt 0.8447 0.6057 0.0000
vt 0.8558 0.6096 0.0000
vt 0.8436 0.6110 0.0000
vt 0.8309 0.6124 0.0000
vt 0.8319 0.6069 0.0000
vt 0.8426 0.6162 0.0000
vt 0.8298 0.6191 0.0000
vt 0.8412 0.6223 0.0000
vt 0.8506 0.6255 0.0000
vt 0.8399 0.6311 0.0000
vt 0.8479 0.6324 0.0000
vt 0.8534 0.6348 0.0000
vt 0.8577 0.6291 0.0000
vt 0.8571 0.6364 0.0000
vt 0.8589 0.6318 0.0000
vt 0.9400 0.6492 0.0000
vt 0.9395 0.6521 0.0000
vt 0.9471 0.6496 0.0000
vt 0.9455 0.6524 0.0000
vt 0.9417 0.6472 0.0000
vt 0.9389 0.6455 0.0000
vt 0.9398 0.6426 0.0000
vt 0.9433 0.6447 0.0000
vt 0.9351 0.6442 0.0000
vt 0.9350 0.6405 0.0000
vt 0.9416 0.6390 0.0000
vt 0.9363 0.6363 0.0000
vt 0.9393 0.6313 0.0000
vt 0.9448 0.6341 0.0000
vt 0.9437 0.6247 0.0000
vt 0.9493 0.6274 0.0000
vt 0.9492 0.6156 0.0000
vt 0.9544 0.6185 0.0000
vt 0.9436 0.6127 0.0000
vt 0.9547 0.6063 0.0000
vt 0.9495 0.6033 0.0000
vt 0.9457 0.5988 0.0000
vt 0.9524 0.5945 0.0000
vt 0.9558 0.5960 0.0000
vt 0.3169 0.8797 0.0000
vt 0.3193 0.8740 0.0000
vt 0.3211 0.8766 0.0000
vt 0.3198 0.8822 0.0000
vt 0.3226 0.8718 0.0000
vt 0.3269 0.8776 0.0000
vt 0.3205 0.8680 0.0000
vt 0.3173 0.8704 0.0000
vt 0.3134 0.8780 0.0000
vt 0.9398 0.5822 0.0000
vt 0.3250 0.8694 0.0000
vt 0.3281 0.8741 0.0000
vt 0.3244 0.8662 0.0000
vt 0.3284 0.8677 0.0000
vt 0.3299 0.8716 0.0000
vt 0.3279 0.8643 0.0000
vt 0.3237 0.8629 0.0000
vt 0.3280 0.8604 0.0000
vt 0.3240 0.8590 0.0000
vt 0.3258 0.8538 0.0000
vt 0.3292 0.8547 0.0000
vt 0.3238 0.8518 0.0000
vt 0.3300 0.8458 0.0000
vt 0.3284 0.8433 0.0000
vt 0.3219 0.8496 0.0000
vt 0.3265 0.8416 0.0000
vt 0.3248 0.8403 0.0000
vt 0.3331 0.8306 0.0000
vt 0.3312 0.8296 0.0000
vt 0.3230 0.8388 0.0000
vt 0.3282 0.8276 0.0000
vt 0.3208 0.8371 0.0000
vt 0.3251 0.8265 0.0000
vt 0.3181 0.8355 0.0000
vt 0.3219 0.8250 0.0000
vt 0.3153 0.8427 0.0000
vt 0.3128 0.8415 0.0000
vt 0.3149 0.8340 0.0000
vt 0.3186 0.8235 0.0000
vt 0.3153 0.8218 0.0000
vt 0.3233 0.8115 0.0000
vt 0.3202 0.8099 0.0000
vt 0.3119 0.8203 0.0000
vt 0.3172 0.8083 0.0000
vt 0.3139 0.8069 0.0000
vt 0.3089 0.8189 0.0000
vt 0.3056 0.8174 0.0000
vt 0.3107 0.8053 0.0000
vt 0.3019 0.8157 0.0000
vt 0.3071 0.8035 0.0000
vt 0.2978 0.8139 0.0000
vt 0.3031 0.8016 0.0000
vt 0.2950 0.8226 0.0000
vt 0.2896 0.8198 0.0000
vt 0.2929 0.8115 0.0000
vt 0.2875 0.8242 0.0000
vt 0.2937 0.8276 0.0000
vt 0.2858 0.8279 0.0000
vt 0.2928 0.8317 0.0000
vt 0.2842 0.8316 0.0000
vt 0.2921 0.8353 0.0000
vt 0.2829 0.8345 0.0000
vt 0.2918 0.8390 0.0000
vt 0.2818 0.8378 0.0000
vt 0.2912 0.8425 0.0000
vt 0.2985 0.8454 0.0000
vt 0.2906 0.8465 0.0000
vt 0.2981 0.8487 0.0000
vt 0.2984 0.8518 0.0000
vt 0.3012 0.8551 0.0000
vt 0.3077 0.8589 0.0000
vt 0.9293 0.5756 0.0000
vt 0.2762 0.8231 0.0000
vt 0.2782 0.8195 0.0000
vt 0.2806 0.8153 0.0000
vt 0.2693 0.8098 0.0000
vt 0.2730 0.8026 0.0000
vt 0.2849 0.8078 0.0000
vt 0.2612 0.7974 0.0000
vt 0.2672 0.7853 0.0000
vt 0.2794 0.7907 0.0000
vt 0.2558 0.7802 0.0000
vt 0.2634 0.7663 0.0000
vt 0.2749 0.7716 0.0000
vt 0.2712 0.7522 0.0000
vt 0.2830 0.7581 0.0000
vt 0.2599 0.7467 0.0000
vt 0.2794 0.7384 0.0000
vt 0.2677 0.7323 0.0000
vt 0.2556 0.7267 0.0000
vt 0.2754 0.7184 0.0000
vt 0.2627 0.7123 0.0000
vt 0.2497 0.7066 0.0000
vt 0.2697 0.6982 0.0000
vt 0.2564 0.6922 0.0000
vt 0.2438 0.6870 0.0000
vt 0.2628 0.6778 0.0000
vt 0.2502 0.6727 0.0000
vt 0.2421 0.6696 0.0000
vt 0.2567 0.6587 0.0000
vt 0.2486 0.6554 0.0000
vt 0.2439 0.6536 0.0000
vt 0.2548 0.6414 0.0000
vt 0.2503 0.6396 0.0000
vt 0.2461 0.6379 0.0000
vt 0.2398 0.6520 0.0000
vt 0.2424 0.6365 0.0000
vt 0.2362 0.6506 0.0000
vt 0.2396 0.6353 0.0000
vt 0.2331 0.6495 0.0000
vt 0.2363 0.6340 0.0000
vt 0.2299 0.6483 0.0000
vt 0.2331 0.6328 0.0000
vt 0.2267 0.6472 0.0000
vt 0.2297 0.6315 0.0000
vt 0.2235 0.6460 0.0000
vt 0.2266 0.6303 0.0000
vt 0.2204 0.6449 0.0000
vt 0.2233 0.6291 0.0000
vt 0.2172 0.6438 0.0000
vt 0.2200 0.6279 0.0000
vt 0.2294 0.6148 0.0000
vt 0.2259 0.6135 0.0000
vt 0.2224 0.6122 0.0000
vt 0.2323 0.5995 0.0000
vt 0.2285 0.5981 0.0000
vt 0.2236 0.5964 0.0000
vt 0.2303 0.5824 0.0000
vt 0.2353 0.5843 0.0000
vt 0.2242 0.5801 0.0000
vt 0.2176 0.5942 0.0000
vt 0.2164 0.5771 0.0000
vt 0.2097 0.5911 0.0000
vt 0.2048 0.5732 0.0000
vt 0.1991 0.5875 0.0000
vt 0.1916 0.5685 0.0000
vt 0.1868 0.5824 0.0000
vt 0.1806 0.5642 0.0000
vt 0.1756 0.5778 0.0000
vt 0.1692 0.5610 0.0000
vt 0.1645 0.5742 0.0000
vt 0.1615 0.5836 0.0000
vt 0.5665 0.8344 0.0000
vt 0.5556 0.8387 0.0000
vt 0.5552 0.8310 0.0000
vt 0.5651 0.8263 0.0000
vt 0.5793 0.8281 0.0000
vt 0.5779 0.8202 0.0000
vt 0.5905 0.8274 0.0000
vt 0.5878 0.8184 0.0000
vt 0.5952 0.8160 0.0000
vt 0.5973 0.8248 0.0000
vt 0.6004 0.8143 0.0000
vt 0.6022 0.8229 0.0000
vt 0.5984 0.8044 0.0000
vt 0.6027 0.8035 0.0000
vt 0.6045 0.8136 0.0000
vt 0.5997 0.7924 0.0000
vt 0.6035 0.7914 0.0000
vt 0.6064 0.8024 0.0000
vt 0.6000 0.7800 0.0000
vt 0.6035 0.7790 0.0000
vt 0.6070 0.7906 0.0000
vt 0.5997 0.7675 0.0000
vt 0.6032 0.7665 0.0000
vt 0.6070 0.7782 0.0000
vt 0.5992 0.7541 0.0000
vt 0.6028 0.7530 0.0000
vt 0.6069 0.7654 0.0000
vt 0.5988 0.7409 0.0000
vt 0.6065 0.7519 0.0000
vt 0.6026 0.7397 0.0000
vt 0.5985 0.7273 0.0000
vt 0.5949 0.7285 0.0000
vt 0.5913 0.7162 0.0000
vt 0.5950 0.7150 0.0000
vt 0.5877 0.7037 0.0000
vt 0.5915 0.7024 0.0000
vt 0.5836 0.6907 0.0000
vt 0.5875 0.6895 0.0000
vt 0.5794 0.6779 0.0000
vt 0.5833 0.6766 0.0000
vt 0.5750 0.6650 0.0000
vt 0.5790 0.6637 0.0000
vt 0.5703 0.6532 0.0000
vt 0.5742 0.6519 0.0000
vt 0.5658 0.6433 0.0000
vt 0.5699 0.6421 0.0000
vt 0.5629 0.6369 0.0000
vt 0.5672 0.6356 0.0000
vt 0.5604 0.6321 0.0000
vt 0.5651 0.6309 0.0000
vt 0.5632 0.6274 0.0000
vt 0.5586 0.6283 0.0000
vt 0.5615 0.6240 0.0000
vt 0.5682 0.6264 0.0000
vt 0.5665 0.6230 0.0000
vt 0.5599 0.6211 0.0000
vt 0.5650 0.6200 0.0000
vt 0.0268 0.8142 0.0000
vt 0.0305 0.8221 0.0000
vt 0.0265 0.8217 0.0000
vt 0.0232 0.8138 0.0000
vt 0.0313 0.8152 0.0000
vt 0.0348 0.8227 0.0000
vt 0.0336 0.8302 0.0000
vt 0.0297 0.8297 0.0000
vt 0.5717 0.6219 0.0000
vt 0.5702 0.6190 0.0000
vt 0.5735 0.6251 0.0000
vt 0.5781 0.6245 0.0000
vt 0.5805 0.6277 0.0000
vt 0.5754 0.6285 0.0000
vt 0.5841 0.6272 0.0000
vt 0.5870 0.6316 0.0000
vt 0.5829 0.6319 0.0000
vt 0.5901 0.6312 0.0000
vt 0.5941 0.6378 0.0000
vt 0.5903 0.6381 0.0000
vt 0.5930 0.6310 0.0000
vt 0.5974 0.6367 0.0000
vt 0.5945 0.6300 0.0000
vt 0.5953 0.6286 0.0000
vt 0.7610 0.5385 0.0000
vt 0.7593 0.5405 0.0000
vt 0.7461 0.5412 0.0000
vt 0.7559 0.5425 0.0000
vt 0.7605 0.5444 0.0000
vt 0.7504 0.5453 0.0000
vt 0.7570 0.5462 0.0000
vt 0.7609 0.5483 0.0000
vt 0.7519 0.5504 0.0000
vt 0.7572 0.5514 0.0000
vt 0.7615 0.5535 0.0000
vt 0.7540 0.5573 0.0000
vt 0.7590 0.5591 0.0000
vt 0.7641 0.5607 0.0000
vt 0.7570 0.5660 0.0000
vt 0.7619 0.5675 0.0000
vt 0.7669 0.5696 0.0000
vt 0.7590 0.5753 0.0000
vt 0.7639 0.5774 0.0000
vt 0.7707 0.5805 0.0000
vt 0.7611 0.5851 0.0000
vt 0.7682 0.5872 0.0000
vt 0.7797 0.5845 0.0000
vt 0.7776 0.5911 0.0000
vt 0.7902 0.5953 0.0000
vt 0.7925 0.5887 0.0000
vt 0.8045 0.5992 0.0000
vt 0.8066 0.5928 0.0000
vt 0.8203 0.5972 0.0000
vt 0.8188 0.6030 0.0000
vt 0.8027 0.6058 0.0000
vt 0.8174 0.6090 0.0000
vt 0.8160 0.6160 0.0000
vt 0.8147 0.6248 0.0000
vt 0.8291 0.6282 0.0000
vt 0.7146 0.6251 0.0000
vt 0.7110 0.6140 0.0000
vt 0.7257 0.6127 0.0000
vt 0.7291 0.6235 0.0000
vt 0.7363 0.6125 0.0000
vt 0.7395 0.6221 0.0000
vt 0.7337 0.6353 0.0000
vt 0.7431 0.6338 0.0000
vt 0.7467 0.6212 0.0000
vt 0.7499 0.6325 0.0000
vt 0.8474 0.6414 0.0000
vt 0.8410 0.6423 0.0000
vt 0.7522 0.6203 0.0000
vt 0.7551 0.6314 0.0000
vt 0.8512 0.6432 0.0000
vt 0.7598 0.6303 0.0000
vt 0.7568 0.6194 0.0000
vt 0.8545 0.6446 0.0000
vt 0.7642 0.6291 0.0000
vt 0.7606 0.6185 0.0000
vt 0.9561 0.6536 0.0000
vt 0.9545 0.6573 0.0000
vt 0.7669 0.6283 0.0000
vt 0.7632 0.6178 0.0000
vt 0.9488 0.6472 0.0000
vt 0.9573 0.6510 0.0000
vt 0.9510 0.6440 0.0000
vt 0.9598 0.6471 0.0000
vt 0.9457 0.6415 0.0000
vt 0.9494 0.6368 0.0000
vt 0.9543 0.6393 0.0000
vt 0.9541 0.6304 0.0000
vt 0.9591 0.6329 0.0000
vt 0.9647 0.6245 0.0000
vt 0.9595 0.6217 0.0000
vt 0.9706 0.6140 0.0000
vt 0.9649 0.6115 0.0000
vt 0.9597 0.6090 0.0000
vt 0.9695 0.6025 0.0000
vt 0.9648 0.6001 0.0000
vt 0.9602 0.5979 0.0000
vt 0.3387 0.8866 0.0000
vt 0.3467 0.8849 0.0000
vt 0.3439 0.8926 0.0000
vt 0.3336 0.8888 0.0000
vt 0.3323 0.8820 0.0000
vt 0.3253 0.8819 0.0000
vt 0.3371 0.8820 0.0000
vt 0.3434 0.8823 0.0000
vt 0.3314 0.8776 0.0000
vt 0.3359 0.8780 0.0000
vt 0.3402 0.8796 0.0000
vt 0.3322 0.8744 0.0000
vt 0.3356 0.8744 0.0000
vt 0.3387 0.8754 0.0000
vt 0.3385 0.8722 0.0000
vt 0.3416 0.8729 0.0000
vt 0.3402 0.8691 0.0000
vt 0.3432 0.8699 0.0000
vt 0.3413 0.8652 0.0000
vt 0.3447 0.8665 0.0000
vt 0.3381 0.8640 0.0000
vt 0.3427 0.8603 0.0000
vt 0.3393 0.8589 0.0000
vt 0.3350 0.8629 0.0000
vt 0.3360 0.8576 0.0000
vt 0.3316 0.8617 0.0000
vt 0.3327 0.8563 0.0000
vt 0.3386 0.8505 0.0000
vt 0.3355 0.8489 0.0000
vt 0.3331 0.8472 0.0000
vt 0.3426 0.8379 0.0000
vt 0.3399 0.8364 0.0000
vt 0.3374 0.8348 0.0000
vt 0.3465 0.8234 0.0000
vt 0.3436 0.8218 0.0000
vt 0.3355 0.8330 0.0000
vt 0.3408 0.8202 0.0000
vt 0.3377 0.8187 0.0000
vt 0.3458 0.8075 0.0000
vt 0.3431 0.8062 0.0000
vt 0.3356 0.8178 0.0000
vt 0.3409 0.8050 0.0000
vt 0.3326 0.8163 0.0000
vt 0.3380 0.8036 0.0000
vt 0.3295 0.8147 0.0000
vt 0.3349 0.8020 0.0000
vt 0.3264 0.8131 0.0000
vt 0.3320 0.8005 0.0000
vt 0.3291 0.7989 0.0000
vt 0.3384 0.7874 0.0000
vt 0.3355 0.7858 0.0000
vt 0.3261 0.7972 0.0000
vt 0.3328 0.7842 0.0000
vt 0.3232 0.7957 0.0000
vt 0.3297 0.7826 0.0000
vt 0.3271 0.7813 0.0000
vt 0.3199 0.7940 0.0000
vt 0.3171 0.7925 0.0000
vt 0.3241 0.7797 0.0000
vt 0.3135 0.7907 0.0000
vt 0.3208 0.7779 0.0000
vt 0.3097 0.7887 0.0000
vt 0.3172 0.7759 0.0000
vt 0.3131 0.7736 0.0000
vt 0.3052 0.7864 0.0000
vt 0.2984 0.7993 0.0000
vt 0.2988 0.7833 0.0000
vt 0.2916 0.7962 0.0000
vt 0.2873 0.7776 0.0000
vt 0.2951 0.7644 0.0000
vt 0.3064 0.7702 0.0000
vt 0.3142 0.7570 0.0000
vt 0.3030 0.7511 0.0000
vt 0.2911 0.7447 0.0000
vt 0.3114 0.7375 0.0000
vt 0.2996 0.7311 0.0000
vt 0.2875 0.7247 0.0000
vt 0.3080 0.7172 0.0000
vt 0.2954 0.7109 0.0000
vt 0.2826 0.7045 0.0000
vt 0.3028 0.6970 0.0000
vt 0.2896 0.6905 0.0000
vt 0.2762 0.6841 0.0000
vt 0.2968 0.6764 0.0000
vt 0.2833 0.6700 0.0000
vt 0.2691 0.6638 0.0000
vt 0.2899 0.6559 0.0000
vt 0.2756 0.6498 0.0000
vt 0.2629 0.6447 0.0000
vt 0.2819 0.6358 0.0000
vt 0.2693 0.6307 0.0000
vt 0.2615 0.6276 0.0000
vt 0.2755 0.6165 0.0000
vt 0.2681 0.6135 0.0000
vt 0.2634 0.6116 0.0000
vt 0.2569 0.6257 0.0000
vt 0.2594 0.6100 0.0000
vt 0.2528 0.6240 0.0000
vt 0.2557 0.6085 0.0000
vt 0.2492 0.6225 0.0000
vt 0.2527 0.6074 0.0000
vt 0.2462 0.6213 0.0000
vt 0.2493 0.6060 0.0000
vt 0.2428 0.6199 0.0000
vt 0.2459 0.6047 0.0000
vt 0.2395 0.6186 0.0000
vt 0.2425 0.6034 0.0000
vt 0.2361 0.6173 0.0000
vt 0.2393 0.6022 0.0000
vt 0.2329 0.6161 0.0000
vt 0.2358 0.6008 0.0000
vt 0.2458 0.5882 0.0000
vt 0.2424 0.5869 0.0000
vt 0.2390 0.5856 0.0000
vt 0.2494 0.5727 0.0000
vt 0.2460 0.5715 0.0000
vt 0.2424 0.5703 0.0000
vt 0.2525 0.5576 0.0000
vt 0.2485 0.5563 0.0000
vt 0.2373 0.5685 0.0000
vt 0.2434 0.5547 0.0000
vt 0.2311 0.5663 0.0000
vt 0.2373 0.5526 0.0000
vt 0.2297 0.5500 0.0000
vt 0.2233 0.5636 0.0000
vt 0.2177 0.5463 0.0000
vt 0.2118 0.5599 0.0000
vt 0.2045 0.5422 0.0000
vt 0.1990 0.5555 0.0000
vt 0.1920 0.5383 0.0000
vt 0.1868 0.5516 0.0000
vt 0.1807 0.5352 0.0000
vt 0.1762 0.5478 0.0000
vt 0.1692 0.5331 0.0000
vt 0.1678 0.5429 0.0000
vt 0.1631 0.5521 0.0000
vt 0.6672 0.4749 0.0000
vt 0.6634 0.4622 0.0000
vt 0.6812 0.4642 0.0000
vt 0.6827 0.4781 0.0000
vt 0.5778 0.8365 0.0000
vt 0.5704 0.8434 0.0000
vt 0.6710 0.4854 0.0000
vt 0.6844 0.4875 0.0000
vt 0.5845 0.8370 0.0000
vt 0.6857 0.4958 0.0000
vt 0.6716 0.4929 0.0000
vt 0.6994 0.5012 0.0000
vt 0.7012 0.4943 0.0000
vt 0.6725 0.4989 0.0000
vt 0.6864 0.5020 0.0000
vt 0.7000 0.5068 0.0000
vt 0.6735 0.5038 0.0000
vt 0.6869 0.5067 0.0000
vt 0.7005 0.5112 0.0000
vt 0.7010 0.5154 0.0000
vt 0.6876 0.5113 0.0000
vt 0.6076 0.8124 0.0000
vt 0.6087 0.8202 0.0000
vt 0.6057 0.8216 0.0000
vt 0.6105 0.8118 0.0000
vt 0.6109 0.8195 0.0000
vt 0.6099 0.8015 0.0000
vt 0.6135 0.8010 0.0000
vt 0.6134 0.8113 0.0000
vt 0.6105 0.7897 0.0000
vt 0.6142 0.7890 0.0000
vt 0.6174 0.8008 0.0000
vt 0.6108 0.7772 0.0000
vt 0.6146 0.7762 0.0000
vt 0.6180 0.7882 0.0000
vt 0.6108 0.7643 0.0000
vt 0.6151 0.7630 0.0000
vt 0.6189 0.7752 0.0000
vt 0.6111 0.7505 0.0000
vt 0.6165 0.7490 0.0000
vt 0.6204 0.7615 0.0000
vt 0.6126 0.7366 0.0000
vt 0.6070 0.7383 0.0000
vt 0.6089 0.7243 0.0000
vt 0.6030 0.7260 0.0000
vt 0.5995 0.7137 0.0000
vt 0.6053 0.7120 0.0000
vt 0.5958 0.7011 0.0000
vt 0.6014 0.6993 0.0000
vt 0.5919 0.6881 0.0000
vt 0.5974 0.6864 0.0000
vt 0.5879 0.6752 0.0000
vt 0.5933 0.6735 0.0000
vt 0.5837 0.6624 0.0000
vt 0.5890 0.6608 0.0000
vt 0.5790 0.6505 0.0000
vt 0.5845 0.6490 0.0000
vt 0.5749 0.6407 0.0000
vt 0.5807 0.6393 0.0000
vt 0.5722 0.6343 0.0000
vt 0.5775 0.6331 0.0000
vt 0.5701 0.6298 0.0000
vt 0.5858 0.6386 0.0000
vt 0.5904 0.6477 0.0000
vt 0.5953 0.6465 0.0000
vt 0.6001 0.6576 0.0000
vt 0.5948 0.6592 0.0000
vt 0.6046 0.6564 0.0000
vt 0.5996 0.6456 0.0000
vt 0.6084 0.6553 0.0000
vt 0.6032 0.6445 0.0000
vt 0.6133 0.6681 0.0000
vt 0.6093 0.6691 0.0000
vt 0.6171 0.6674 0.0000
vt 0.6175 0.6811 0.0000
vt 0.6212 0.6803 0.0000
vt 0.6248 0.6795 0.0000
vt 0.6200 0.6666 0.0000
vt 0.6277 0.6787 0.0000
vt 0.6230 0.6655 0.0000
vt 0.6308 0.6779 0.0000
vt 0.6261 0.6648 0.0000
vt 0.6210 0.6521 0.0000
vt 0.6245 0.6516 0.0000
vt 0.6294 0.6641 0.0000
vt 0.6198 0.6408 0.0000
vt 0.6166 0.6419 0.0000
vt 0.7439 0.5446 0.0000
vt 0.7365 0.5426 0.0000
vt 0.7367 0.5404 0.0000
vt 0.7347 0.5512 0.0000
vt 0.7418 0.5484 0.0000
vt 0.7471 0.5504 0.0000
vt 0.7379 0.5576 0.0000
vt 0.7434 0.5575 0.0000
vt 0.7494 0.5571 0.0000
vt 0.7397 0.5690 0.0000
vt 0.7471 0.5646 0.0000
vt 0.7518 0.5653 0.0000
vt 0.7543 0.5742 0.0000
vt 0.7520 0.5824 0.0000
vt 0.7565 0.5834 0.0000
vt 0.7559 0.5922 0.0000
vt 0.7518 0.5899 0.0000
vt 0.7603 0.5927 0.0000
vt 0.7577 0.6009 0.0000
vt 0.6575 0.6309 0.0000
vt 0.6520 0.6223 0.0000
vt 0.6547 0.6205 0.0000
vt 0.6626 0.6283 0.0000
vt 0.7608 0.6125 0.0000
vt 0.7523 0.5978 0.0000
vt 0.6632 0.6422 0.0000
vt 0.6696 0.6399 0.0000
vt 0.6689 0.6542 0.0000
vt 0.6758 0.6521 0.0000
vt 0.6835 0.6494 0.0000
vt 0.6813 0.6644 0.0000
vt 0.6892 0.6619 0.0000
vt 0.6938 0.6456 0.0000
vt 0.7005 0.6582 0.0000
vt 0.7064 0.6411 0.0000
vt 0.7138 0.6538 0.0000
vt 0.7204 0.6376 0.0000
vt 0.7273 0.6501 0.0000
vt 0.7392 0.6474 0.0000
vt 0.7341 0.6620 0.0000
vt 0.7451 0.6587 0.0000
vt 0.7479 0.6457 0.0000
vt 0.7531 0.6566 0.0000
vt 0.7544 0.6444 0.0000
vt 0.7593 0.6550 0.0000
vt 0.7597 0.6433 0.0000
vt 0.7645 0.6536 0.0000
vt 0.7644 0.6422 0.0000
vt 0.7690 0.6524 0.0000
vt 0.7704 0.6651 0.0000
vt 0.7750 0.6637 0.0000
vt 0.7766 0.6782 0.0000
vt 0.7811 0.6771 0.0000
vt 0.7857 0.6760 0.0000
vt 0.7869 0.6900 0.0000
vt 0.7913 0.6887 0.0000
vt 0.7889 0.6754 0.0000
vt 0.7945 0.6880 0.0000
vt 0.7929 0.6745 0.0000
vt 0.7984 0.6871 0.0000
vt 0.7978 0.6733 0.0000
vt 0.8032 0.6860 0.0000
vt 0.7922 0.6604 0.0000
vt 0.7980 0.6592 0.0000
vt 0.8034 0.6720 0.0000
vt 0.7928 0.6466 0.0000
vt 0.7870 0.6480 0.0000
vt 0.7872 0.6345 0.0000
vt 0.7813 0.6364 0.0000
vt 0.9772 0.6417 0.0000
vt 0.9907 0.6489 0.0000
vt 0.9885 0.6529 0.0000
vt 0.9747 0.6469 0.0000
vt 0.7708 0.6267 0.0000
vt 0.7755 0.6250 0.0000
vt 0.9625 0.6422 0.0000
vt 0.9723 0.6516 0.0000
vt 0.7668 0.6169 0.0000
vt 0.9657 0.6365 0.0000
vt 0.9710 0.6283 0.0000
vt 0.9813 0.6352 0.0000
vt 0.3724 0.8827 0.0000
vt 0.3773 0.8735 0.0000
vt 0.3822 0.8777 0.0000
vt 0.3780 0.8901 0.0000
vt 0.9771 0.6179 0.0000
vt 0.3758 0.8655 0.0000
vt 0.3661 0.8777 0.0000
vt 0.3672 0.8890 0.0000
vt 0.3608 0.8839 0.0000
vt 0.3650 0.8702 0.0000
vt 0.3582 0.8782 0.0000
vt 0.3529 0.8869 0.0000
vt 0.3527 0.8814 0.0000
vt 0.9747 0.6052 0.0000
vt 0.3579 0.8724 0.0000
vt 0.3526 0.8774 0.0000
vt 0.3479 0.8803 0.0000
vt 0.3496 0.8767 0.0000
vt 0.3530 0.8736 0.0000
vt 0.3448 0.8791 0.0000
vt 0.3523 0.8712 0.0000
vt 0.3575 0.8691 0.0000
vt 0.3560 0.8669 0.0000
vt 0.3507 0.8691 0.0000
vt 0.3532 0.8649 0.0000
vt 0.3481 0.8677 0.0000
vt 0.3497 0.8632 0.0000
vt 0.3462 0.8616 0.0000
vt 0.3525 0.8571 0.0000
vt 0.3487 0.8552 0.0000
vt 0.3453 0.8534 0.0000
vt 0.3540 0.8452 0.0000
vt 0.3508 0.8434 0.0000
vt 0.3419 0.8520 0.0000
vt 0.3479 0.8415 0.0000
vt 0.3452 0.8398 0.0000
vt 0.3569 0.8286 0.0000
vt 0.3536 0.8269 0.0000
vt 0.3500 0.8252 0.0000
vt 0.3592 0.8138 0.0000
vt 0.3554 0.8120 0.0000
vt 0.3518 0.8103 0.0000
vt 0.3611 0.7990 0.0000
vt 0.3575 0.7973 0.0000
vt 0.3487 0.8088 0.0000
vt 0.3546 0.7958 0.0000
vt 0.3518 0.7942 0.0000
vt 0.3617 0.7822 0.0000
vt 0.3588 0.7807 0.0000
vt 0.3493 0.7928 0.0000
vt 0.3564 0.7795 0.0000
vt 0.3472 0.7919 0.0000
vt 0.3541 0.7783 0.0000
vt 0.3441 0.7905 0.0000
vt 0.3511 0.7768 0.0000
vt 0.3413 0.7890 0.0000
vt 0.3485 0.7755 0.0000
vt 0.3458 0.7739 0.0000
vt 0.3565 0.7616 0.0000
vt 0.3538 0.7602 0.0000
vt 0.3430 0.7725 0.0000
vt 0.3512 0.7587 0.0000
vt 0.3402 0.7709 0.0000
vt 0.3484 0.7571 0.0000
vt 0.3374 0.7693 0.0000
vt 0.3459 0.7557 0.0000
vt 0.3431 0.7542 0.0000
vt 0.3354 0.7683 0.0000
vt 0.3406 0.7529 0.0000
vt 0.3322 0.7665 0.0000
vt 0.3373 0.7512 0.0000
vt 0.3288 0.7648 0.0000
vt 0.3339 0.7495 0.0000
vt 0.3254 0.7628 0.0000
vt 0.3296 0.7472 0.0000
vt 0.3213 0.7606 0.0000
vt 0.3223 0.7434 0.0000
vt 0.3379 0.7334 0.0000
vt 0.3308 0.7296 0.0000
vt 0.3198 0.7237 0.0000
vt 0.3396 0.7155 0.0000
vt 0.3282 0.7096 0.0000
vt 0.3155 0.7033 0.0000
vt 0.3361 0.6955 0.0000
vt 0.3230 0.6892 0.0000
vt 0.3098 0.6829 0.0000
vt 0.3299 0.6752 0.0000
vt 0.3167 0.6688 0.0000
vt 0.3034 0.6623 0.0000
vt 0.3239 0.6547 0.0000
vt 0.3106 0.6485 0.0000
vt 0.2963 0.6420 0.0000
vt 0.3171 0.6342 0.0000
vt 0.3030 0.6280 0.0000
vt 0.2882 0.6218 0.0000
vt 0.3093 0.6139 0.0000
vt 0.2948 0.6079 0.0000
vt 0.2820 0.6025 0.0000
vt 0.2893 0.5887 0.0000
vt 0.3017 0.5939 0.0000
vt 0.2814 0.5854 0.0000
vt 0.2741 0.5993 0.0000
vt 0.2768 0.5835 0.0000
vt 0.2697 0.5975 0.0000
vt 0.2728 0.5818 0.0000
vt 0.2657 0.5958 0.0000
vt 0.2692 0.5804 0.0000
vt 0.2621 0.5944 0.0000
vt 0.2661 0.5792 0.0000
vt 0.2591 0.5932 0.0000
vt 0.2627 0.5779 0.0000
vt 0.2557 0.5919 0.0000
vt 0.2594 0.5766 0.0000
vt 0.2524 0.5907 0.0000
vt 0.2560 0.5753 0.0000
vt 0.2491 0.5894 0.0000
vt 0.2527 0.5741 0.0000
vt 0.2629 0.5614 0.0000
vt 0.2595 0.5601 0.0000
vt 0.2560 0.5589 0.0000
vt 0.2659 0.5472 0.0000
vt 0.2623 0.5458 0.0000
vt 0.2585 0.5447 0.0000
vt 0.2654 0.5337 0.0000
vt 0.2611 0.5315 0.0000
vt 0.2576 0.5308 0.0000
vt 0.2546 0.5432 0.0000
vt 0.2522 0.5293 0.0000
vt 0.2494 0.5417 0.0000
vt 0.2433 0.5397 0.0000
vt 0.2464 0.5272 0.0000
vt 0.2355 0.5372 0.0000
vt 0.2389 0.5246 0.0000
vt 0.2237 0.5338 0.0000
vt 0.2277 0.5213 0.0000
vt 0.2139 0.5175 0.0000
vt 0.2100 0.5298 0.0000
vt 0.2005 0.5139 0.0000
vt 0.1967 0.5260 0.0000
vt 0.1878 0.5111 0.0000
vt 0.1840 0.5230 0.0000
vt 0.6333 0.4484 0.0000
vt 0.6303 0.4301 0.0000
vt 0.6486 0.4326 0.0000
vt 0.6499 0.4513 0.0000
vt 0.1730 0.5211 0.0000
vt 0.6354 0.4663 0.0000
vt 0.6497 0.4670 0.0000
vt 0.6382 0.4793 0.0000
vt 0.6540 0.4802 0.0000
vt 0.6405 0.4895 0.0000
vt 0.6562 0.4898 0.0000
vt 0.6426 0.4971 0.0000
vt 0.6575 0.4968 0.0000
vt 0.6436 0.5020 0.0000
vt 0.6584 0.5017 0.0000
vt 0.6447 0.5068 0.0000
vt 0.6596 0.5065 0.0000
vt 0.6742 0.5083 0.0000
vt 0.6606 0.5112 0.0000
vt 0.6749 0.5127 0.0000
vt 0.6883 0.5152 0.0000
vt 0.6760 0.5172 0.0000
vt 0.6892 0.5189 0.0000
vt 0.7022 0.5231 0.0000
vt 0.7015 0.5193 0.0000
vt 0.7014 0.5279 0.0000
vt 0.6901 0.5236 0.0000
vt 0.6184 0.8115 0.0000
vt 0.6149 0.8184 0.0000
vt 0.6123 0.8185 0.0000
vt 0.7137 0.5377 0.0000
vt 0.7012 0.5318 0.0000
vt 0.7152 0.5341 0.0000
vt 0.6212 0.7999 0.0000
vt 0.6241 0.8102 0.0000
vt 0.6253 0.7988 0.0000
vt 0.6274 0.8088 0.0000
vt 0.6221 0.7873 0.0000
vt 0.6273 0.7862 0.0000
vt 0.6307 0.7983 0.0000
vt 0.6239 0.7738 0.0000
vt 0.6292 0.7725 0.0000
vt 0.6325 0.7851 0.0000
vt 0.6259 0.7599 0.0000
vt 0.6342 0.7711 0.0000
vt 0.6309 0.7585 0.0000
vt 0.6224 0.7473 0.0000
vt 0.6277 0.7458 0.0000
vt 0.6189 0.7348 0.0000
vt 0.6246 0.7333 0.0000
vt 0.6154 0.7226 0.0000
vt 0.6212 0.7210 0.0000
vt 0.6175 0.7085 0.0000
vt 0.6117 0.7102 0.0000
vt 0.6134 0.6960 0.0000
vt 0.6077 0.6976 0.0000
vt 0.6092 0.6832 0.0000
vt 0.6036 0.6847 0.0000
vt 0.5993 0.6718 0.0000
vt 0.6048 0.6703 0.0000
vt 0.6136 0.6821 0.0000
vt 0.6179 0.6949 0.0000
vt 0.6219 0.6938 0.0000
vt 0.6222 0.7073 0.0000
vt 0.6264 0.7062 0.0000
vt 0.6257 0.6928 0.0000
vt 0.6303 0.7052 0.0000
vt 0.6291 0.6920 0.0000
vt 0.6335 0.7044 0.0000
vt 0.6322 0.6913 0.0000
vt 0.6367 0.7037 0.0000
vt 0.6352 0.6905 0.0000
vt 0.6401 0.7028 0.0000
vt 0.6386 0.6897 0.0000
vt 0.6436 0.7018 0.0000
vt 0.6340 0.6771 0.0000
vt 0.6423 0.6886 0.0000
vt 0.6376 0.6761 0.0000
vt 0.6330 0.6631 0.0000
vt 0.6415 0.6749 0.0000
vt 0.6369 0.6621 0.0000
vt 0.6282 0.6508 0.0000
vt 0.6322 0.6497 0.0000
vt 0.6235 0.6397 0.0000
vt 0.6273 0.6386 0.0000
vt 0.6375 0.6486 0.0000
vt 0.6329 0.6370 0.0000
vt 0.7345 0.5703 0.0000
vt 0.7279 0.5733 0.0000
vt 0.7319 0.5604 0.0000
vt 0.7267 0.5850 0.0000
vt 0.7340 0.5805 0.0000
vt 0.7337 0.5918 0.0000
vt 0.7376 0.5872 0.0000
vt 0.7350 0.5949 0.0000
vt 0.7455 0.5938 0.0000
vt 0.6518 0.6320 0.0000
vt 0.6493 0.6242 0.0000
vt 0.6508 0.6453 0.0000
vt 0.6463 0.6334 0.0000
vt 0.6570 0.6437 0.0000
vt 0.6555 0.6577 0.0000
vt 0.6624 0.6560 0.0000
vt 0.6601 0.6701 0.0000
vt 0.6673 0.6682 0.0000
vt 0.6742 0.6665 0.0000
vt 0.6721 0.6805 0.0000
vt 0.6790 0.6787 0.0000
vt 0.6862 0.6767 0.0000
vt 0.6835 0.6908 0.0000
vt 0.6906 0.6888 0.0000
vt 0.6944 0.6744 0.0000
vt 0.6991 0.6866 0.0000
vt 0.7067 0.6706 0.0000
vt 0.7122 0.6828 0.0000
vt 0.7205 0.6662 0.0000
vt 0.7266 0.6784 0.0000
vt 0.7407 0.6741 0.0000
vt 0.7322 0.6908 0.0000
vt 0.7466 0.6865 0.0000
vt 0.7517 0.6706 0.0000
vt 0.7581 0.6832 0.0000
vt 0.7594 0.6683 0.0000
vt 0.7657 0.6810 0.0000
vt 0.7652 0.6666 0.0000
vt 0.7716 0.6795 0.0000
vt 0.7718 0.6940 0.0000
vt 0.7777 0.6925 0.0000
vt 0.7825 0.6912 0.0000
vt 0.7834 0.7056 0.0000
vt 0.7881 0.7043 0.0000
vt 0.7926 0.7031 0.0000
vt 0.7930 0.7178 0.0000
vt 0.7975 0.7168 0.0000
vt 0.7970 0.7018 0.0000
vt 0.8021 0.7157 0.0000
vt 0.7999 0.7012 0.0000
vt 0.8052 0.7150 0.0000
vt 0.8037 0.7003 0.0000
vt 0.8087 0.7142 0.0000
vt 0.8083 0.6993 0.0000
vt 0.8131 0.7131 0.0000
vt 0.8136 0.6981 0.0000
vt 0.8183 0.7118 0.0000
vt 0.8088 0.6849 0.0000
vt 0.8156 0.6833 0.0000
vt 0.8205 0.6964 0.0000
vt 0.8106 0.6704 0.0000
vt 0.8196 0.6684 0.0000
vt 0.8246 0.6810 0.0000
vt 0.8151 0.6557 0.0000
vt 0.8056 0.6577 0.0000
vt 0.8109 0.6430 0.0000
vt 0.8007 0.6448 0.0000
vt 0.3883 0.8641 0.0000
vt 0.4042 0.8518 0.0000
vt 0.4029 0.8629 0.0000
vt 0.3903 0.8698 0.0000
vt 0.7949 0.6326 0.0000
vt 0.9940 0.6440 0.0000
vt 0.4041 0.8400 0.0000
vt 0.3879 0.8553 0.0000
vt 0.3858 0.8481 0.0000
vt 0.3946 0.8353 0.0000
vt 0.3740 0.8601 0.0000
vt 0.3729 0.8556 0.0000
vt 0.3808 0.8437 0.0000
vt 0.3639 0.8657 0.0000
vt 0.3634 0.8626 0.0000
vt 0.3699 0.8522 0.0000
vt 0.3607 0.8601 0.0000
vt 0.3656 0.8506 0.0000
vt 0.3566 0.8587 0.0000
vt 0.3616 0.8489 0.0000
vt 0.3578 0.8471 0.0000
vt 0.3699 0.8368 0.0000
vt 0.3664 0.8347 0.0000
vt 0.3630 0.8326 0.0000
vt 0.3756 0.8221 0.0000
vt 0.3715 0.8199 0.0000
vt 0.3599 0.8305 0.0000
vt 0.3672 0.8178 0.0000
vt 0.3631 0.8158 0.0000
vt 0.3734 0.8051 0.0000
vt 0.3690 0.8029 0.0000
vt 0.3649 0.8008 0.0000
vt 0.3757 0.7899 0.0000
vt 0.3716 0.7878 0.0000
vt 0.3679 0.7858 0.0000
vt 0.3790 0.7741 0.0000
vt 0.3757 0.7723 0.0000
vt 0.3646 0.7839 0.0000
vt 0.3724 0.7704 0.0000
vt 0.3696 0.7683 0.0000
vt 0.3807 0.7568 0.0000
vt 0.3778 0.7549 0.0000
vt 0.3668 0.7668 0.0000
vt 0.3750 0.7532 0.0000
vt 0.3644 0.7654 0.0000
vt 0.3727 0.7518 0.0000
vt 0.3706 0.7507 0.0000
vt 0.3622 0.7644 0.0000
vt 0.3676 0.7492 0.0000
vt 0.3592 0.7630 0.0000
vt 0.3649 0.7476 0.0000
vt 0.3735 0.7333 0.0000
vt 0.3765 0.7347 0.0000
vt 0.3707 0.7319 0.0000
vt 0.3622 0.7462 0.0000
vt 0.3679 0.7305 0.0000
vt 0.3595 0.7447 0.0000
vt 0.3651 0.7290 0.0000
vt 0.3568 0.7432 0.0000
vt 0.3622 0.7275 0.0000
vt 0.3542 0.7417 0.0000
vt 0.3516 0.7402 0.0000
vt 0.3597 0.7262 0.0000
vt 0.3487 0.7388 0.0000
vt 0.3568 0.7247 0.0000
vt 0.3537 0.7231 0.0000
vt 0.3454 0.7372 0.0000
vt 0.3504 0.7214 0.0000
vt 0.3421 0.7356 0.0000
vt 0.3465 0.7193 0.0000
vt 0.3591 0.7075 0.0000
vt 0.3552 0.7055 0.0000
vt 0.3480 0.7016 0.0000
vt 0.3638 0.6914 0.0000
vt 0.3562 0.6878 0.0000
vt 0.3432 0.6816 0.0000
vt 0.3628 0.6739 0.0000
vt 0.3499 0.6677 0.0000
vt 0.3368 0.6612 0.0000
vt 0.3567 0.6538 0.0000
vt 0.3437 0.6473 0.0000
vt 0.3304 0.6406 0.0000
vt 0.3505 0.6332 0.0000
vt 0.3373 0.6266 0.0000
vt 0.3233 0.6202 0.0000
vt 0.3436 0.6125 0.0000
vt 0.3298 0.6061 0.0000
vt 0.3158 0.5999 0.0000
vt 0.3362 0.5919 0.0000
vt 0.3227 0.5857 0.0000
vt 0.3095 0.5801 0.0000
vt 0.3292 0.5714 0.0000
vt 0.3177 0.5659 0.0000
vt 0.3057 0.5615 0.0000
vt 0.2970 0.5750 0.0000
vt 0.2971 0.5584 0.0000
vt 0.2888 0.5716 0.0000
vt 0.2919 0.5563 0.0000
vt 0.2841 0.5696 0.0000
vt 0.2875 0.5545 0.0000
vt 0.2800 0.5680 0.0000
vt 0.2837 0.5530 0.0000
vt 0.2763 0.5664 0.0000
vt 0.2803 0.5517 0.0000
vt 0.2730 0.5652 0.0000
vt 0.2768 0.5504 0.0000
vt 0.2697 0.5639 0.0000
vt 0.2732 0.5491 0.0000
vt 0.2663 0.5627 0.0000
vt 0.2693 0.5484 0.0000
vt 0.2704 0.5358 0.0000
vt 0.2723 0.5354 0.0000
vt 0.2681 0.5350 0.0000
vt 0.5742 0.3173 0.0000
vt 0.5723 0.3064 0.0000
vt 0.5780 0.3071 0.0000
vt 0.5789 0.3106 0.0000
vt 0.5776 0.3202 0.0000
vt 0.5800 0.3131 0.0000
vt 0.5693 0.3145 0.0000
vt 0.5669 0.3255 0.0000
vt 0.5695 0.3289 0.0000
vt 0.5858 0.3240 0.0000
vt 0.5818 0.3114 0.0000
vt 0.5730 0.3330 0.0000
vt 0.5872 0.3287 0.0000
vt 0.2570 0.5187 0.0000
vt 0.2599 0.5183 0.0000
vt 0.5736 0.3401 0.0000
vt 0.5890 0.3355 0.0000
vt 0.2536 0.5174 0.0000
vt 0.5756 0.3477 0.0000
vt 0.5912 0.3435 0.0000
vt 0.2486 0.5154 0.0000
vt 0.5779 0.3589 0.0000
vt 0.5941 0.3544 0.0000
vt 0.2411 0.5127 0.0000
vt 0.5815 0.3746 0.0000
vt 0.5984 0.3702 0.0000
vt 0.2300 0.5093 0.0000
vt 0.5861 0.3938 0.0000
vt 0.6036 0.3892 0.0000
vt 0.2166 0.5056 0.0000
vt 0.5908 0.4129 0.0000
vt 0.6093 0.4089 0.0000
vt 0.2032 0.5023 0.0000
vt 0.5936 0.4333 0.0000
vt 0.6106 0.4305 0.0000
vt 0.6246 0.4181 0.0000
vt 0.5986 0.4527 0.0000
vt 0.6158 0.4490 0.0000
vt 0.6025 0.4707 0.0000
vt 0.6194 0.4670 0.0000
vt 0.6056 0.4843 0.0000
vt 0.6222 0.4807 0.0000
vt 0.6081 0.4945 0.0000
vt 0.6249 0.4911 0.0000
vt 0.6098 0.5017 0.0000
vt 0.6266 0.4984 0.0000
vt 0.6112 0.5070 0.0000
vt 0.6279 0.5037 0.0000
vt 0.6124 0.5119 0.0000
vt 0.6290 0.5086 0.0000
vt 0.6135 0.5166 0.0000
vt 0.6302 0.5133 0.0000
vt 0.6458 0.5115 0.0000
vt 0.6312 0.5183 0.0000
vt 0.6470 0.5161 0.0000
vt 0.6617 0.5159 0.0000
vt 0.6483 0.5210 0.0000
vt 0.6633 0.5208 0.0000
vt 0.6771 0.5220 0.0000
vt 0.6647 0.5256 0.0000
vt 0.6785 0.5268 0.0000
vt 0.6905 0.5282 0.0000
vt 0.6801 0.5323 0.0000
vt 0.6922 0.5337 0.0000
vt 0.7025 0.5363 0.0000
vt 0.7055 0.5431 0.0000
vt 0.6938 0.5401 0.0000
vt 0.6338 0.8088 0.0000
vt 0.6286 0.8167 0.0000
vt 0.6256 0.8161 0.0000
vt 0.7149 0.5421 0.0000
vt 0.7171 0.5535 0.0000
vt 0.7063 0.5487 0.0000
vt 0.7184 0.5502 0.0000
vt 0.6359 0.7971 0.0000
vt 0.6393 0.8080 0.0000
vt 0.6407 0.7959 0.0000
vt 0.6424 0.8064 0.0000
vt 0.6375 0.7838 0.0000
vt 0.6420 0.7828 0.0000
vt 0.6454 0.7954 0.0000
vt 0.6388 0.7698 0.0000
vt 0.6461 0.7817 0.0000
vt 0.6430 0.7687 0.0000
vt 0.6354 0.7572 0.0000
vt 0.6396 0.7559 0.0000
vt 0.6323 0.7446 0.0000
vt 0.6365 0.7435 0.0000
vt 0.6293 0.7321 0.0000
vt 0.6336 0.7311 0.0000
vt 0.6303 0.7186 0.0000
vt 0.6260 0.7197 0.0000
vt 0.6378 0.7303 0.0000
vt 0.6343 0.7176 0.0000
vt 0.6409 0.7294 0.0000
vt 0.6373 0.7168 0.0000
vt 0.6446 0.7282 0.0000
vt 0.6409 0.7160 0.0000
vt 0.6445 0.7150 0.0000
vt 0.6483 0.7272 0.0000
vt 0.6483 0.7140 0.0000
vt 0.6522 0.7261 0.0000
vt 0.6521 0.7130 0.0000
vt 0.6562 0.7250 0.0000
vt 0.6474 0.7008 0.0000
vt 0.6513 0.6997 0.0000
vt 0.6561 0.7119 0.0000
vt 0.6463 0.6875 0.0000
vt 0.6511 0.6861 0.0000
vt 0.6562 0.6984 0.0000
vt 0.6465 0.6736 0.0000
vt 0.6529 0.6718 0.0000
vt 0.6578 0.6843 0.0000
vt 0.6419 0.6610 0.0000
vt 0.6484 0.6594 0.0000
vt 0.6443 0.6469 0.0000
vt 0.6403 0.6350 0.0000
vt 0.6649 0.6824 0.0000
vt 0.6630 0.6965 0.0000
vt 0.6700 0.6945 0.0000
vt 0.6769 0.6926 0.0000
vt 0.6750 0.7066 0.0000
vt 0.6814 0.7047 0.0000
vt 0.6877 0.7030 0.0000
vt 0.6856 0.7169 0.0000
vt 0.6917 0.7152 0.0000
vt 0.6946 0.7012 0.0000
vt 0.6985 0.7134 0.0000
vt 0.7033 0.6989 0.0000
vt 0.7076 0.7110 0.0000
vt 0.7172 0.6950 0.0000
vt 0.7220 0.7073 0.0000
vt 0.7375 0.7032 0.0000
vt 0.7265 0.7196 0.0000
vt 0.7423 0.7158 0.0000
vt 0.7521 0.6993 0.0000
vt 0.7573 0.7121 0.0000
vt 0.7640 0.6961 0.0000
vt 0.7693 0.7091 0.0000
vt 0.7775 0.7071 0.0000
vt 0.7740 0.7222 0.0000
vt 0.7820 0.7203 0.0000
vt 0.7880 0.7190 0.0000
vt 0.7858 0.7337 0.0000
vt 0.7918 0.7325 0.0000
vt 0.7968 0.7316 0.0000
vt 0.7953 0.7462 0.0000
vt 0.8000 0.7454 0.0000
vt 0.8045 0.7446 0.0000
vt 0.8014 0.7308 0.0000
vt 0.8090 0.7437 0.0000
vt 0.8059 0.7300 0.0000
vt 0.8128 0.7430 0.0000
vt 0.8094 0.7293 0.0000
vt 0.8166 0.7421 0.0000
vt 0.8130 0.7283 0.0000
vt 0.8173 0.7272 0.0000
vt 0.8211 0.7410 0.0000
vt 0.8223 0.7259 0.0000
vt 0.8262 0.7397 0.0000
vt 0.8292 0.7241 0.0000
vt 0.8329 0.7379 0.0000
vt 0.8251 0.7101 0.0000
vt 0.8345 0.7077 0.0000
vt 0.8386 0.7217 0.0000
vt 0.8297 0.6942 0.0000
vt 0.8405 0.6912 0.0000
vt 0.8452 0.7048 0.0000
vt 0.8355 0.6784 0.0000
vt 0.8468 0.6751 0.0000
vt 0.8514 0.6882 0.0000
vt 0.8423 0.6628 0.0000
vt 0.8308 0.6657 0.0000
vt 0.8386 0.6505 0.0000
vt 0.8269 0.6532 0.0000
vt 0.8346 0.6383 0.0000
vt 0.8232 0.6406 0.0000
vt 0.8519 0.6604 0.0000
vt 0.8479 0.6483 0.0000
vt 0.3894 0.8314 0.0000
vt 0.3978 0.8202 0.0000
vt 0.4018 0.8270 0.0000
vt 0.3862 0.8285 0.0000
vt 0.3946 0.8158 0.0000
vt 0.3770 0.8410 0.0000
vt 0.3733 0.8390 0.0000
vt 0.3830 0.8261 0.0000
vt 0.3793 0.8242 0.0000
vt 0.3905 0.8136 0.0000
vt 0.3866 0.8116 0.0000
vt 0.3823 0.8095 0.0000
vt 0.3933 0.7986 0.0000
vt 0.3890 0.7965 0.0000
vt 0.3779 0.8073 0.0000
vt 0.3845 0.7942 0.0000
vt 0.3800 0.7920 0.0000
vt 0.3917 0.7810 0.0000
vt 0.3873 0.7787 0.0000
vt 0.3830 0.7764 0.0000
vt 0.3954 0.7652 0.0000
vt 0.3913 0.7629 0.0000
vt 0.3875 0.7607 0.0000
vt 0.3998 0.7491 0.0000
vt 0.3964 0.7471 0.0000
vt 0.3841 0.7587 0.0000
vt 0.3932 0.7449 0.0000
vt 0.3900 0.7428 0.0000
vt 0.4021 0.7310 0.0000
vt 0.3992 0.7289 0.0000
vt 0.3871 0.7406 0.0000
vt 0.3968 0.7264 0.0000
vt 0.3843 0.7384 0.0000
vt 0.3820 0.7365 0.0000
vt 0.3797 0.7358 0.0000
vt 0.3854 0.7199 0.0000
vt 0.3935 0.7071 0.0000
vt 0.3907 0.7056 0.0000
vt 0.3823 0.7190 0.0000
vt 0.3880 0.7042 0.0000
vt 0.3794 0.7176 0.0000
vt 0.3851 0.7028 0.0000
vt 0.3764 0.7162 0.0000
vt 0.3823 0.7013 0.0000
vt 0.3735 0.7149 0.0000
vt 0.3796 0.6999 0.0000
vt 0.3709 0.7135 0.0000
vt 0.3766 0.6986 0.0000
vt 0.3682 0.7119 0.0000
vt 0.3740 0.6971 0.0000
vt 0.3654 0.7105 0.0000
vt 0.3711 0.6953 0.0000
vt 0.3623 0.7091 0.0000
vt 0.3678 0.6936 0.0000
vt 0.3756 0.6802 0.0000
vt 0.3793 0.6819 0.0000
vt 0.3714 0.6781 0.0000
vt 0.3827 0.6664 0.0000
vt 0.3780 0.6642 0.0000
vt 0.3694 0.6601 0.0000
vt 0.3846 0.6512 0.0000
vt 0.3761 0.6468 0.0000
vt 0.3634 0.6402 0.0000
vt 0.3826 0.6336 0.0000
vt 0.3699 0.6266 0.0000
vt 0.3568 0.6194 0.0000
vt 0.3764 0.6131 0.0000
vt 0.3635 0.6055 0.0000
vt 0.3499 0.5985 0.0000
vt 0.3699 0.5922 0.0000
vt 0.3563 0.5847 0.0000
vt 0.3420 0.5777 0.0000
vt 0.3612 0.5732 0.0000
vt 0.3460 0.5655 0.0000
vt 0.3639 0.5652 0.0000
vt 0.3476 0.5572 0.0000
vt 0.3648 0.5592 0.0000
vt 0.3478 0.5521 0.0000
vt 0.3782 0.5732 0.0000
vt 0.3747 0.5812 0.0000
vt 0.3916 0.5813 0.0000
vt 0.3885 0.5890 0.0000
vt 0.3826 0.5999 0.0000
vt 0.4012 0.5964 0.0000
vt 0.3955 0.6076 0.0000
vt 0.3891 0.6205 0.0000
vt 0.4055 0.6133 0.0000
vt 0.3982 0.6256 0.0000
vt 0.3914 0.6384 0.0000
vt 0.4026 0.6280 0.0000
vt 0.3959 0.6408 0.0000
vt 0.3893 0.6536 0.0000
vt 0.3995 0.6427 0.0000
vt 0.3930 0.6556 0.0000
vt 0.3865 0.6681 0.0000
vt 0.4097 0.6319 0.0000
vt 0.4030 0.6445 0.0000
vt 0.4063 0.6300 0.0000
vt 0.4166 0.6196 0.0000
vt 0.4131 0.6177 0.0000
vt 0.4095 0.6156 0.0000
vt 0.4163 0.6045 0.0000
vt 0.4202 0.6064 0.0000
vt 0.4115 0.6021 0.0000
vt 0.4159 0.5940 0.0000
vt 0.4217 0.5968 0.0000
vt 0.4051 0.5885 0.0000
vt 0.4189 0.5887 0.0000
vt 0.4075 0.5833 0.0000
vt 0.4094 0.5795 0.0000
vt 0.4210 0.5848 0.0000
vt 0.4108 0.5765 0.0000
vt 0.4225 0.5817 0.0000
vt 0.4232 0.5784 0.0000
vt 0.4115 0.5738 0.0000
vt 0.4238 0.5762 0.0000
vt 0.4127 0.5707 0.0000
vt 0.5426 0.1417 0.0000
vt 0.5392 0.1277 0.0000
vt 0.5406 0.1263 0.0000
vt 0.5433 0.1420 0.0000
vt 0.5418 0.1421 0.0000
vt 0.5381 0.1280 0.0000
vt 0.5407 0.1424 0.0000
vt 0.5377 0.1283 0.0000
vt 0.5369 0.1279 0.0000
vt 0.5396 0.1428 0.0000
vt 0.5424 0.1593 0.0000
vt 0.5413 0.1600 0.0000
vt 0.5380 0.1411 0.0000
vt 0.5444 0.1763 0.0000
vt 0.5458 0.1740 0.0000
vt 0.5481 0.1928 0.0000
vt 0.5493 0.1904 0.0000
vt 0.5548 0.2098 0.0000
vt 0.5527 0.2098 0.0000
vt 0.5572 0.2077 0.0000
vt 0.5591 0.2275 0.0000
vt 0.5615 0.2277 0.0000
vt 0.3653 0.5472 0.0000
vt 0.3653 0.5442 0.0000
vt 0.5599 0.2054 0.0000
vt 0.5569 0.2280 0.0000
vt 0.5616 0.2439 0.0000
vt 0.5638 0.2424 0.0000
vt 0.5668 0.2422 0.0000
vt 0.5685 0.2557 0.0000
vt 0.5669 0.2604 0.0000
vt 0.5712 0.2556 0.0000
vt 0.5710 0.2723 0.0000
vt 0.5686 0.2738 0.0000
vt 0.5734 0.2707 0.0000
vt 0.5759 0.2828 0.0000
vt 0.5739 0.2833 0.0000
vt 0.8832 0.7685 0.0000
vt 0.8862 0.7782 0.0000
vt 0.8679 0.7900 0.0000
vt 0.8886 0.7923 0.0000
vt 0.9142 0.7944 0.0000
vt 0.9038 0.8180 0.0000
vt 0.8851 0.8169 0.0000
vt 0.3153 0.5501 0.0000
vt 0.3223 0.5427 0.0000
vt 0.8909 0.8532 0.0000
vt 0.8765 0.8525 0.0000
vt 0.8713 0.8160 0.0000
vt 0.8666 0.8519 0.0000
vt 0.8600 0.8149 0.0000
vt 0.8580 0.8515 0.0000
vt 0.8511 0.8128 0.0000
vt 0.8502 0.8514 0.0000
vt 0.8432 0.8104 0.0000
vt 0.8350 0.7758 0.0000
vt 0.8432 0.8518 0.0000
vt 0.8377 0.8079 0.0000
vt 0.8261 0.7711 0.0000
vt 0.8361 0.8523 0.0000
vt 0.5808 0.3048 0.0000
vt 0.5786 0.3059 0.0000
vt 0.2751 0.5364 0.0000
vt 0.5718 0.2839 0.0000
vt 0.5796 0.2880 0.0000
vt 0.5661 0.2749 0.0000
vt 0.5693 0.2839 0.0000
vt 0.5627 0.2760 0.0000
vt 0.5655 0.2846 0.0000
vt 0.5616 0.2841 0.0000
vt 0.5592 0.2765 0.0000
vt 0.5645 0.2932 0.0000
vt 0.7269 0.0127 0.0000
vt 0.7274 0.0192 0.0000
vt 0.7233 0.0183 0.0000
vt 0.7232 0.0116 0.0000
vt 0.7316 0.0142 0.0000
vt 0.7324 0.0205 0.0000
vt 0.7418 0.0174 0.0000
vt 0.7420 0.0229 0.0000
vt 0.7417 0.0130 0.0000
vt 0.7565 0.0170 0.0000
vt 0.7565 0.0212 0.0000
vt 0.7566 0.0136 0.0000
vt 0.7415 0.0094 0.0000
vt 0.1137 0.5868 0.0000
vt 0.1165 0.5883 0.0000
vt 0.1048 0.6010 0.0000
vt 0.1020 0.5998 0.0000
vt 0.1025 0.6113 0.0000
vt 0.1002 0.6136 0.0000
vt 0.1110 0.5853 0.0000
vt 0.0995 0.5993 0.0000
vt 0.0990 0.6166 0.0000
vt 0.1086 0.5837 0.0000
vt 0.0970 0.5973 0.0000
vt 0.5601 0.3022 0.0000
vt 0.5594 0.2999 0.0000
vt 0.0960 0.5952 0.0000
vt 0.1061 0.5819 0.0000
vt 0.5671 0.3115 0.0000
vt 0.5594 0.3039 0.0000
vt 0.0918 0.6096 0.0000
vt 0.0926 0.5930 0.0000
vt 0.0930 0.6106 0.0000
vt 0.1035 0.5802 0.0000
vt 0.1010 0.5782 0.0000
vt 0.0902 0.5909 0.0000
vt 0.5532 0.3307 0.0000
vt 0.5513 0.3293 0.0000
vt 0.0985 0.5762 0.0000
vt 0.0879 0.5888 0.0000
vt 0.5526 0.3338 0.0000
vt 0.0958 0.5738 0.0000
vt 0.0853 0.5863 0.0000
vt 0.5549 0.3386 0.0000
vt 0.0918 0.5701 0.0000
vt 0.0813 0.5826 0.0000
vt 0.5566 0.3449 0.0000
vt 0.0875 0.5657 0.0000
vt 0.0765 0.5782 0.0000
vt 0.5585 0.3530 0.0000
vt 0.0817 0.5603 0.0000
vt 0.0742 0.5734 0.0000
vt 0.5607 0.3634 0.0000
vt 0.0707 0.5537 0.0000
vt 0.0689 0.5677 0.0000
vt 0.5639 0.3791 0.0000
vt 0.5504 0.4055 0.0000
vt 0.5452 0.3927 0.0000
vt 0.5684 0.3980 0.0000
vt 0.5549 0.4233 0.0000
vt 0.5724 0.4177 0.0000
vt 0.5591 0.4424 0.0000
vt 0.5764 0.4369 0.0000
vt 0.5631 0.4617 0.0000
vt 0.5809 0.4564 0.0000
vt 0.5678 0.4799 0.0000
vt 0.5852 0.4747 0.0000
vt 0.5713 0.4938 0.0000
vt 0.5887 0.4886 0.0000
vt 0.5738 0.5035 0.0000
vt 0.5912 0.4986 0.0000
vt 0.5757 0.5112 0.0000
vt 0.5931 0.5061 0.0000
vt 0.5770 0.5162 0.0000
vt 0.5943 0.5112 0.0000
vt 0.5781 0.5212 0.0000
vt 0.5954 0.5161 0.0000
vt 0.5792 0.5259 0.0000
vt 0.5965 0.5209 0.0000
vt 0.5974 0.5254 0.0000
vt 0.5799 0.5301 0.0000
vt 0.6145 0.5212 0.0000
vt 0.5982 0.5305 0.0000
vt 0.6155 0.5262 0.0000
vt 0.6324 0.5234 0.0000
vt 0.6165 0.5313 0.0000
vt 0.6336 0.5286 0.0000
vt 0.6496 0.5261 0.0000
vt 0.6349 0.5346 0.0000
vt 0.6515 0.5319 0.0000
vt 0.6666 0.5316 0.0000
vt 0.6534 0.5390 0.0000
vt 0.6692 0.5386 0.0000
vt 0.6822 0.5392 0.0000
vt 0.6720 0.5459 0.0000
vt 0.6847 0.5462 0.0000
vt 0.6953 0.5468 0.0000
vt 0.6866 0.5526 0.0000
vt 0.6972 0.5526 0.0000
vt 0.7078 0.5542 0.0000
vt 0.7084 0.5597 0.0000
vt 0.6987 0.5583 0.0000
vt 0.6489 0.8065 0.0000
vt 0.6445 0.8139 0.0000
vt 0.6413 0.8132 0.0000
vt 0.7174 0.5584 0.0000
vt 0.7213 0.5700 0.0000
vt 0.7087 0.5657 0.0000
vt 0.7231 0.5670 0.0000
vt 0.6494 0.7944 0.0000
vt 0.6527 0.8059 0.0000
vt 0.6530 0.7934 0.0000
vt 0.6563 0.8053 0.0000
vt 0.6499 0.7806 0.0000
vt 0.6566 0.7922 0.0000
vt 0.6538 0.7794 0.0000
vt 0.6471 0.7676 0.0000
vt 0.6508 0.7664 0.0000
vt 0.6438 0.7548 0.0000
vt 0.6476 0.7536 0.0000
vt 0.6407 0.7425 0.0000
vt 0.6445 0.7415 0.0000
vt 0.6514 0.7525 0.0000
vt 0.6482 0.7404 0.0000
vt 0.6553 0.7514 0.0000
vt 0.6519 0.7394 0.0000
vt 0.6593 0.7502 0.0000
vt 0.6559 0.7381 0.0000
vt 0.6635 0.7490 0.0000
vt 0.6601 0.7370 0.0000
vt 0.6647 0.7357 0.0000
vt 0.6682 0.7476 0.0000
vt 0.6606 0.7238 0.0000
vt 0.6665 0.7222 0.0000
vt 0.6708 0.7340 0.0000
vt 0.6616 0.7103 0.0000
vt 0.6684 0.7084 0.0000
vt 0.6733 0.7203 0.0000
vt 0.6796 0.7186 0.0000
vt 0.6774 0.7322 0.0000
vt 0.6835 0.7305 0.0000
vt 0.6895 0.7289 0.0000
vt 0.6869 0.7425 0.0000
vt 0.6928 0.7409 0.0000
vt 0.6989 0.7393 0.0000
vt 0.6955 0.7273 0.0000
vt 0.7026 0.7255 0.0000
vt 0.7063 0.7375 0.0000
vt 0.7118 0.7231 0.0000
vt 0.7158 0.7352 0.0000
vt 0.7308 0.7318 0.0000
vt 0.7195 0.7472 0.0000
vt 0.7345 0.7440 0.0000
vt 0.7467 0.7282 0.0000
vt 0.7508 0.7407 0.0000
vt 0.7621 0.7248 0.0000
vt 0.7662 0.7376 0.0000
vt 0.7780 0.7353 0.0000
vt 0.7694 0.7507 0.0000
vt 0.7813 0.7487 0.0000
vt 0.7891 0.7474 0.0000
vt 0.7838 0.7624 0.0000
vt 0.7922 0.7612 0.0000
vt 0.7984 0.7601 0.0000
vt 0.8006 0.7742 0.0000
vt 0.7943 0.7751 0.0000
vt 0.8058 0.7732 0.0000
vt 0.8033 0.7591 0.0000
vt 0.8103 0.7723 0.0000
vt 0.8077 0.7583 0.0000
vt 0.8147 0.7713 0.0000
vt 0.8121 0.7573 0.0000
vt 0.8182 0.7707 0.0000
vt 0.8158 0.7565 0.0000
vt 0.8217 0.7696 0.0000
vt 0.8198 0.7556 0.0000
vt 0.8261 0.7683 0.0000
vt 0.8244 0.7545 0.0000
vt 0.8311 0.7668 0.0000
vt 0.8295 0.7531 0.0000
vt 0.8372 0.7651 0.0000
vt 0.8361 0.7514 0.0000
vt 0.4885 0.7289 0.0000
vt 0.4955 0.7326 0.0000
vt 0.4880 0.7418 0.0000
vt 0.4798 0.7407 0.0000
vt 0.8420 0.7358 0.0000
vt 0.8445 0.7487 0.0000
vt 0.4711 0.7362 0.0000
vt 0.4731 0.7502 0.0000
vt 0.4629 0.7486 0.0000
vt 0.8496 0.7188 0.0000
vt 0.8523 0.7323 0.0000
vt 0.4462 0.7568 0.0000
vt 0.4544 0.7442 0.0000
vt 0.4561 0.7586 0.0000
vt 0.8560 0.7016 0.0000
vt 0.8594 0.7149 0.0000
vt 0.4307 0.7660 0.0000
vt 0.4388 0.7531 0.0000
vt 0.4391 0.7676 0.0000
vt 0.8609 0.6852 0.0000
vt 0.8644 0.6979 0.0000
vt 0.4178 0.7753 0.0000
vt 0.4250 0.7630 0.0000
vt 0.4241 0.7766 0.0000
vt 0.8630 0.6708 0.0000
vt 0.8673 0.6823 0.0000
vt 0.8562 0.6728 0.0000
vt 0.8584 0.6586 0.0000
vt 0.8637 0.6574 0.0000
vt 0.8687 0.6693 0.0000
vt 0.3976 0.8008 0.0000
vt 0.4004 0.8046 0.0000
vt 0.8539 0.6470 0.0000
vt 0.4006 0.7853 0.0000
vt 0.4050 0.7876 0.0000
vt 0.4126 0.7743 0.0000
vt 0.4082 0.7720 0.0000
vt 0.3962 0.7831 0.0000
vt 0.4039 0.7697 0.0000
vt 0.3995 0.7673 0.0000
vt 0.4120 0.7561 0.0000
vt 0.4077 0.7537 0.0000
vt 0.4036 0.7513 0.0000
vt 0.4165 0.7403 0.0000
vt 0.4124 0.7377 0.0000
vt 0.4088 0.7353 0.0000
vt 0.4210 0.7250 0.0000
vt 0.4170 0.7226 0.0000
vt 0.4054 0.7330 0.0000
vt 0.4135 0.7204 0.0000
vt 0.4103 0.7182 0.0000
vt 0.4216 0.7077 0.0000
vt 0.4182 0.7057 0.0000
vt 0.4072 0.7161 0.0000
vt 0.4148 0.7039 0.0000
vt 0.4044 0.7141 0.0000
vt 0.4118 0.7020 0.0000
vt 0.4202 0.6890 0.0000
vt 0.4234 0.6904 0.0000
vt 0.4173 0.6874 0.0000
vt 0.4256 0.6751 0.0000
vt 0.4285 0.6768 0.0000
vt 0.4149 0.6859 0.0000
vt 0.4230 0.6735 0.0000
vt 0.4127 0.6843 0.0000
vt 0.4209 0.6721 0.0000
vt 0.4101 0.6821 0.0000
vt 0.4178 0.6699 0.0000
vt 0.4014 0.6949 0.0000
vt 0.3988 0.6932 0.0000
vt 0.4075 0.6802 0.0000
vt 0.3961 0.6915 0.0000
vt 0.4047 0.6784 0.0000
vt 0.3935 0.6898 0.0000
vt 0.4017 0.6766 0.0000
vt 0.3909 0.6882 0.0000
vt 0.3988 0.6748 0.0000
vt 0.4085 0.6642 0.0000
vt 0.4054 0.6625 0.0000
vt 0.4154 0.6515 0.0000
vt 0.4123 0.6498 0.0000
vt 0.4094 0.6481 0.0000
vt 0.4192 0.6372 0.0000
vt 0.4160 0.6354 0.0000
vt 0.4063 0.6462 0.0000
vt 0.4129 0.6338 0.0000
vt 0.4227 0.6233 0.0000
vt 0.4198 0.6215 0.0000
vt 0.4302 0.6126 0.0000
vt 0.4269 0.6105 0.0000
vt 0.4238 0.6087 0.0000
vt 0.4303 0.5999 0.0000
vt 0.4339 0.6014 0.0000
vt 0.4260 0.5986 0.0000
vt 0.4257 0.5917 0.0000
vt 0.4286 0.5881 0.0000
vt 0.4306 0.5854 0.0000
vt 0.4311 0.5820 0.0000
vt 0.4320 0.5802 0.0000
vt 0.4371 0.5816 0.0000
vt 0.5345 0.1053 0.0000
vt 0.5366 0.1144 0.0000
vt 0.5363 0.1152 0.0000
vt 0.5343 0.1053 0.0000
vt 0.5357 0.1149 0.0000
vt 0.5341 0.1049 0.0000
vt 0.5354 0.1149 0.0000
vt 0.5340 0.1046 0.0000
vt 0.5349 0.1147 0.0000
vt 0.5316 0.0977 0.0000
vt 0.5359 0.1278 0.0000
vt 0.5347 0.1276 0.0000
vt 0.5364 0.1425 0.0000
vt 0.5323 0.1272 0.0000
vt 0.5348 0.1429 0.0000
vt 0.5370 0.1586 0.0000
vt 0.5390 0.1574 0.0000
vt 0.5388 0.1764 0.0000
vt 0.5410 0.1733 0.0000
vt 0.5436 0.1912 0.0000
vt 0.5456 0.1908 0.0000
vt 0.5483 0.2087 0.0000
vt 0.5503 0.2087 0.0000
vt 0.5528 0.2290 0.0000
vt 0.5543 0.2263 0.0000
vt 0.5568 0.2461 0.0000
vt 0.5589 0.2436 0.0000
vt 0.5639 0.2600 0.0000
vt 0.5609 0.2619 0.0000
vt 0.5543 0.2470 0.0000
vt 0.5576 0.2631 0.0000
vt 0.7281 0.0412 0.0000
vt 0.7236 0.0401 0.0000
vt 0.7237 0.0282 0.0000
vt 0.7280 0.0291 0.0000
vt 0.7336 0.0425 0.0000
vt 0.7332 0.0300 0.0000
vt 0.7423 0.0320 0.0000
vt 0.7423 0.0447 0.0000
vt 0.7562 0.0351 0.0000
vt 0.7558 0.0481 0.0000
vt 0.7564 0.0262 0.0000
vt 0.7710 0.0293 0.0000
vt 0.7707 0.0382 0.0000
vt 0.7713 0.0244 0.0000
vt 0.7863 0.0273 0.0000
vt 0.7861 0.0322 0.0000
vt 0.7866 0.0233 0.0000
vt 0.7714 0.0203 0.0000
vt 0.7867 0.0198 0.0000
vt 0.7715 0.0169 0.0000
vt 0.1354 0.5618 0.0000
vt 0.1384 0.5635 0.0000
vt 0.1282 0.5766 0.0000
vt 0.1253 0.5747 0.0000
vt 0.1324 0.5600 0.0000
vt 0.1223 0.5729 0.0000
vt 0.1295 0.5583 0.0000
vt 0.1193 0.5711 0.0000
vt 0.1268 0.5565 0.0000
vt 0.1167 0.5693 0.0000
vt 0.1240 0.5546 0.0000
vt 0.1140 0.5674 0.0000
vt 0.1212 0.5527 0.0000
vt 0.1113 0.5655 0.0000
vt 0.1183 0.5508 0.0000
vt 0.1087 0.5635 0.0000
vt 0.1151 0.5484 0.0000
vt 0.1056 0.5611 0.0000
vt 0.1106 0.5452 0.0000
vt 0.1014 0.5577 0.0000
vt 0.1052 0.5416 0.0000
vt 0.0965 0.5538 0.0000
vt 0.0982 0.5369 0.0000
vt 0.0901 0.5489 0.0000
vt 0.0887 0.5302 0.0000
vt 0.0799 0.5421 0.0000
vt 0.0771 0.5223 0.0000
vt 0.0689 0.5338 0.0000
vt 0.0600 0.5449 0.0000
vt 0.0657 0.5140 0.0000
vt 0.0580 0.5252 0.0000
vt 0.0496 0.5361 0.0000
vt 0.0545 0.5060 0.0000
vt 0.0474 0.5168 0.0000
vt 0.0399 0.5274 0.0000
vt 0.0441 0.4982 0.0000
vt 0.0369 0.5086 0.0000
vt 0.0335 0.5203 0.0000
vt 0.0352 0.4907 0.0000
vt 0.0284 0.5011 0.0000
vt 0.5503 0.4870 0.0000
vt 0.5449 0.4768 0.0000
vt 0.0237 0.4961 0.0000
vt 0.0275 0.4851 0.0000
vt 0.5536 0.4998 0.0000
vt 0.5563 0.5092 0.0000
vt 0.5385 0.5193 0.0000
vt 0.5353 0.5153 0.0000
vt 0.5582 0.5168 0.0000
vt 0.5403 0.5250 0.0000
vt 0.5593 0.5220 0.0000
vt 0.5416 0.5297 0.0000
vt 0.5604 0.5270 0.0000
vt 0.5426 0.5344 0.0000
vt 0.5613 0.5317 0.0000
vt 0.5434 0.5389 0.0000
vt 0.5620 0.5358 0.0000
vt 0.5441 0.5427 0.0000
vt 0.5628 0.5407 0.0000
vt 0.5447 0.5475 0.0000
vt 0.5807 0.5351 0.0000
vt 0.5815 0.5403 0.0000
vt 0.5634 0.5456 0.0000
vt 0.5991 0.5357 0.0000
vt 0.5824 0.5461 0.0000
vt 0.6001 0.5417 0.0000
vt 0.6176 0.5374 0.0000
vt 0.6013 0.5490 0.0000
vt 0.6190 0.5445 0.0000
vt 0.6365 0.5415 0.0000
vt 0.6206 0.5523 0.0000
vt 0.6383 0.5492 0.0000
vt 0.6556 0.5465 0.0000
vt 0.6400 0.5563 0.0000
vt 0.6580 0.5529 0.0000
vt 0.6741 0.5522 0.0000
vt 0.6595 0.5587 0.0000
vt 0.6760 0.5576 0.0000
vt 0.6884 0.5578 0.0000
vt 0.6776 0.5624 0.0000
vt 0.6903 0.5624 0.0000
vt 0.6993 0.5630 0.0000
vt 0.6910 0.5666 0.0000
vt 0.6792 0.5670 0.0000
vt 0.6916 0.5705 0.0000
vt 0.6806 0.5712 0.0000
vt 0.6715 0.0484 0.0000
vt 0.6613 0.0518 0.0000
vt 0.6592 0.0484 0.0000
vt 0.6700 0.0453 0.0000
vt 0.6949 0.5738 0.0000
vt 0.6731 0.0514 0.0000
vt 0.6632 0.0553 0.0000
vt 0.6747 0.0547 0.0000
vt 0.6653 0.0588 0.0000
vt 0.6824 0.0530 0.0000
vt 0.6847 0.0569 0.0000
vt 0.6766 0.0584 0.0000
vt 0.6894 0.0521 0.0000
vt 0.6914 0.0558 0.0000
vt 0.6968 0.0519 0.0000
vt 0.6978 0.0555 0.0000
vt 0.7002 0.0520 0.0000
vt 0.7016 0.0552 0.0000
vt 0.6990 0.0487 0.0000
vt 0.6769 0.8111 0.0000
vt 0.6739 0.8127 0.0000
vt 0.6718 0.8096 0.0000
vt 0.6754 0.8081 0.0000
vt 0.6702 0.8064 0.0000
vt 0.6743 0.8048 0.0000
vt 0.6692 0.8009 0.0000
vt 0.6734 0.7994 0.0000
vt 0.6654 0.8020 0.0000
vt 0.6637 0.7902 0.0000
vt 0.6675 0.7893 0.0000
vt 0.6601 0.7911 0.0000
vt 0.6574 0.7783 0.0000
vt 0.6611 0.7770 0.0000
vt 0.6545 0.7651 0.0000
vt 0.6582 0.7640 0.0000
vt 0.6650 0.7758 0.0000
vt 0.6622 0.7627 0.0000
vt 0.6693 0.7746 0.0000
vt 0.6665 0.7615 0.0000
vt 0.6738 0.7733 0.0000
vt 0.6712 0.7602 0.0000
vt 0.6799 0.7715 0.0000
vt 0.6772 0.7584 0.0000
vt 0.6743 0.7460 0.0000
vt 0.6839 0.7565 0.0000
vt 0.6808 0.7442 0.0000
vt 0.6902 0.7548 0.0000
vt 0.6933 0.7674 0.0000
vt 0.6869 0.7695 0.0000
vt 0.6994 0.7656 0.0000
vt 0.6963 0.7531 0.0000
vt 0.7056 0.7638 0.0000
vt 0.7024 0.7514 0.0000
vt 0.7128 0.7618 0.0000
vt 0.7098 0.7495 0.0000
vt 0.7227 0.7594 0.0000
vt 0.7254 0.7713 0.0000
vt 0.7156 0.7740 0.0000
vt 0.7405 0.7685 0.0000
vt 0.7378 0.7562 0.0000
vt 0.7564 0.7662 0.0000
vt 0.7540 0.7533 0.0000
vt 0.7717 0.7641 0.0000
vt 0.7730 0.7776 0.0000
vt 0.7576 0.7792 0.0000
vt 0.7856 0.7762 0.0000
vt 0.7865 0.7900 0.0000
vt 0.7729 0.7910 0.0000
vt 0.7954 0.7891 0.0000
vt 0.7962 0.8027 0.0000
vt 0.7859 0.8032 0.0000
vt 0.8027 0.8020 0.0000
vt 0.8017 0.7883 0.0000
vt 0.8080 0.8013 0.0000
vt 0.8073 0.7875 0.0000
vt 0.8127 0.8006 0.0000
vt 0.8119 0.7866 0.0000
vt 0.8170 0.8000 0.0000
vt 0.8163 0.7859 0.0000
vt 0.8203 0.7996 0.0000
vt 0.8198 0.7854 0.0000
vt 0.5260 0.7164 0.0000
vt 0.5290 0.7180 0.0000
vt 0.5197 0.7279 0.0000
vt 0.5175 0.7263 0.0000
vt 0.5139 0.7348 0.0000
vt 0.5105 0.7344 0.0000
vt 0.5227 0.7149 0.0000
vt 0.5136 0.7251 0.0000
vt 0.5063 0.7339 0.0000
vt 0.5193 0.7130 0.0000
vt 0.5098 0.7231 0.0000
vt 0.5015 0.7333 0.0000
vt 0.5145 0.7105 0.0000
vt 0.5049 0.7211 0.0000
vt 0.5066 0.7061 0.0000
vt 0.4975 0.7173 0.0000
vt 0.4972 0.7007 0.0000
vt 0.4882 0.7124 0.0000
vt 0.4794 0.7241 0.0000
vt 0.4794 0.7074 0.0000
vt 0.4709 0.7195 0.0000
vt 0.4625 0.7317 0.0000
vt 0.4637 0.7156 0.0000
vt 0.4555 0.7280 0.0000
vt 0.4471 0.7403 0.0000
vt 0.4500 0.7248 0.0000
vt 0.4415 0.7373 0.0000
vt 0.4332 0.7500 0.0000
vt 0.4289 0.7478 0.0000
vt 0.4374 0.7350 0.0000
vt 0.4204 0.7608 0.0000
vt 0.4162 0.7586 0.0000
vt 0.4247 0.7453 0.0000
vt 0.4206 0.7429 0.0000
vt 0.4334 0.7326 0.0000
vt 0.4294 0.7302 0.0000
vt 0.4252 0.7276 0.0000
vt 0.4377 0.7175 0.0000
vt 0.4336 0.7150 0.0000
vt 0.4294 0.7123 0.0000
vt 0.4420 0.7022 0.0000
vt 0.4379 0.6994 0.0000
vt 0.4254 0.7099 0.0000
vt 0.4340 0.6969 0.0000
vt 0.4302 0.6945 0.0000
vt 0.4421 0.6844 0.0000
vt 0.4385 0.6823 0.0000
vt 0.4351 0.6803 0.0000
vt 0.4268 0.6923 0.0000
vt 0.4318 0.6784 0.0000
vt 0.4400 0.6660 0.0000
vt 0.4433 0.6679 0.0000
vt 0.4366 0.6643 0.0000
vt 0.4438 0.6517 0.0000
vt 0.4471 0.6536 0.0000
vt 0.4335 0.6625 0.0000
vt 0.4406 0.6498 0.0000
vt 0.4308 0.6609 0.0000
vt 0.4379 0.6483 0.0000
vt 0.4353 0.6468 0.0000
vt 0.4282 0.6594 0.0000
vt 0.4249 0.6573 0.0000
vt 0.4320 0.6449 0.0000
vt 0.4218 0.6554 0.0000
vt 0.4287 0.6429 0.0000
vt 0.4147 0.6680 0.0000
vt 0.4117 0.6661 0.0000
vt 0.4186 0.6535 0.0000
vt 0.4255 0.6410 0.0000
vt 0.4224 0.6391 0.0000
vt 0.4323 0.6292 0.0000
vt 0.4291 0.6272 0.0000
vt 0.4259 0.6253 0.0000
vt 0.4361 0.6164 0.0000
vt 0.4330 0.6145 0.0000
vt 0.4424 0.6065 0.0000
vt 0.4394 0.6048 0.0000
vt 0.4366 0.6031 0.0000
vt 0.4477 0.5986 0.0000
vt 0.4549 0.5939 0.0000
vt 0.4505 0.6003 0.0000
vt 0.4524 0.5918 0.0000
vt 0.4454 0.6084 0.0000
vt 0.4531 0.6020 0.0000
vt 0.4484 0.6101 0.0000
vt 0.4391 0.6182 0.0000
vt 0.4422 0.6199 0.0000
vt 0.4513 0.6118 0.0000
vt 0.4453 0.6218 0.0000
vt 0.4354 0.6311 0.0000
vt 0.4386 0.6331 0.0000
vt 0.4486 0.6237 0.0000
vt 0.4419 0.6350 0.0000
vt 0.4545 0.6134 0.0000
vt 0.4577 0.6147 0.0000
vt 0.4514 0.6253 0.0000
vt 0.4447 0.6366 0.0000
vt 0.4542 0.6269 0.0000
vt 0.4474 0.6382 0.0000
vt 0.4637 0.6187 0.0000
vt 0.4576 0.6289 0.0000
vt 0.4605 0.6165 0.0000
vt 0.4507 0.6402 0.0000
vt 0.4611 0.6310 0.0000
vt 0.4540 0.6422 0.0000
vt 0.4706 0.6232 0.0000
vt 0.4645 0.6331 0.0000
vt 0.4670 0.6210 0.0000
vt 0.4575 0.6442 0.0000
vt 0.4683 0.6353 0.0000
vt 0.4612 0.6463 0.0000
vt 0.4505 0.6556 0.0000
vt 0.4541 0.6578 0.0000
vt 0.4654 0.6488 0.0000
vt 0.4582 0.6602 0.0000
vt 0.4467 0.6699 0.0000
vt 0.4503 0.6721 0.0000
vt 0.4625 0.6626 0.0000
vt 0.4543 0.6745 0.0000
vt 0.4460 0.6869 0.0000
vt 0.4585 0.6772 0.0000
vt 0.4502 0.6895 0.0000
vt 0.4669 0.6654 0.0000
vt 0.4713 0.6681 0.0000
vt 0.4628 0.6801 0.0000
vt 0.4545 0.6923 0.0000
vt 0.4671 0.6828 0.0000
vt 0.4586 0.6950 0.0000
vt 0.4462 0.7049 0.0000
vt 0.4503 0.7075 0.0000
vt 0.4626 0.6976 0.0000
vt 0.4542 0.7100 0.0000
vt 0.4417 0.7199 0.0000
vt 0.4457 0.7224 0.0000
vt 0.4583 0.7124 0.0000
vt 0.4668 0.7001 0.0000
vt 0.4722 0.7033 0.0000
vt 0.4754 0.6880 0.0000
vt 0.4808 0.6913 0.0000
vt 0.4712 0.6854 0.0000
vt 0.4799 0.6734 0.0000
vt 0.4843 0.6762 0.0000
vt 0.4755 0.6708 0.0000
vt 0.4837 0.6593 0.0000
vt 0.4883 0.6617 0.0000
vt 0.4791 0.6568 0.0000
vt 0.4858 0.6458 0.0000
vt 0.4906 0.6481 0.0000
vt 0.4811 0.6432 0.0000
vt 0.4746 0.6541 0.0000
vt 0.4766 0.6405 0.0000
vt 0.4699 0.6515 0.0000
vt 0.4723 0.6378 0.0000
vt 0.4784 0.6282 0.0000
vt 0.4824 0.6308 0.0000
vt 0.4745 0.6258 0.0000
vt 0.4828 0.6217 0.0000
vt 0.4788 0.6194 0.0000
vt 0.4746 0.6171 0.0000
vt 0.4772 0.6133 0.0000
vt 0.4807 0.6154 0.0000
vt 0.4711 0.6147 0.0000
vt 0.4739 0.6113 0.0000
vt 0.4678 0.6124 0.0000
vt 0.4711 0.6092 0.0000
vt 0.7688 0.3368 0.0000
vt 0.7716 0.3401 0.0000
vt 0.7680 0.3420 0.0000
vt 0.7666 0.3384 0.0000
vt 0.7611 0.3425 0.0000
vt 0.7633 0.3454 0.0000
vt 0.7495 0.3490 0.0000
vt 0.7513 0.3521 0.0000
vt 0.7526 0.3552 0.0000
vt 0.7347 0.3596 0.0000
vt 0.7363 0.3630 0.0000
vt 0.7542 0.3582 0.0000
vt 0.7373 0.3665 0.0000
vt 0.7544 0.3602 0.0000
vt 0.7373 0.3688 0.0000
vt 0.7557 0.3632 0.0000
vt 0.7390 0.3719 0.0000
vt 0.7573 0.3659 0.0000
vt 0.7412 0.3745 0.0000
vt 0.7667 0.3605 0.0000
vt 0.7680 0.3634 0.0000
vt 0.7586 0.3688 0.0000
vt 0.7739 0.3619 0.0000
vt 0.7733 0.3589 0.0000
vt 0.4574 0.5959 0.0000
vt 0.4602 0.5980 0.0000
vt 0.4558 0.6034 0.0000
vt 0.7746 0.3649 0.0000
vt 0.7689 0.3671 0.0000
vt 0.7608 0.3714 0.0000
vt 0.7708 0.3701 0.0000
vt 0.7623 0.3746 0.0000
vt 0.7755 0.3679 0.0000
vt 0.7712 0.3737 0.0000
vt 0.7627 0.3787 0.0000
vt 0.4555 0.5866 0.0000
vt 0.7461 0.3796 0.0000
vt 0.7490 0.3817 0.0000
vt 0.7286 0.3916 0.0000
vt 0.7268 0.3883 0.0000
vt 0.7146 0.3965 0.0000
vt 0.7129 0.3934 0.0000
vt 0.7461 0.1424 0.0000
vt 0.7462 0.1448 0.0000
vt 0.7354 0.1389 0.0000
vt 0.7354 0.1369 0.0000
vt 0.7575 0.1484 0.0000
vt 0.7577 0.1509 0.0000
vt 0.7575 0.1459 0.0000
vt 0.7460 0.1401 0.0000
vt 0.7573 0.1434 0.0000
vt 0.7457 0.1374 0.0000
vt 0.7571 0.1405 0.0000
vt 0.7453 0.1345 0.0000
vt 0.7348 0.1295 0.0000
vt 0.7450 0.1312 0.0000
vt 0.7345 0.1262 0.0000
vt 0.7270 0.1228 0.0000
vt 0.7271 0.1263 0.0000
vt 0.7275 0.1183 0.0000
vt 0.7344 0.1220 0.0000
vt 0.7227 0.1159 0.0000
vt 0.7226 0.1204 0.0000
vt 0.7582 0.3911 0.0000
vt 0.7626 0.3861 0.0000
vt 0.7653 0.3923 0.0000
vt 0.7612 0.3952 0.0000
vt 0.5296 0.1254 0.0000
vt 0.5245 0.1170 0.0000
vt 0.5291 0.1153 0.0000
vt 0.5264 0.1085 0.0000
vt 0.5291 0.1063 0.0000
vt 0.7278 0.1106 0.0000
vt 0.7232 0.1079 0.0000
vt 0.5297 0.1381 0.0000
vt 0.7282 0.1003 0.0000
vt 0.7238 0.0982 0.0000
vt 0.7195 0.1054 0.0000
vt 0.7198 0.0960 0.0000
vt 0.7286 0.0896 0.0000
vt 0.7242 0.0878 0.0000
vt 0.7203 0.0860 0.0000
vt 0.7282 0.0779 0.0000
vt 0.7240 0.0767 0.0000
vt 0.7201 0.0751 0.0000
vt 0.7282 0.0661 0.0000
vt 0.7236 0.0647 0.0000
vt 0.7201 0.0636 0.0000
vt 0.7282 0.0536 0.0000
vt 0.7236 0.0523 0.0000
vt 0.5507 0.2295 0.0000
vt 0.5444 0.2096 0.0000
vt 0.7338 0.0553 0.0000
vt 0.7340 0.0679 0.0000
vt 0.7427 0.0579 0.0000
vt 0.7432 0.0710 0.0000
vt 0.7556 0.0616 0.0000
vt 0.7554 0.0747 0.0000
vt 0.7693 0.0650 0.0000
vt 0.7685 0.0783 0.0000
vt 0.7701 0.0512 0.0000
vt 0.7845 0.0542 0.0000
vt 0.7836 0.0684 0.0000
vt 0.7856 0.0411 0.0000
vt 0.7995 0.0571 0.0000
vt 0.8008 0.0437 0.0000
vt 0.8014 0.0347 0.0000
vt 0.8161 0.0461 0.0000
vt 0.8170 0.0369 0.0000
vt 0.8174 0.0325 0.0000
vt 0.8018 0.0300 0.0000
vt 0.8178 0.0284 0.0000
vt 0.8021 0.0261 0.0000
vt 0.8180 0.0251 0.0000
vt 0.8021 0.0228 0.0000
vt 0.1552 0.5353 0.0000
vt 0.1581 0.5369 0.0000
vt 0.1485 0.5502 0.0000
vt 0.1456 0.5486 0.0000
vt 0.1521 0.5337 0.0000
vt 0.1425 0.5470 0.0000
vt 0.1491 0.5321 0.0000
vt 0.1395 0.5452 0.0000
vt 0.1462 0.5305 0.0000
vt 0.1367 0.5435 0.0000
vt 0.1433 0.5288 0.0000
vt 0.1338 0.5417 0.0000
vt 0.1405 0.5270 0.0000
vt 0.1309 0.5399 0.0000
vt 0.1376 0.5252 0.0000
vt 0.1280 0.5380 0.0000
vt 0.1345 0.5233 0.0000
vt 0.1248 0.5359 0.0000
vt 0.1296 0.5204 0.0000
vt 0.1201 0.5328 0.0000
vt 0.1237 0.5169 0.0000
vt 0.1146 0.5293 0.0000
vt 0.1155 0.5122 0.0000
vt 0.1074 0.5247 0.0000
vt 0.1045 0.5057 0.0000
vt 0.0970 0.5181 0.0000
vt 0.0848 0.5104 0.0000
vt 0.0922 0.4984 0.0000
vt 0.0731 0.5027 0.0000
vt 0.0796 0.4910 0.0000
vt 0.0613 0.4950 0.0000
vt 0.0674 0.4837 0.0000
vt 0.0503 0.4871 0.0000
vt 0.0558 0.4760 0.0000
vt 0.0407 0.4802 0.0000
vt 0.0456 0.4697 0.0000
vt 0.0335 0.4749 0.0000
vt 0.0381 0.4647 0.0000
vt 0.0289 0.4706 0.0000
vt 0.0329 0.4609 0.0000
vt 0.0241 0.4809 0.0000
vt 0.0249 0.4677 0.0000
vt 0.0296 0.4578 0.0000
vt 0.0212 0.4784 0.0000
vt 0.0231 0.4658 0.0000
vt 0.0271 0.4561 0.0000
vt 0.5241 0.5419 0.0000
vt 0.5230 0.5386 0.0000
vt 0.0206 0.4640 0.0000
vt 0.0252 0.4548 0.0000
vt 0.5254 0.5447 0.0000
vt 0.0193 0.4624 0.0000
vt 0.0236 0.4535 0.0000
vt 0.5264 0.5481 0.0000
vt 0.5270 0.5516 0.0000
vt 0.5119 0.5635 0.0000
vt 0.5109 0.5614 0.0000
vt 0.5275 0.5560 0.0000
vt 0.5130 0.5663 0.0000
vt 0.5284 0.5603 0.0000
vt 0.5138 0.5693 0.0000
vt 0.5453 0.5523 0.0000
vt 0.5459 0.5578 0.0000
vt 0.5287 0.5656 0.0000
vt 0.5641 0.5513 0.0000
vt 0.5651 0.5587 0.0000
vt 0.5465 0.5650 0.0000
vt 0.5833 0.5535 0.0000
vt 0.5844 0.5615 0.0000
vt 0.5659 0.5668 0.0000
vt 0.6025 0.5567 0.0000
vt 0.6037 0.5639 0.0000
vt 0.5853 0.5689 0.0000
vt 0.6219 0.5596 0.0000
vt 0.6046 0.5701 0.0000
vt 0.6232 0.5657 0.0000
vt 0.6414 0.5624 0.0000
vt 0.6241 0.5712 0.0000
vt 0.6427 0.5677 0.0000
vt 0.6609 0.5639 0.0000
vt 0.6440 0.5731 0.0000
vt 0.6624 0.5687 0.0000
vt 0.6451 0.5778 0.0000
vt 0.6634 0.5733 0.0000
vt 0.6485 0.0578 0.0000
vt 0.6356 0.0636 0.0000
vt 0.6340 0.0603 0.0000
vt 0.6466 0.0542 0.0000
vt 0.6377 0.0675 0.0000
vt 0.6507 0.0615 0.0000
vt 0.6398 0.0714 0.0000
vt 0.6530 0.0654 0.0000
vt 0.6421 0.0754 0.0000
vt 0.6554 0.0693 0.0000
vt 0.6677 0.0627 0.0000
vt 0.6698 0.0670 0.0000
vt 0.6580 0.0736 0.0000
vt 0.6798 0.0629 0.0000
vt 0.6836 0.0691 0.0000
vt 0.6734 0.0729 0.0000
vt 0.6879 0.0614 0.0000
vt 0.6921 0.0676 0.0000
vt 0.6941 0.0605 0.0000
vt 0.6980 0.0666 0.0000
vt 0.6996 0.0598 0.0000
vt 0.7027 0.0660 0.0000
vt 0.7035 0.0594 0.0000
vt 0.7057 0.0655 0.0000
vt 0.6800 0.8067 0.0000
vt 0.6857 0.8051 0.0000
vt 0.6866 0.8083 0.0000
vt 0.6808 0.8097 0.0000
vt 0.6791 0.8033 0.0000
vt 0.6849 0.8017 0.0000
vt 0.6781 0.7976 0.0000
vt 0.6840 0.7956 0.0000
vt 0.6764 0.7867 0.0000
vt 0.6824 0.7849 0.0000
vt 0.6718 0.7880 0.0000
vt 0.6913 0.7934 0.0000
vt 0.6896 0.7825 0.0000
vt 0.6984 0.7911 0.0000
vt 0.6962 0.7802 0.0000
vt 0.7049 0.7894 0.0000
vt 0.7023 0.7782 0.0000
vt 0.7115 0.7876 0.0000
vt 0.7086 0.7761 0.0000
vt 0.7187 0.7856 0.0000
vt 0.7203 0.7949 0.0000
vt 0.7131 0.7963 0.0000
vt 0.7291 0.7935 0.0000
vt 0.7278 0.7832 0.0000
vt 0.7421 0.7924 0.0000
vt 0.7419 0.7810 0.0000
vt 0.7573 0.7916 0.0000
vt 0.7556 0.8020 0.0000
vt 0.7409 0.8007 0.0000
vt 0.7712 0.8029 0.0000
vt 0.7687 0.8114 0.0000
vt 0.7538 0.8080 0.0000
vt 0.7838 0.8139 0.0000
vt 0.7816 0.8198 0.0000
vt 0.7669 0.8160 0.0000
vt 0.7947 0.8227 0.0000
vt 0.7960 0.8149 0.0000
vt 0.8034 0.8144 0.0000
vt 0.8089 0.8139 0.0000
vt 0.8136 0.8132 0.0000
vt 0.8193 0.8224 0.0000
vt 0.8181 0.8126 0.0000
vt 0.8225 0.8222 0.0000
vt 0.8216 0.8121 0.0000
vt 0.5417 0.6965 0.0000
vt 0.5440 0.6982 0.0000
vt 0.5371 0.7078 0.0000
vt 0.5347 0.7063 0.0000
vt 0.5318 0.7045 0.0000
vt 0.5392 0.6943 0.0000
vt 0.5284 0.7025 0.0000
vt 0.5365 0.6920 0.0000
vt 0.5240 0.6997 0.0000
vt 0.5324 0.6885 0.0000
vt 0.5162 0.6949 0.0000
vt 0.5252 0.6832 0.0000
vt 0.5157 0.6772 0.0000
vt 0.5064 0.6893 0.0000
vt 0.5059 0.6714 0.0000
vt 0.4970 0.6838 0.0000
vt 0.4881 0.6955 0.0000
vt 0.4897 0.6795 0.0000
vt 0.4983 0.6674 0.0000
vt 0.4927 0.6642 0.0000
vt 0.5059 0.6550 0.0000
vt 0.4997 0.6521 0.0000
vt 0.4949 0.6499 0.0000
vt 0.5034 0.6437 0.0000
vt 0.4988 0.6412 0.0000
vt 0.4946 0.6390 0.0000
vt 0.5010 0.6359 0.0000
vt 0.4975 0.6331 0.0000
vt 0.4906 0.6364 0.0000
vt 0.4941 0.6303 0.0000
vt 0.4865 0.6336 0.0000
vt 0.4902 0.6273 0.0000
vt 0.4863 0.6245 0.0000
vt 0.4881 0.6208 0.0000
vt 0.4918 0.6242 0.0000
vt 0.4844 0.6180 0.0000
vt 0.7628 0.3226 0.0000
vt 0.7643 0.3261 0.0000
vt 0.7625 0.3279 0.0000
vt 0.7613 0.3244 0.0000
vt 0.7657 0.3293 0.0000
vt 0.7634 0.3312 0.0000
vt 0.7581 0.3354 0.0000
vt 0.7570 0.3317 0.0000
vt 0.7650 0.3344 0.0000
vt 0.7593 0.3392 0.0000
vt 0.7671 0.3327 0.0000
vt 0.7462 0.3420 0.0000
vt 0.7482 0.3455 0.0000
vt 0.7319 0.3477 0.0000
vt 0.7331 0.3516 0.0000
vt 0.7344 0.3554 0.0000
vt 0.7179 0.3570 0.0000
vt 0.7188 0.3611 0.0000
vt 0.7199 0.3649 0.0000
vt 0.7041 0.3665 0.0000
vt 0.7052 0.3703 0.0000
vt 0.7208 0.3687 0.0000
vt 0.7062 0.3740 0.0000
vt 0.7218 0.3722 0.0000
vt 0.7070 0.3775 0.0000
vt 0.7077 0.3796 0.0000
vt 0.7225 0.3742 0.0000
vt 0.7090 0.3833 0.0000
vt 0.7233 0.3780 0.0000
vt 0.7102 0.3868 0.0000
vt 0.7248 0.3815 0.0000
vt 0.7113 0.3903 0.0000
vt 0.7258 0.3850 0.0000
vt 0.7436 0.3771 0.0000
vt 0.6972 0.3952 0.0000
vt 0.6961 0.3918 0.0000
vt 0.7577 0.1538 0.0000
vt 0.7578 0.1569 0.0000
vt 0.7454 0.1497 0.0000
vt 0.7463 0.1471 0.0000
vt 0.7696 0.1592 0.0000
vt 0.7701 0.1617 0.0000
vt 0.7695 0.1567 0.0000
vt 0.7816 0.1626 0.0000
vt 0.7820 0.1654 0.0000
vt 0.7816 0.1602 0.0000
vt 0.7694 0.1543 0.0000
vt 0.7816 0.1575 0.0000
vt 0.7693 0.1518 0.0000
vt 0.7815 0.1550 0.0000
vt 0.7692 0.1494 0.0000
vt 0.7814 0.1519 0.0000
vt 0.7691 0.1464 0.0000
vt 0.7813 0.1483 0.0000
vt 0.7689 0.1430 0.0000
vt 0.7568 0.1371 0.0000
vt 0.7688 0.1386 0.0000
vt 0.7565 0.1329 0.0000
vt 0.7447 0.1270 0.0000
vt 0.7564 0.1255 0.0000
vt 0.7445 0.1196 0.0000
vt 0.7343 0.1140 0.0000
vt 0.7440 0.1083 0.0000
vt 0.7343 0.1036 0.0000
vt 0.7440 0.0962 0.0000
vt 0.7347 0.0924 0.0000
vt 0.7438 0.0837 0.0000
vt 0.7342 0.0800 0.0000
vt 0.7553 0.0878 0.0000
vt 0.7558 0.1009 0.0000
vt 0.7677 0.0916 0.0000
vt 0.7682 0.1054 0.0000
vt 0.7818 0.0958 0.0000
vt 0.7815 0.1095 0.0000
vt 0.7828 0.0821 0.0000
vt 0.7973 0.0852 0.0000
vt 0.7964 0.0992 0.0000
vt 0.7985 0.0712 0.0000
vt 0.8135 0.0738 0.0000
vt 0.8123 0.0878 0.0000
vt 0.8149 0.0596 0.0000
vt 0.5164 0.5864 0.0000
vt 0.5156 0.5795 0.0000
vt 0.5147 0.5736 0.0000
vt 0.5293 0.5723 0.0000
vt 0.5299 0.5797 0.0000
vt 0.5470 0.5729 0.0000
vt 0.5475 0.5804 0.0000
vt 0.5301 0.5871 0.0000
vt 0.5665 0.5744 0.0000
vt 0.5669 0.5805 0.0000
vt 0.5476 0.5864 0.0000
vt 0.5859 0.5752 0.0000
vt 0.5865 0.5806 0.0000
vt 0.5671 0.5858 0.0000
vt 0.6053 0.5756 0.0000
vt 0.6060 0.5811 0.0000
vt 0.5871 0.5860 0.0000
vt 0.6250 0.5767 0.0000
vt 0.6067 0.5857 0.0000
vt 0.6257 0.5811 0.0000
vt 0.6101 0.0742 0.0000
vt 0.6084 0.0709 0.0000
vt 0.6211 0.0661 0.0000
vt 0.6230 0.0693 0.0000
vt 0.6119 0.0779 0.0000
vt 0.6249 0.0730 0.0000
vt 0.6139 0.0817 0.0000
vt 0.6269 0.0769 0.0000
vt 0.6159 0.0858 0.0000
vt 0.6291 0.0810 0.0000
vt 0.6178 0.0899 0.0000
vt 0.6313 0.0852 0.0000
vt 0.6446 0.0795 0.0000
vt 0.6339 0.0902 0.0000
vt 0.6475 0.0847 0.0000
vt 0.6613 0.0789 0.0000
vt 0.6512 0.0915 0.0000
vt 0.6653 0.0859 0.0000
vt 0.6777 0.0806 0.0000
vt 0.6693 0.0929 0.0000
vt 0.6817 0.0876 0.0000
vt 0.6916 0.0832 0.0000
vt 0.6872 0.0766 0.0000
vt 0.6959 0.0748 0.0000
vt 0.7000 0.0811 0.0000
vt 0.7016 0.0741 0.0000
vt 0.7055 0.0808 0.0000
vt 0.7087 0.0808 0.0000
vt 0.7058 0.0733 0.0000
vt 0.7083 0.0732 0.0000
vt 0.7108 0.0808 0.0000
vt 0.7002 0.8021 0.0000
vt 0.7008 0.8050 0.0000
vt 0.6936 0.8064 0.0000
vt 0.6927 0.8034 0.0000
vt 0.6919 0.7999 0.0000
vt 0.6996 0.7984 0.0000
vt 0.7068 0.8013 0.0000
vt 0.7063 0.7975 0.0000
vt 0.7131 0.8006 0.0000
vt 0.7132 0.8036 0.0000
vt 0.7071 0.8042 0.0000
vt 0.7200 0.8006 0.0000
vt 0.7197 0.8037 0.0000
vt 0.7283 0.8046 0.0000
vt 0.7288 0.8006 0.0000
vt 0.7398 0.8055 0.0000
vt 0.7388 0.8091 0.0000
vt 0.7274 0.8072 0.0000
vt 0.7524 0.8119 0.0000
vt 0.7510 0.8152 0.0000
vt 0.7375 0.8120 0.0000
vt 0.7655 0.8196 0.0000
vt 0.7255 0.1507 0.0000
vt 0.7207 0.1350 0.0000
vt 0.7242 0.1343 0.0000
vt 0.7277 0.1482 0.0000
vt 0.7786 0.8267 0.0000
vt 0.7668 0.8221 0.0000
vt 0.7797 0.8235 0.0000
vt 0.7912 0.8310 0.0000
vt 0.7925 0.8274 0.0000
vt 0.7258 0.1674 0.0000
vt 0.7302 0.1660 0.0000
vt 0.7344 0.1796 0.0000
vt 0.7301 0.1813 0.0000
vt 0.7388 0.1898 0.0000
vt 0.7336 0.1922 0.0000
vt 0.7249 0.1837 0.0000
vt 0.7282 0.1948 0.0000
vt 0.7352 0.2015 0.0000
vt 0.7299 0.2037 0.0000
vt 0.7395 0.1993 0.0000
vt 0.7359 0.2084 0.0000
vt 0.7302 0.2101 0.0000
vt 0.7408 0.2075 0.0000
vt 0.7364 0.2134 0.0000
vt 0.7308 0.2151 0.0000
vt 0.7410 0.2135 0.0000
vt 0.7440 0.2141 0.0000
vt 0.8227 0.8437 0.0000
vt 0.8205 0.8450 0.0000
vt 0.8261 0.8472 0.0000
vt 0.8244 0.8424 0.0000
vt 0.8264 0.8447 0.0000
vt 0.8258 0.8415 0.0000
vt 0.8283 0.8445 0.0000
vt 0.8229 0.8366 0.0000
vt 0.5611 0.6816 0.0000
vt 0.5589 0.6859 0.0000
vt 0.5555 0.6840 0.0000
vt 0.5599 0.6792 0.0000
vt 0.8237 0.8307 0.0000
vt 0.8256 0.8367 0.0000
vt 0.8206 0.8303 0.0000
vt 0.5483 0.6874 0.0000
vt 0.5539 0.6811 0.0000
vt 0.5502 0.6899 0.0000
vt 0.5463 0.6848 0.0000
vt 0.5520 0.6783 0.0000
vt 0.5437 0.6818 0.0000
vt 0.5496 0.6752 0.0000
vt 0.5398 0.6779 0.0000
vt 0.5452 0.6712 0.0000
vt 0.5372 0.6662 0.0000
vt 0.5329 0.6721 0.0000
vt 0.5236 0.6654 0.0000
vt 0.5273 0.6597 0.0000
vt 0.5138 0.6598 0.0000
vt 0.5177 0.6531 0.0000
vt 0.5093 0.6474 0.0000
vt 0.5202 0.6490 0.0000
vt 0.5117 0.6431 0.0000
vt 0.5050 0.6388 0.0000
vt 0.5133 0.6397 0.0000
vt 0.5064 0.6358 0.0000
vt 0.5020 0.6330 0.0000
vt 0.7561 0.3024 0.0000
vt 0.7572 0.3072 0.0000
vt 0.7542 0.3084 0.0000
vt 0.7527 0.3032 0.0000
vt 0.7582 0.3110 0.0000
vt 0.7557 0.3126 0.0000
vt 0.4987 0.6304 0.0000
vt 0.7597 0.3145 0.0000
vt 0.7575 0.3164 0.0000
vt 0.4954 0.6275 0.0000
vt 0.7613 0.3186 0.0000
vt 0.7592 0.3204 0.0000
vt 0.7519 0.3196 0.0000
vt 0.7541 0.3236 0.0000
vt 0.7554 0.3279 0.0000
vt 0.7425 0.3285 0.0000
vt 0.7439 0.3335 0.0000
vt 0.7454 0.3379 0.0000
vt 0.7297 0.3387 0.0000
vt 0.7309 0.3434 0.0000
vt 0.7147 0.3435 0.0000
vt 0.7159 0.3483 0.0000
vt 0.7170 0.3528 0.0000
vt 0.7007 0.3534 0.0000
vt 0.7020 0.3579 0.0000
vt 0.7031 0.3624 0.0000
vt 0.6875 0.3631 0.0000
vt 0.6889 0.3675 0.0000
vt 0.6901 0.3714 0.0000
vt 0.6756 0.3726 0.0000
vt 0.6767 0.3765 0.0000
vt 0.6779 0.3803 0.0000
vt 0.6910 0.3751 0.0000
vt 0.6791 0.3840 0.0000
vt 0.6921 0.3787 0.0000
vt 0.6804 0.3873 0.0000
vt 0.6930 0.3821 0.0000
vt 0.6811 0.3898 0.0000
vt 0.6939 0.3846 0.0000
vt 0.6822 0.3937 0.0000
vt 0.6951 0.3882 0.0000
vt 0.6833 0.3971 0.0000
vt 0.6712 0.4022 0.0000
vt 0.6700 0.3988 0.0000
vt 0.7822 0.1677 0.0000
vt 0.7825 0.1701 0.0000
vt 0.7703 0.1637 0.0000
vt 0.6846 0.4003 0.0000
vt 0.7944 0.1733 0.0000
vt 0.7954 0.1762 0.0000
vt 0.7943 0.1708 0.0000
vt 0.8063 0.1754 0.0000
vt 0.8067 0.1784 0.0000
vt 0.8063 0.1724 0.0000
vt 0.7941 0.1681 0.0000
vt 0.8066 0.1697 0.0000
vt 0.7941 0.1654 0.0000
vt 0.8068 0.1668 0.0000
vt 0.7941 0.1626 0.0000
vt 0.8069 0.1639 0.0000
vt 0.7942 0.1601 0.0000
vt 0.8071 0.1605 0.0000
vt 0.7942 0.1567 0.0000
vt 0.8071 0.1566 0.0000
vt 0.7943 0.1531 0.0000
vt 0.8073 0.1523 0.0000
vt 0.7943 0.1488 0.0000
vt 0.7815 0.1441 0.0000
vt 0.7946 0.1403 0.0000
vt 0.7812 0.1361 0.0000
vt 0.7689 0.1310 0.0000
vt 0.7815 0.1230 0.0000
vt 0.7684 0.1188 0.0000
vt 0.7562 0.1134 0.0000
vt 0.7950 0.1271 0.0000
vt 0.7957 0.1130 0.0000
vt 0.8098 0.1161 0.0000
vt 0.8089 0.1303 0.0000
vt 0.8112 0.1018 0.0000
vt 0.5407 0.0850 0.0000
vt 0.5333 0.0886 0.0000
vt 0.5314 0.0852 0.0000
vt 0.5385 0.0816 0.0000
vt 0.5172 0.5931 0.0000
vt 0.5176 0.5986 0.0000
vt 0.5063 0.6046 0.0000
vt 0.5302 0.5928 0.0000
vt 0.5526 0.0782 0.0000
vt 0.5490 0.0759 0.0000
vt 0.5478 0.5913 0.0000
vt 0.5304 0.5976 0.0000
vt 0.5666 0.0788 0.0000
vt 0.5536 0.0816 0.0000
vt 0.5636 0.0762 0.0000
vt 0.5673 0.5907 0.0000
vt 0.5481 0.5959 0.0000
vt 0.5683 0.0821 0.0000
vt 0.5794 0.0760 0.0000
vt 0.5820 0.0785 0.0000
vt 0.5875 0.5908 0.0000
vt 0.5677 0.5948 0.0000
vt 0.5835 0.0819 0.0000
vt 0.5957 0.0753 0.0000
vt 0.5971 0.0785 0.0000
vt 0.5855 0.0855 0.0000
vt 0.5987 0.0821 0.0000
vt 0.5872 0.0891 0.0000
vt 0.6005 0.0859 0.0000
vt 0.5888 0.0929 0.0000
vt 0.6023 0.0898 0.0000
vt 0.5904 0.0968 0.0000
vt 0.6041 0.0938 0.0000
vt 0.5924 0.1013 0.0000
vt 0.6063 0.0985 0.0000
vt 0.6202 0.0947 0.0000
vt 0.6090 0.1046 0.0000
vt 0.6233 0.1012 0.0000
vt 0.6374 0.0968 0.0000
vt 0.6266 0.1083 0.0000
vt 0.6409 0.1038 0.0000
vt 0.6551 0.0984 0.0000
vt 0.6442 0.1105 0.0000
vt 0.6585 0.1049 0.0000
vt 0.6728 0.0992 0.0000
vt 0.6620 0.1114 0.0000
vt 0.6763 0.1054 0.0000
vt 0.6852 0.0939 0.0000
vt 0.6891 0.0998 0.0000
vt 0.6948 0.0895 0.0000
vt 0.6992 0.0954 0.0000
vt 0.7025 0.0875 0.0000
vt 0.7058 0.0937 0.0000
vt 0.7075 0.0874 0.0000
vt 0.7106 0.0935 0.0000
vt 0.7117 0.0879 0.0000
vt 0.7133 0.0936 0.0000
vt 0.7131 0.8054 0.0000
vt 0.7079 0.8054 0.0000
vt 0.7124 0.0862 0.0000
vt 0.7151 0.0996 0.0000
vt 0.7126 0.1001 0.0000
vt 0.7189 0.8058 0.0000
vt 0.7171 0.1067 0.0000
vt 0.7158 0.1088 0.0000
vt 0.7122 0.1092 0.0000
vt 0.7087 0.1003 0.0000
vt 0.7162 0.1207 0.0000
vt 0.7197 0.1204 0.0000
vt 0.7279 0.8091 0.0000
vt 0.7117 0.1214 0.0000
vt 0.7072 0.1102 0.0000
vt 0.7161 0.1360 0.0000
vt 0.7103 0.1374 0.0000
vt 0.7040 0.1235 0.0000
vt 0.7157 0.1534 0.0000
vt 0.7210 0.1518 0.0000
vt 0.7205 0.1692 0.0000
vt 0.7047 0.1570 0.0000
vt 0.7101 0.1728 0.0000
vt 0.7146 0.1875 0.0000
vt 0.6941 0.1784 0.0000
vt 0.6988 0.1929 0.0000
vt 0.7179 0.1987 0.0000
vt 0.7023 0.2037 0.0000
vt 0.7198 0.2066 0.0000
vt 0.7048 0.2109 0.0000
vt 0.7213 0.2123 0.0000
vt 0.7069 0.2163 0.0000
vt 0.7224 0.2169 0.0000
vt 0.7087 0.2207 0.0000
vt 0.7232 0.2210 0.0000
vt 0.7102 0.2247 0.0000
vt 0.7242 0.2248 0.0000
vt 0.7116 0.2288 0.0000
vt 0.7246 0.2273 0.0000
vt 0.7123 0.2316 0.0000
vt 0.7251 0.2306 0.0000
vt 0.7132 0.2347 0.0000
vt 0.7255 0.2345 0.0000
vt 0.7142 0.2386 0.0000
vt 0.7268 0.2390 0.0000
vt 0.7152 0.2432 0.0000
vt 0.7339 0.2371 0.0000
vt 0.7349 0.2436 0.0000
vt 0.7282 0.2455 0.0000
vt 0.7399 0.2430 0.0000
vt 0.7393 0.2361 0.0000
vt 0.7433 0.2422 0.0000
vt 0.7423 0.2354 0.0000
vt 0.5476 0.6677 0.0000
vt 0.5496 0.6644 0.0000
vt 0.5540 0.6680 0.0000
vt 0.5525 0.6711 0.0000
vt 0.5575 0.6703 0.0000
vt 0.5557 0.6737 0.0000
vt 0.5583 0.6762 0.0000
vt 0.5398 0.6625 0.0000
vt 0.5420 0.6594 0.0000
vt 0.5299 0.6559 0.0000
vt 0.5320 0.6528 0.0000
vt 0.5224 0.6457 0.0000
vt 0.7449 0.2692 0.0000
vt 0.7490 0.2685 0.0000
vt 0.7517 0.2830 0.0000
vt 0.7475 0.2837 0.0000
vt 0.7504 0.2955 0.0000
vt 0.7542 0.2948 0.0000
vt 0.7451 0.2966 0.0000
vt 0.7427 0.2845 0.0000
vt 0.7470 0.3046 0.0000
vt 0.7388 0.3063 0.0000
vt 0.7371 0.2982 0.0000
vt 0.7398 0.3122 0.0000
vt 0.7486 0.3100 0.0000
vt 0.7501 0.3149 0.0000
vt 0.7406 0.3178 0.0000
vt 0.7416 0.3232 0.0000
vt 0.7264 0.3216 0.0000
vt 0.7274 0.3274 0.0000
vt 0.7285 0.3332 0.0000
vt 0.7121 0.3319 0.0000
vt 0.7134 0.3378 0.0000
vt 0.6965 0.3368 0.0000
vt 0.6980 0.3427 0.0000
vt 0.6996 0.3484 0.0000
vt 0.6833 0.3480 0.0000
vt 0.6849 0.3535 0.0000
vt 0.6865 0.3584 0.0000
vt 0.6716 0.3585 0.0000
vt 0.6731 0.3635 0.0000
vt 0.6746 0.3682 0.0000
vt 0.6614 0.3686 0.0000
vt 0.6626 0.3733 0.0000
vt 0.6637 0.3777 0.0000
vt 0.6522 0.3786 0.0000
vt 0.6530 0.3832 0.0000
vt 0.6646 0.3819 0.0000
vt 0.6535 0.3879 0.0000
vt 0.6655 0.3860 0.0000
vt 0.6542 0.3923 0.0000
vt 0.6667 0.3898 0.0000
vt 0.6551 0.3963 0.0000
vt 0.6556 0.3990 0.0000
vt 0.6675 0.3927 0.0000
vt 0.7960 0.1805 0.0000
vt 0.7965 0.1822 0.0000
vt 0.7829 0.1770 0.0000
vt 0.7826 0.1755 0.0000
vt 0.6686 0.3951 0.0000
vt 0.7956 0.1783 0.0000
vt 0.7829 0.1724 0.0000
vt 0.8062 0.1826 0.0000
vt 0.8078 0.1856 0.0000
vt 0.8067 0.1806 0.0000
vt 0.8082 0.1436 0.0000
vt 0.5483 0.1211 0.0000
vt 0.5451 0.1155 0.0000
vt 0.5477 0.1133 0.0000
vt 0.5514 0.1184 0.0000
vt 0.5509 0.1104 0.0000
vt 0.5547 0.1157 0.0000
vt 0.5555 0.1073 0.0000
vt 0.5593 0.1129 0.0000
vt 0.5648 0.1044 0.0000
vt 0.5675 0.1111 0.0000
vt 0.5627 0.1000 0.0000
vt 0.5611 0.0962 0.0000
vt 0.5762 0.0989 0.0000
vt 0.5780 0.1031 0.0000
vt 0.5746 0.0951 0.0000
vt 0.5593 0.0932 0.0000
vt 0.5728 0.0913 0.0000
vt 0.5714 0.0884 0.0000
vt 0.5699 0.0852 0.0000
vt 0.5806 0.1093 0.0000
vt 0.5949 0.1072 0.0000
vt 0.5841 0.1178 0.0000
vt 0.5982 0.1151 0.0000
vt 0.6124 0.1119 0.0000
vt 0.6014 0.1229 0.0000
vt 0.6156 0.1193 0.0000
vt 0.6299 0.1150 0.0000
vt 0.6187 0.1263 0.0000
vt 0.6330 0.1217 0.0000
vt 0.6474 0.1169 0.0000
vt 0.6361 0.1285 0.0000
vt 0.6507 0.1235 0.0000
vt 0.6655 0.1178 0.0000
vt 0.6546 0.1309 0.0000
vt 0.6700 0.1253 0.0000
vt 0.6800 0.1118 0.0000
vt 0.6850 0.1192 0.0000
vt 0.6932 0.1057 0.0000
vt 0.6982 0.1131 0.0000
vt 0.7028 0.1019 0.0000
vt 0.6911 0.1280 0.0000
vt 0.6752 0.1342 0.0000
vt 0.6822 0.1474 0.0000
vt 0.6983 0.1413 0.0000
vt 0.6887 0.1626 0.0000
vt 0.6659 0.1534 0.0000
vt 0.6722 0.1684 0.0000
vt 0.6776 0.1840 0.0000
vt 0.6557 0.1738 0.0000
vt 0.6609 0.1892 0.0000
vt 0.6821 0.1983 0.0000
vt 0.6651 0.2035 0.0000
vt 0.6853 0.2086 0.0000
vt 0.6681 0.2138 0.0000
vt 0.6877 0.2158 0.0000
vt 0.6703 0.2212 0.0000
vt 0.6897 0.2215 0.0000
vt 0.6720 0.2271 0.0000
vt 0.6913 0.2261 0.0000
vt 0.6734 0.2319 0.0000
vt 0.6927 0.2303 0.0000
vt 0.6747 0.2362 0.0000
vt 0.6943 0.2345 0.0000
vt 0.6760 0.2405 0.0000
vt 0.6952 0.2375 0.0000
vt 0.6769 0.2438 0.0000
vt 0.6778 0.2470 0.0000
vt 0.6964 0.2408 0.0000
vt 0.6976 0.2446 0.0000
vt 0.6789 0.2509 0.0000
vt 0.6987 0.2490 0.0000
vt 0.6800 0.2551 0.0000
vt 0.7000 0.2544 0.0000
vt 0.6812 0.2602 0.0000
vt 0.7164 0.2494 0.0000
vt 0.7183 0.2593 0.0000
vt 0.7019 0.2646 0.0000
vt 0.7299 0.2563 0.0000
vt 0.7324 0.2712 0.0000
vt 0.7207 0.2741 0.0000
vt 0.7398 0.2698 0.0000
vt 0.7371 0.2548 0.0000
vt 0.7417 0.2542 0.0000
vt 0.7456 0.2535 0.0000
vt 0.7348 0.2862 0.0000
vt 0.7228 0.2890 0.0000
vt 0.7239 0.3013 0.0000
vt 0.7061 0.2934 0.0000
vt 0.7075 0.3053 0.0000
vt 0.7248 0.3096 0.0000
vt 0.7088 0.3139 0.0000
vt 0.7256 0.3159 0.0000
vt 0.7099 0.3203 0.0000
vt 0.7110 0.3261 0.0000
vt 0.6937 0.3248 0.0000
vt 0.6952 0.3308 0.0000
vt 0.6782 0.3296 0.0000
vt 0.6801 0.3357 0.0000
vt 0.6821 0.3418 0.0000
vt 0.6667 0.3411 0.0000
vt 0.6685 0.3469 0.0000
vt 0.6704 0.3528 0.0000
vt 0.6585 0.3576 0.0000
vt 0.6566 0.3518 0.0000
vt 0.6605 0.3631 0.0000
vt 0.6493 0.3620 0.0000
vt 0.6510 0.3681 0.0000
vt 0.6518 0.3734 0.0000
vt 0.6436 0.3708 0.0000
vt 0.6436 0.3766 0.0000
vt 0.6441 0.3822 0.0000
vt 0.6379 0.3799 0.0000
vt 0.6385 0.3850 0.0000
vt 0.6449 0.3875 0.0000
vt 0.6387 0.3894 0.0000
vt 0.6453 0.3927 0.0000
vt 0.6390 0.3943 0.0000
vt 0.6453 0.3990 0.0000
vt 0.6380 0.3992 0.0000
vt 0.6320 0.3904 0.0000
vt 0.6342 0.3797 0.0000
vt 0.6338 0.3752 0.0000
vt 0.6322 0.3791 0.0000
vt 0.6321 0.3751 0.0000
vt 0.6372 0.3746 0.0000
vt 0.6344 0.3699 0.0000
vt 0.6379 0.3690 0.0000
vt 0.6424 0.3652 0.0000
vt 0.6356 0.3634 0.0000
vt 0.6401 0.3592 0.0000
vt 0.6478 0.3559 0.0000
vt 0.6377 0.3549 0.0000
vt 0.6456 0.3504 0.0000
vt 0.6556 0.3459 0.0000
vt 0.6451 0.3445 0.0000
vt 0.6541 0.3402 0.0000
vt 0.6655 0.3346 0.0000
vt 0.6526 0.3328 0.0000
vt 0.6632 0.3275 0.0000
vt 0.6770 0.3224 0.0000
vt 0.6611 0.3193 0.0000
vt 0.6743 0.3143 0.0000
vt 0.6923 0.3183 0.0000
vt 0.6908 0.3097 0.0000
vt 0.6729 0.3033 0.0000
vt 0.6885 0.2984 0.0000
vt 0.6549 0.2940 0.0000
vt 0.6697 0.2898 0.0000
vt 0.6578 0.3081 0.0000
vt 0.6863 0.2842 0.0000
vt 0.6670 0.2761 0.0000
vt 0.6831 0.2705 0.0000
vt 0.7042 0.2788 0.0000
vt 0.6485 0.2718 0.0000
vt 0.6626 0.2661 0.0000
vt 0.6519 0.2809 0.0000
vt 0.6408 0.2862 0.0000
vt 0.6373 0.2768 0.0000
vt 0.6447 0.2991 0.0000
vt 0.6364 0.3049 0.0000
vt 0.6322 0.2954 0.0000
vt 0.6350 0.3201 0.0000
vt 0.6453 0.3146 0.0000
vt 0.6408 0.3306 0.0000
vt 0.6491 0.3240 0.0000
vt 0.6439 0.3377 0.0000
vt 0.6352 0.3360 0.0000
vt 0.6370 0.3428 0.0000
vt 0.6369 0.3497 0.0000
vt 0.6321 0.3466 0.0000
vt 0.6315 0.3536 0.0000
vt 0.6336 0.3590 0.0000
vt 0.8108 0.2388 0.0000
vt 0.8118 0.2348 0.0000
vt 0.8156 0.2358 0.0000
vt 0.8145 0.2388 0.0000
vt 0.6309 0.3633 0.0000
vt 0.6334 0.3659 0.0000
vt 0.6326 0.3668 0.0000
vt 0.6301 0.3645 0.0000
vt 0.6307 0.3700 0.0000
vt 0.5566 0.1359 0.0000
vt 0.5525 0.1289 0.0000
vt 0.5550 0.1264 0.0000
vt 0.5591 0.1340 0.0000
vt 0.5584 0.1238 0.0000
vt 0.5621 0.1319 0.0000
vt 0.5626 0.1216 0.0000
vt 0.5662 0.1296 0.0000
vt 0.5714 0.1194 0.0000
vt 0.5750 0.1282 0.0000
vt 0.5875 0.1260 0.0000
vt 0.5777 0.1353 0.0000
vt 0.5903 0.1332 0.0000
vt 0.6045 0.1302 0.0000
vt 0.5928 0.1399 0.0000
vt 0.6071 0.1371 0.0000
vt 0.6217 0.1331 0.0000
vt 0.6098 0.1442 0.0000
vt 0.6248 0.1405 0.0000
vt 0.6396 0.1359 0.0000
vt 0.6286 0.1493 0.0000
vt 0.6438 0.1449 0.0000
vt 0.6594 0.1398 0.0000
vt 0.6500 0.1585 0.0000
vt 0.6341 0.1631 0.0000
vt 0.6395 0.1783 0.0000
vt 0.6185 0.1669 0.0000
vt 0.6234 0.1823 0.0000
vt 0.6444 0.1937 0.0000
vt 0.6284 0.1979 0.0000
vt 0.6484 0.2083 0.0000
vt 0.6322 0.2123 0.0000
vt 0.6511 0.2190 0.0000
vt 0.6346 0.2232 0.0000
vt 0.6529 0.2265 0.0000
vt 0.6359 0.2310 0.0000
vt 0.6544 0.2324 0.0000
vt 0.6372 0.2369 0.0000
vt 0.6554 0.2373 0.0000
vt 0.6385 0.2416 0.0000
vt 0.6564 0.2416 0.0000
vt 0.6389 0.2461 0.0000
vt 0.6573 0.2458 0.0000
vt 0.6398 0.2505 0.0000
vt 0.6580 0.2493 0.0000
vt 0.6397 0.2543 0.0000
vt 0.6590 0.2526 0.0000
vt 0.6426 0.2579 0.0000
vt 0.6603 0.2567 0.0000
vt 0.6439 0.2622 0.0000
vt 0.6616 0.2609 0.0000
vt 0.6467 0.2664 0.0000
vt 0.6348 0.2713 0.0000
vt 0.6359 0.2742 0.0000
vt 0.7915 0.3051 0.0000
vt 0.7913 0.3094 0.0000
vt 0.7827 0.3119 0.0000
vt 0.7831 0.3095 0.0000
vt 0.7898 0.2995 0.0000
vt 0.7825 0.3076 0.0000
vt 0.7984 0.2999 0.0000
vt 0.7983 0.3056 0.0000
vt 0.7995 0.2903 0.0000
vt 0.7941 0.2917 0.0000
vt 0.6291 0.2878 0.0000
vt 0.8041 0.2892 0.0000
vt 0.8031 0.2993 0.0000
vt 0.8040 0.2762 0.0000
vt 0.7964 0.2779 0.0000
vt 0.7910 0.2796 0.0000
vt 0.8021 0.2634 0.0000
vt 0.8064 0.2627 0.0000
vt 0.6271 0.3231 0.0000
vt 0.6271 0.3093 0.0000
vt 0.8009 0.2554 0.0000
vt 0.8085 0.2516 0.0000
vt 0.8098 0.2632 0.0000
vt 0.8115 0.2513 0.0000
vt 0.8088 0.2435 0.0000
vt 0.8128 0.2435 0.0000
vt 0.6284 0.3386 0.0000
vt 0.5631 0.1483 0.0000
vt 0.5601 0.1426 0.0000
vt 0.5621 0.1409 0.0000
vt 0.5649 0.1471 0.0000
vt 0.5647 0.1391 0.0000
vt 0.5675 0.1456 0.0000
vt 0.5714 0.1442 0.0000
vt 0.5687 0.1371 0.0000
vt 0.5799 0.1420 0.0000
vt 0.5824 0.1496 0.0000
vt 0.5742 0.1518 0.0000
vt 0.5953 0.1471 0.0000
vt 0.5855 0.1593 0.0000
vt 0.5985 0.1562 0.0000
vt 0.6134 0.1528 0.0000
vt 0.6033 0.1702 0.0000
vt 0.5896 0.1727 0.0000
vt 0.5940 0.1878 0.0000
vt 0.6080 0.1855 0.0000
vt 0.5980 0.2023 0.0000
vt 0.6126 0.2007 0.0000
vt 0.6021 0.2161 0.0000
vt 0.6163 0.2151 0.0000
vt 0.6189 0.2259 0.0000
vt 0.6051 0.2271 0.0000
vt 0.6205 0.2329 0.0000
vt 0.6069 0.2332 0.0000
vt 0.6088 0.2379 0.0000
vt 0.6220 0.2380 0.0000
vt 0.6095 0.2416 0.0000
vt 0.6230 0.2423 0.0000
vt 0.6108 0.2447 0.0000
vt 0.6238 0.2459 0.0000
vt 0.6121 0.2474 0.0000
vt 0.6248 0.2490 0.0000
vt 0.6123 0.2494 0.0000
vt 0.6251 0.2517 0.0000
vt 0.7908 0.3133 0.0000
vt 0.7904 0.3163 0.0000
vt 0.7813 0.3171 0.0000
vt 0.7821 0.3145 0.0000
vt 0.7729 0.3250 0.0000
vt 0.7731 0.3259 0.0000
vt 0.6341 0.2676 0.0000
vt 0.7964 0.3156 0.0000
vt 0.7973 0.3124 0.0000
vt 0.7979 0.3094 0.0000
vt 0.8023 0.3096 0.0000
vt 0.8015 0.3127 0.0000
vt 0.8029 0.3056 0.0000
vt 0.8064 0.3052 0.0000
vt 0.8069 0.2993 0.0000
vt 0.8077 0.2891 0.0000
vt 0.8083 0.2763 0.0000
vt 0.5707 0.1632 0.0000
vt 0.5682 0.1638 0.0000
vt 0.5655 0.1548 0.0000
vt 0.5677 0.1538 0.0000
vt 0.5733 0.1625 0.0000
vt 0.5703 0.1529 0.0000
vt 0.5775 0.1613 0.0000
vt 0.5813 0.1739 0.0000
vt 0.5772 0.1748 0.0000
vt 0.5851 0.1883 0.0000
vt 0.5809 0.1888 0.0000
vt 0.5845 0.2028 0.0000
vt 0.5889 0.2025 0.0000
vt 0.5882 0.2158 0.0000
vt 0.5928 0.2160 0.0000
vt 0.5912 0.2263 0.0000
vt 0.5960 0.2267 0.0000
vt 0.5978 0.2334 0.0000
vt 0.5929 0.2331 0.0000
vt 0.5992 0.2373 0.0000
vt 0.5938 0.2374 0.0000
vt 0.6005 0.2410 0.0000
vt 0.5951 0.2409 0.0000
vt 0.6015 0.2439 0.0000
vt 0.6026 0.2464 0.0000
vt 0.7957 0.3182 0.0000
vt 0.6034 0.2482 0.0000
vt 0.5898 0.2371 0.0000
vt 0.5912 0.2408 0.0000
vt 0.5870 0.2400 0.0000
vt 0.5862 0.2366 0.0000
vt 0.5775 0.1887 0.0000
vt 0.5745 0.1887 0.0000
vt 0.5713 0.1755 0.0000
vt 0.5742 0.1752 0.0000
vt 0.5809 0.2025 0.0000
vt 0.5778 0.2026 0.0000
vt 0.5811 0.2152 0.0000
vt 0.5844 0.2152 0.0000
vt 0.5834 0.2252 0.0000
vt 0.5870 0.2256 0.0000
vt 0.5851 0.2320 0.0000
vt 0.5888 0.2324 0.0000
vt 0.8084 0.1882 0.0000
vt 0.6460 0.4050 0.0000
vt 0.6375 0.4108 0.0000
vt 0.6370 0.4089 0.0000
vt 0.6453 0.4025 0.0000
vt 0.6380 0.4041 0.0000
vt 0.6327 0.4028 0.0000
vt 0.6321 0.3967 0.0000
vt 0.9417 0.5058 0.0000
vt 0.9437 0.5246 0.0000
vt 0.9395 0.4858 0.0000
vt 0.9387 0.4880 0.0000
vt 0.9339 0.4595 0.0000
vt 0.9355 0.4574 0.0000
vt 0.9337 0.4322 0.0000
vt 0.9327 0.4320 0.0000
vt 0.9314 0.4113 0.0000
vt 0.9299 0.4095 0.0000
vt 0.9270 0.3939 0.0000
vt 0.9285 0.3940 0.0000
vt 0.9409 0.5058 0.0000
vt 0.5423 0.0884 0.0000
vt 0.5646 0.6784 0.0000
vt 0.7814 0.3585 0.0000
vt 0.4408 0.5799 0.0000
vt 0.8724 0.6800 0.0000
vt 0.1585 0.8330 0.0000
vt 0.5723 0.9854 0.0000
vt 0.6977 0.0443 0.0000
vt 0.6986 0.0364 0.0000
vt 0.6636 0.8225 0.0000
vt 0.6654 0.8232 0.0000
vt 0.6991 0.0246 0.0000
vt 0.7012 0.0248 0.0000
vt 0.6594 0.8322 0.0000
vt 0.6610 0.8326 0.0000
vt 0.7270 0.5957 0.0000
vt 0.7263 0.5954 0.0000
vt 0.6968 0.0242 0.0000
vt 0.4367 0.7944 0.0000
vt 0.4340 0.7874 0.0000
vt 0.4362 0.7938 0.0000
vt 0.4332 0.7869 0.0000
vt 0.4316 0.7821 0.0000
vt 0.4316 0.7868 0.0000
vt 0.4304 0.7804 0.0000
vt 0.4312 0.7819 0.0000
vt 0.4290 0.7765 0.0000
vt 0.4293 0.7768 0.0000
vt 0.4304 0.7788 0.0000
vt 0.4352 0.7925 0.0000
vt 0.4337 0.7988 0.0000
vt 0.4358 0.7978 0.0000
vt 0.5372 0.1050 0.0000
vt 0.5634 0.2974 0.0000
vt 0.8414 0.7639 0.0000
vt 0.9493 0.7805 0.0000
vt 0.9462 0.7704 0.0000
vt 0.9579 0.7761 0.0000
vt 0.9613 0.7715 0.0000
vt 0.6395 0.8640 0.0000
vt 0.6494 0.8640 0.0000
vt 0.6495 0.8670 0.0000
vt 0.6395 0.8670 0.0000
vt 0.6395 0.8703 0.0000
vt 0.6495 0.8704 0.0000
vt 0.9865 0.7698 0.0000
vt 0.9909 0.7701 0.0000
vt 0.6267 0.8668 0.0000
vt 0.6266 0.8698 0.0000
vt 0.6264 0.8728 0.0000
vt 0.6389 0.8737 0.0000
vt 0.6266 0.8642 0.0000
vt 0.6266 0.8615 0.0000
vt 0.6392 0.8613 0.0000
vt 0.6132 0.8694 0.0000
vt 0.6130 0.8720 0.0000
vt 0.6132 0.8643 0.0000
vt 0.6132 0.8618 0.0000
vt 0.6132 0.8666 0.0000
vt 0.6009 0.8621 0.0000
vt 0.6008 0.8642 0.0000
vt 0.6008 0.8665 0.0000
vt 0.6009 0.8688 0.0000
vt 0.5954 0.8667 0.0000
vt 0.5953 0.8645 0.0000
vt 0.5953 0.8687 0.0000
vt 0.6007 0.8713 0.0000
vt 0.5952 0.8706 0.0000
vt 0.6097 0.8569 0.0000
vt 0.6095 0.8590 0.0000
vt 0.6040 0.8587 0.0000
vt 0.6041 0.8566 0.0000
vt 0.9844 0.7701 0.0000
vt 0.3744 0.5582 0.0000
vt 0.5678 0.6760 0.0000
vt 0.7497 0.2233 0.0000
vt 0.7557 0.2229 0.0000
vt 0.5233 0.1032 0.0000
vt 0.5271 0.0998 0.0000
vt 0.7553 0.3911 0.0000
vt 0.6091 0.8467 0.0000
vt 0.6091 0.8458 0.0000
vt 0.6954 0.9721 0.0000
vt 0.7060 0.9750 0.0000
vt 0.6157 0.8448 0.0000
vt 0.6156 0.8441 0.0000
vt 0.6816 0.9705 0.0000
vt 0.6826 0.9680 0.0000
vt 0.6729 0.9675 0.0000
vt 0.6740 0.9643 0.0000
vt 0.6675 0.9652 0.0000
vt 0.6681 0.9600 0.0000
vt 0.6202 0.8408 0.0000
vt 0.6245 0.8394 0.0000
vt 0.9427 0.3478 0.0000
vt 0.9453 0.3491 0.0000
vt 0.9003 0.3503 0.0000
vt 0.8896 0.3410 0.0000
vt 0.8905 0.3393 0.0000
vt 0.4314 0.9676 0.0000
vt 0.4242 0.9649 0.0000
vt 0.4311 0.9657 0.0000
vt 0.8874 0.3348 0.0000
vt 0.4148 0.9646 0.0000
vt 0.4088 0.9638 0.0000
vt 0.4149 0.9608 0.0000
vt 0.4241 0.9617 0.0000
vt 0.4090 0.9595 0.0000
vt 0.6574 0.9359 0.0000
vt 0.6589 0.9360 0.0000
vt 0.6560 0.9301 0.0000
vt 0.6571 0.9297 0.0000
vt 0.3887 0.9622 0.0000
vt 0.3908 0.9560 0.0000
vt 0.3829 0.9641 0.0000
vt 0.3741 0.9660 0.0000
vt 0.3752 0.9615 0.0000
vt 0.3850 0.9585 0.0000
vt 0.3635 0.9675 0.0000
vt 0.3524 0.9670 0.0000
vt 0.4180 0.9899 0.0000
vt 0.4040 0.9915 0.0000
vt 0.4304 0.9910 0.0000
vt 0.4201 0.9807 0.0000
vt 0.4305 0.9839 0.0000
vt 0.3830 0.9920 0.0000
vt 0.3776 0.9908 0.0000
vt 0.4361 0.9920 0.0000
vt 0.3866 0.5551 0.0000
vt 0.7776 0.2215 0.0000
vt 0.8301 0.8479 0.0000
vt 0.7028 0.0071 0.0000
vt 0.6018 0.8589 0.0000
vt 0.6021 0.8571 0.0000
vt 0.9424 0.5218 0.0000
vt 0.8881 0.3339 0.0000
vt 0.9008 0.3396 0.0000
vt 0.3763 0.9894 0.0000
vt 0.8206 0.1975 0.0000
vt 0.6140 0.8566 0.0000
vt 0.7174 0.9359 0.0000
vt 0.6120 0.8560 0.0000
vt 0.6143 0.8568 0.0000
vt 0.8749 0.3257 0.0000
vt 0.8748 0.3293 0.0000
vt 0.3853 0.9553 0.0000
# 9738 texture coords

o model001
g model001
usemtl Material__26
s 1
f 1/1/1 2/2/1 3/3/1 4/4/1 
f 5/5/1 6/6/1 7/7/1 8/8/1 
f 9/9/1 10/10/1 8/11/1 11/12/1 
f 10/10/1 12/13/1 5/14/1 8/11/1 
f 13/15/1 14/16/1 15/17/1 16/18/1 
f 17/19/1 18/20/1 19/21/1 20/22/1 
f 21/23/1 22/24/1 23/25/1 24/26/1 
f 25/27/1 24/26/1 23/25/1 26/28/1 
f 27/29/1 26/28/1 23/25/1 22/24/1 
f 28/30/1 25/27/1 26/28/1 27/29/1 
f 29/31/1 30/32/1 31/33/1 32/34/1 
f 33/35/1 32/36/1 31/37/1 34/38/1 
f 35/39/1 34/40/1 31/33/1 30/32/1 
f 36/41/1 35/39/1 30/32/1 29/31/1 
f 36/41/1 29/31/1 32/34/1 33/42/1 
f 37/43/1 38/44/1 39/45/1 40/46/1 
f 39/45/1 41/47/1 42/48/1 40/46/1 
f 42/48/1 43/49/1 44/50/1 40/46/1 
f 40/46/1 45/51/1 46/52/1 37/43/1 
f 44/50/1 47/53/1 45/51/1 40/46/1 
f 48/54/1 49/55/1 50/56/1 51/57/1 
f 48/54/1 52/58/1 53/59/1 49/55/1 
f 49/55/1 53/59/1 54/60/1 55/61/1 
f 49/55/1 55/61/1 56/62/1 50/56/1 
f 57/63/1 58/64/1 59/65/1 60/66/1 
f 61/67/1 62/68/1 58/64/1 57/63/1 
f 63/69/1 64/70/1 61/67/1 57/63/1 
f 57/71/1 65/72/1 66/73/1 63/74/1 
f 67/75/1 68/76/1 69/77/1 70/78/1 
f 71/79/1 72/80/1 69/77/1 68/76/1 
f 69/77/1 73/81/1 74/82/1 70/78/1 
f 71/79/1 68/76/1 75/83/1 76/84/1 
f 77/85/1 78/86/1 79/87/1 80/88/1 
f 81/89/1 82/90/1 79/91/1 78/92/1 
f 83/93/1 80/94/1 79/95/1 84/96/1 
f 85/97/1 86/98/1 87/99/1 88/100/1 
f 85/101/1 89/102/1 90/103/1 86/104/1 
f 91/105/1 92/106/1 90/103/1 89/102/1 
f 93/107/1 94/108/1 95/109/1 96/110/1 
f 96/111/1 95/112/1 82/90/1 97/113/1 
f 79/114/1 82/115/1 95/109/1 94/108/1 
f 96/110/1 98/116/1 99/117/1 93/107/1 
f 99/117/1 100/118/1 101/119/1 102/120/1 
f 103/121/1 99/117/1 102/120/1 104/122/1 
f 105/123/1 93/107/1 99/117/1 103/121/1 
f 100/118/1 99/117/1 98/116/1 106/124/1 
f 96/111/1 97/113/1 107/125/1 98/126/1 
f 108/127/1 97/113/1 109/128/1 110/129/1 
f 107/125/1 97/113/1 108/127/1 102/130/1 
f 111/131/1 109/128/1 97/113/1 82/90/1 
f 112/132/1 103/121/1 104/122/1 113/133/1 
f 114/134/1 113/135/1 104/136/1 115/137/1 
f 116/138/1 115/139/1 108/127/1 110/129/1 
f 117/140/1 118/141/1 119/142/1 120/143/1 
f 121/144/1 122/145/1 119/142/1 118/141/1 
f 123/146/1 124/147/1 119/142/1 122/145/1 
f 120/143/1 119/142/1 125/148/1 126/149/1 
f 127/150/1 125/148/1 119/142/1 124/147/1 
f 128/151/1 129/152/1 130/153/1 122/154/1 
f 123/155/1 122/154/1 130/153/1 131/156/1 
f 121/144/1 132/157/1 128/158/1 122/145/1 
f 133/159/1 126/160/1 125/161/1 130/153/1 
f 131/156/1 130/153/1 125/161/1 127/162/1 
f 134/163/1 124/164/1 135/165/1 136/166/1 
f 136/166/1 135/165/1 137/167/1 138/168/1 
f 123/169/1 137/167/1 135/165/1 124/164/1 
f 131/170/1 139/171/1 137/172/1 123/173/1 
f 140/174/1 138/168/1 137/167/1 141/175/1 
f 140/176/1 142/177/1 64/178/1 63/179/1 
f 143/180/1 142/177/1 140/176/1 141/181/1 
f 144/182/1 145/183/1 146/184/1 14/16/1 
f 147/185/1 144/182/1 14/16/1 13/15/1 
f 148/186/1 149/187/1 150/188/1 151/189/1 
f 150/188/1 152/190/1 153/191/1 151/189/1 
f 154/192/1 155/193/1 156/194/1 157/195/1 
f 158/196/1 159/197/1 155/198/1 154/199/1 
f 160/200/1 161/201/1 162/202/1 155/193/1 
f 156/194/1 155/193/1 162/202/1 163/203/1 
f 155/198/1 159/197/1 164/204/1 165/205/1 
f 165/205/1 166/206/1 160/207/1 155/198/1 
f 157/195/1 156/194/1 167/208/1 168/209/1 
f 168/210/1 169/211/1 159/197/1 158/196/1 
f 170/212/1 171/213/1 172/214/1 173/215/1 
f 174/216/1 175/217/1 171/213/1 170/212/1 
f 170/212/1 173/215/1 176/218/1 177/219/1 
f 177/219/1 178/220/1 174/216/1 170/212/1 
f 179/221/1 180/222/1 157/195/1 168/209/1 
f 181/223/1 179/224/1 168/210/1 158/196/1 
f 5/5/1 12/225/1 144/226/1 147/227/1 
f 182/228/1 183/229/1 144/230/1 12/13/1 
f 184/231/1 145/183/1 144/182/1 183/232/1 
f 185/233/1 186/234/1 187/235/1 188/236/1 
f 189/237/1 190/238/1 188/236/1 187/235/1 
f 191/239/1 189/240/1 187/241/1 192/242/1 
f 193/243/1 192/244/1 187/245/1 194/246/1 
f 165/205/1 164/204/1 195/247/1 166/206/1 
f 196/248/1 197/249/1 187/245/1 186/250/1 
f 198/251/1 194/246/1 187/245/1 197/249/1 
f 163/203/1 199/252/1 167/208/1 156/194/1 
f 200/253/1 167/208/1 199/252/1 201/254/1 
f 199/252/1 202/255/1 203/256/1 204/257/1 
f 193/258/1 205/259/1 206/260/1 192/242/1 
f 191/239/1 192/242/1 206/260/1 207/261/1 
f 207/261/1 206/260/1 208/262/1 209/263/1 
f 202/255/1 210/264/1 211/265/1 203/256/1 
f 162/202/1 161/201/1 212/266/1 202/255/1 
f 212/266/1 213/267/1 210/264/1 202/255/1 
f 201/254/1 214/268/1 169/269/1 200/253/1 
f 159/197/1 169/211/1 214/270/1 164/204/1 
f 214/270/1 215/271/1 216/272/1 217/273/1 
f 218/274/1 194/246/1 198/251/1 219/275/1 
f 219/276/1 198/277/1 205/259/1 220/278/1 
f 221/279/1 222/280/1 198/251/1 197/249/1 
f 223/281/1 222/282/1 221/283/1 224/284/1 
f 225/285/1 226/286/1 227/287/1 228/288/1 
f 229/289/1 230/290/1 226/286/1 225/285/1 
f 225/291/1 231/292/1 232/293/1 233/294/1 
f 228/295/1 234/296/1 235/297/1 225/291/1 
f 235/297/1 236/298/1 231/292/1 225/291/1 
f 237/299/1 238/300/1 239/301/1 240/302/1 
f 239/301/1 241/303/1 242/304/1 240/302/1 
f 242/304/1 243/305/1 244/306/1 240/302/1 
f 240/302/1 245/307/1 246/308/1 237/299/1 
f 244/306/1 247/309/1 245/307/1 240/302/1 
f 248/310/1 249/311/1 250/312/1 251/313/1 
f 251/313/1 250/312/1 252/314/1 253/315/1 
f 251/313/1 227/287/1 226/286/1 248/310/1 
f 227/316/1 251/317/1 254/318/1 255/319/1 
f 256/320/1 257/321/1 258/322/1 259/323/1 
f 260/324/1 261/325/1 258/322/1 257/321/1 
f 262/326/1 259/323/1 258/322/1 263/327/1 
f 254/328/1 264/329/1 232/330/1 255/331/1 
f 265/332/1 266/333/1 264/334/1 254/335/1 
f 267/336/1 268/337/1 269/338/1 270/339/1 
f 271/340/1 270/339/1 269/338/1 272/341/1 
f 273/342/1 272/341/1 269/338/1 268/337/1 
f 260/324/1 257/321/1 274/343/1 275/344/1 
f 275/345/1 276/346/1 261/347/1 260/348/1 
f 277/349/1 278/350/1 279/351/1 280/352/1 
f 278/353/1 281/354/1 282/355/1 279/356/1 
f 283/357/1 280/352/1 279/351/1 282/358/1 
f 284/359/1 285/360/1 286/361/1 287/362/1 
f 288/363/1 287/362/1 286/361/1 289/364/1 
f 290/365/1 289/366/1 286/367/1 285/368/1 
f 263/327/1 291/369/1 292/370/1 293/371/1 
f 294/372/1 295/373/1 293/371/1 292/370/1 
f 296/374/1 297/375/1 294/376/1 292/377/1 
f 298/378/1 299/379/1 296/374/1 292/377/1 
f 291/380/1 300/381/1 298/378/1 292/377/1 
f 301/382/1 302/383/1 303/384/1 304/385/1 
f 305/386/1 306/387/1 303/384/1 302/383/1 
f 307/388/1 308/389/1 303/384/1 306/387/1 
f 309/390/1 310/391/1 308/389/1 307/388/1 
f 311/392/1 303/384/1 308/389/1 310/391/1 
f 312/393/1 313/394/1 314/395/1 315/396/1 
f 316/397/1 317/398/1 314/395/1 313/394/1 
f 318/399/1 319/400/1 37/43/1 46/52/1 
f 46/52/1 45/51/1 320/401/1 318/399/1 
f 321/402/1 322/403/1 283/404/1 323/405/1 
f 323/405/1 324/406/1 325/407/1 326/408/1 
f 321/402/1 323/405/1 327/409/1 328/410/1 
f 326/408/1 329/411/1 327/409/1 323/405/1 
f 330/412/1 331/413/1 332/414/1 333/415/1 
f 334/416/1 335/417/1 336/418/1 337/419/1 
f 334/420/1 337/421/1 338/422/1 339/423/1 
f 335/424/1 334/425/1 340/426/1 341/427/1 
f 304/385/1 342/428/1 343/429/1 344/430/1 
f 345/431/1 344/430/1 343/429/1 346/432/1 
f 342/428/1 347/433/1 348/434/1 343/429/1 
f 349/435/1 350/436/1 343/437/1 351/438/1 
f 348/434/1 352/439/1 351/440/1 343/429/1 
f 353/441/1 354/442/1 355/443/1 356/444/1 
f 357/445/1 358/446/1 354/442/1 353/441/1 
f 353/441/1 359/447/1 360/448/1 357/445/1 
f 356/444/1 361/449/1 359/447/1 353/441/1 
f 362/450/1 363/451/1 337/419/1 336/418/1 
f 364/452/1 346/432/1 343/429/1 350/453/1 
f 329/411/1 365/454/1 366/455/1 327/409/1 
f 328/410/1 327/409/1 366/455/1 367/456/1 
f 365/454/1 368/457/1 367/456/1 366/455/1 
f 369/458/1 370/459/1 371/460/1 372/461/1 
f 373/462/1 372/461/1 371/460/1 374/463/1 
f 369/464/1 375/465/1 376/466/1 370/467/1 
f 373/462/1 374/463/1 376/468/1 375/469/1 
f 377/470/1 378/471/1 379/472/1 380/473/1 
f 381/474/1 380/473/1 379/472/1 382/475/1 
f 379/472/1 378/471/1 383/476/1 382/475/1 
f 384/477/1 385/478/1 386/479/1 387/480/1 
f 384/477/1 387/480/1 388/481/1 389/482/1 
f 387/480/1 386/479/1 390/483/1 391/484/1 
f 392/485/1 387/486/1 393/487/1 394/488/1 
f 395/489/1 396/490/1 391/491/1 397/492/1 
f 398/493/1 399/494/1 391/491/1 396/490/1 
f 391/491/1 399/494/1 393/487/1 387/486/1 
f 400/495/1 388/481/1 387/480/1 392/496/1 
f 401/497/1 402/498/1 403/499/1 404/500/1 
f 403/501/1 405/502/1 406/503/1 404/504/1 
f 407/505/1 404/504/1 406/503/1 408/506/1 
f 409/507/1 401/497/1 404/500/1 407/508/1 
f 410/509/1 411/510/1 393/487/1 399/494/1 
f 393/511/1 412/512/1 413/513/1 394/514/1 
f 411/510/1 414/515/1 412/516/1 393/487/1 
f 415/517/1 416/518/1 417/519/1 418/520/1 
f 416/518/1 419/521/1 420/522/1 417/519/1 
f 416/523/1 415/524/1 421/525/1 422/526/1 
f 406/503/1 405/502/1 423/527/1 424/528/1 
f 35/39/1 36/41/1 408/506/1 425/529/1 
f 426/530/1 425/531/1 408/532/1 427/533/1 
f 408/532/1 406/534/1 428/535/1 427/533/1 
f 33/42/1 407/505/1 408/506/1 36/41/1 
f 429/536/1 430/537/1 431/538/1 432/539/1 
f 429/536/1 432/539/1 433/540/1 434/541/1 
f 435/542/1 436/543/1 437/544/1 430/537/1 
f 435/542/1 434/541/1 438/545/1 436/543/1 
f 439/546/1 440/547/1 428/535/1 406/534/1 
f 441/548/1 442/549/1 443/550/1 444/551/1 
f 445/552/1 444/551/1 443/550/1 446/553/1 
f 447/554/1 446/553/1 443/550/1 442/549/1 
f 448/555/1 449/556/1 450/557/1 451/558/1 
f 452/559/1 451/558/1 450/557/1 453/560/1 
f 454/561/1 453/560/1 450/557/1 449/556/1 
f 455/562/1 456/563/1 448/564/1 451/565/1 
f 457/566/1 458/567/1 448/564/1 456/563/1 
f 459/568/1 460/569/1 448/555/1 458/570/1 
f 461/571/1 449/556/1 448/555/1 460/569/1 
f 462/572/1 463/573/1 464/574/1 465/575/1 
f 465/575/1 466/576/1 467/577/1 462/572/1 
f 468/578/1 469/579/1 466/576/1 465/575/1 
f 465/575/1 464/574/1 470/580/1 468/578/1 
f 471/581/1 472/582/1 473/583/1 474/584/1 
f 475/585/1 474/584/1 473/583/1 476/586/1 
f 477/587/1 476/588/1 473/589/1 478/590/1 
f 479/591/1 22/592/1 21/593/1 472/594/1 
f 473/589/1 472/595/1 21/23/1 24/26/1 
f 478/590/1 25/27/1 28/30/1 480/596/1 
f 481/597/1 480/596/1 28/30/1 27/29/1 
f 472/594/1 471/598/1 482/599/1 479/591/1 
f 483/600/1 484/601/1 482/599/1 471/598/1 
f 485/602/1 486/603/1 482/599/1 484/601/1 
f 487/604/1 470/580/1 464/574/1 488/605/1 
f 488/605/1 489/606/1 490/607/1 487/604/1 
f 464/574/1 463/573/1 491/608/1 488/605/1 
f 491/608/1 492/609/1 489/606/1 488/605/1 
f 493/610/1 494/611/1 495/612/1 496/613/1 
f 495/612/1 497/614/1 498/615/1 496/613/1 
f 499/616/1 500/617/1 501/618/1 486/603/1 
f 502/619/1 482/599/1 486/603/1 503/620/1 
f 504/621/1 503/620/1 486/603/1 501/618/1 
f 505/622/1 506/623/1 507/624/1 508/625/1 
f 505/626/1 499/616/1 486/603/1 485/602/1 
f 508/627/1 509/628/1 499/616/1 505/626/1 
f 510/629/1 511/630/1 512/631/1 513/632/1 
f 514/633/1 515/634/1 516/635/1 517/636/1 
f 518/637/1 519/638/1 516/635/1 515/634/1 
f 520/639/1 517/636/1 516/635/1 519/638/1 
f 521/640/1 522/641/1 523/642/1 524/643/1 
f 524/643/1 525/644/1 526/645/1 521/640/1 
f 521/646/1 526/647/1 527/648/1 528/649/1 
f 529/650/1 494/611/1 493/610/1 530/651/1 
f 529/650/1 531/652/1 532/653/1 533/654/1 
f 531/652/1 534/655/1 535/656/1 532/653/1 
f 535/656/1 536/657/1 537/658/1 532/653/1 
f 532/653/1 537/658/1 538/659/1 533/654/1 
f 538/659/1 537/658/1 539/660/1 540/661/1 
f 540/661/1 541/662/1 542/663/1 538/659/1 
f 542/663/1 497/614/1 533/654/1 538/659/1 
f 541/662/1 543/664/1 544/665/1 542/663/1 
f 544/665/1 498/615/1 497/614/1 542/663/1 
f 544/665/1 543/664/1 545/666/1 546/667/1 
f 544/665/1 546/667/1 547/668/1 498/615/1 
f 547/668/1 548/669/1 496/613/1 498/615/1 
f 547/668/1 546/667/1 549/670/1 550/671/1 
f 547/668/1 550/671/1 551/672/1 548/669/1 
f 548/669/1 551/672/1 552/673/1 553/674/1 
f 550/671/1 554/675/1 555/676/1 551/672/1 
f 551/672/1 555/676/1 556/677/1 552/673/1 
f 556/677/1 557/678/1 558/679/1 552/673/1 
f 555/676/1 559/680/1 560/681/1 556/677/1 
f 560/681/1 561/682/1 557/678/1 556/677/1 
f 561/682/1 562/683/1 563/684/1 557/678/1 
f 561/682/1 560/681/1 564/685/1 565/686/1 
f 565/686/1 566/687/1 562/683/1 561/682/1 
f 566/687/1 567/688/1 568/689/1 562/683/1 
f 566/687/1 565/686/1 569/690/1 570/691/1 
f 570/691/1 571/692/1 567/688/1 566/687/1 
f 571/692/1 572/693/1 573/694/1 567/688/1 
f 571/692/1 570/691/1 574/695/1 575/696/1 
f 571/692/1 575/696/1 576/697/1 572/693/1 
f 524/643/1 523/642/1 572/693/1 576/697/1 
f 575/696/1 577/698/1 578/699/1 576/697/1 
f 576/697/1 578/699/1 525/644/1 524/643/1 
f 577/698/1 579/700/1 580/701/1 578/699/1 
f 578/699/1 580/701/1 581/702/1 525/644/1 
f 582/703/1 526/645/1 525/644/1 581/702/1 
f 580/701/1 583/704/1 584/705/1 581/702/1 
f 581/702/1 584/705/1 585/706/1 582/703/1 
f 585/707/1 586/708/1 587/709/1 588/710/1 
f 588/710/1 589/711/1 582/712/1 585/707/1 
f 584/705/1 507/713/1 586/714/1 585/706/1 
f 589/715/1 588/716/1 590/717/1 591/718/1 
f 527/648/1 589/715/1 591/718/1 592/719/1 
f 589/715/1 527/648/1 526/647/1 582/720/1 
f 593/721/1 512/631/1 592/719/1 591/718/1 
f 594/722/1 592/719/1 512/631/1 511/630/1 
f 528/649/1 527/648/1 592/719/1 594/722/1 
f 595/723/1 596/724/1 594/722/1 511/630/1 
f 597/725/1 528/649/1 594/722/1 596/724/1 
f 596/724/1 598/726/1 599/727/1 597/725/1 
f 597/725/1 599/727/1 600/728/1 601/729/1 
f 528/649/1 597/725/1 601/729/1 521/646/1 
f 601/729/1 600/728/1 602/730/1 603/731/1 
f 601/732/1 603/733/1 522/641/1 521/640/1 
f 603/733/1 602/734/1 604/735/1 605/736/1 
f 603/733/1 605/736/1 606/737/1 522/641/1 
f 605/736/1 607/738/1 608/739/1 606/737/1 
f 606/737/1 608/739/1 609/740/1 610/741/1 
f 610/741/1 523/642/1 522/641/1 606/737/1 
f 609/740/1 611/742/1 573/694/1 610/741/1 
f 610/741/1 573/694/1 572/693/1 523/642/1 
f 611/742/1 609/740/1 612/743/1 613/744/1 
f 613/744/1 614/745/1 568/689/1 611/742/1 
f 611/742/1 568/689/1 567/688/1 573/694/1 
f 614/745/1 613/744/1 518/637/1 615/746/1 
f 615/746/1 616/747/1 563/684/1 614/745/1 
f 614/745/1 563/684/1 562/683/1 568/689/1 
f 615/746/1 617/748/1 618/749/1 616/747/1 
f 618/749/1 619/750/1 558/679/1 616/747/1 
f 616/747/1 558/679/1 557/678/1 563/684/1 
f 619/750/1 618/749/1 620/751/1 530/651/1 
f 553/674/1 619/750/1 530/651/1 493/610/1 
f 619/750/1 553/674/1 552/673/1 558/679/1 
f 621/752/1 622/753/1 623/754/1 620/751/1 
f 623/754/1 529/650/1 530/651/1 620/751/1 
f 620/751/1 618/749/1 617/748/1 621/752/1 
f 622/753/1 624/755/1 625/756/1 623/754/1 
f 623/754/1 625/756/1 531/652/1 529/650/1 
f 624/755/1 626/757/1 627/758/1 625/756/1 
f 625/756/1 627/758/1 534/655/1 531/652/1 
f 626/757/1 628/759/1 629/760/1 627/758/1 
f 627/758/1 629/760/1 630/761/1 534/655/1 
f 629/760/1 631/762/1 632/763/1 630/761/1 
f 632/763/1 633/764/1 634/765/1 630/761/1 
f 634/765/1 535/656/1 534/655/1 630/761/1 
f 633/764/1 635/766/1 636/767/1 634/765/1 
f 634/765/1 636/767/1 536/657/1 535/656/1 
f 635/766/1 637/768/1 638/769/1 636/767/1 
f 636/767/1 638/769/1 639/770/1 536/657/1 
f 639/770/1 638/769/1 640/771/1 641/772/1 
f 641/772/1 642/773/1 539/660/1 639/770/1 
f 639/770/1 539/660/1 537/658/1 536/657/1 
f 642/773/1 641/772/1 643/774/1 644/775/1 
f 644/775/1 645/776/1 646/777/1 642/773/1 
f 642/773/1 646/777/1 540/661/1 539/660/1 
f 645/776/1 647/778/1 648/779/1 646/777/1 
f 646/777/1 648/779/1 541/662/1 540/661/1 
f 647/778/1 649/780/1 650/781/1 648/779/1 
f 648/779/1 650/781/1 543/664/1 541/662/1 
f 649/780/1 651/782/1 652/783/1 650/781/1 
f 650/781/1 652/783/1 545/666/1 543/664/1 
f 651/782/1 653/784/1 654/785/1 652/783/1 
f 654/785/1 655/786/1 545/666/1 652/783/1 
f 655/786/1 549/670/1 546/667/1 545/666/1 
f 655/786/1 654/785/1 656/787/1 657/788/1 
f 657/788/1 658/789/1 549/670/1 655/786/1 
f 658/789/1 554/675/1 550/671/1 549/670/1 
f 658/789/1 657/788/1 659/790/1 660/791/1 
f 660/791/1 661/792/1 554/675/1 658/789/1 
f 559/680/1 555/676/1 554/675/1 661/792/1 
f 661/792/1 660/791/1 662/793/1 663/794/1 
f 661/792/1 663/794/1 664/795/1 559/680/1 
f 564/685/1 560/681/1 559/680/1 664/795/1 
f 663/794/1 665/796/1 666/797/1 664/795/1 
f 666/797/1 667/798/1 564/685/1 664/795/1 
f 667/798/1 569/690/1 565/686/1 564/685/1 
f 667/798/1 666/797/1 668/799/1 669/800/1 
f 669/800/1 670/801/1 569/690/1 667/798/1 
f 670/801/1 574/695/1 570/691/1 569/690/1 
f 670/801/1 669/800/1 671/802/1 672/803/1 
f 672/803/1 673/804/1 574/695/1 670/801/1 
f 577/698/1 575/696/1 574/695/1 673/804/1 
f 673/804/1 672/803/1 674/805/1 675/806/1 
f 673/804/1 675/806/1 579/700/1 577/698/1 
f 675/806/1 674/805/1 676/807/1 677/808/1 
f 675/806/1 677/808/1 678/809/1 579/700/1 
f 583/704/1 580/701/1 579/700/1 678/809/1 
f 678/809/1 677/808/1 679/810/1 509/628/1 
f 509/628/1 508/627/1 583/704/1 678/809/1 
f 677/808/1 676/807/1 680/811/1 679/810/1 
f 679/810/1 680/811/1 681/812/1 500/617/1 
f 500/617/1 499/616/1 509/628/1 679/810/1 
f 680/811/1 682/813/1 683/814/1 681/812/1 
f 681/812/1 683/814/1 684/815/1 685/816/1 
f 685/816/1 501/618/1 500/617/1 681/812/1 
f 685/816/1 684/815/1 686/817/1 687/818/1 
f 687/818/1 504/621/1 501/618/1 685/816/1 
f 687/818/1 686/817/1 688/819/1 689/820/1 
f 689/820/1 690/821/1 504/621/1 687/818/1 
f 690/821/1 689/820/1 691/822/1 692/823/1 
f 693/824/1 690/825/1 692/826/1 694/827/1 
f 503/620/1 504/621/1 690/821/1 693/828/1 
f 477/587/1 695/829/1 693/824/1 694/827/1 
f 502/830/1 503/831/1 693/824/1 695/829/1 
f 478/590/1 480/596/1 695/829/1 477/587/1 
f 481/597/1 502/830/1 695/829/1 480/596/1 
f 694/827/1 692/826/1 696/832/1 697/833/1 
f 476/588/1 477/587/1 694/827/1 697/833/1 
f 696/832/1 698/834/1 699/835/1 697/833/1 
f 476/586/1 697/836/1 699/837/1 475/585/1 
f 698/834/1 700/838/1 701/839/1 699/835/1 
f 699/837/1 701/840/1 702/841/1 475/585/1 
f 701/839/1 703/842/1 704/843/1 702/844/1 
f 702/841/1 704/845/1 705/846/1 706/847/1 
f 474/584/1 475/585/1 702/841/1 706/847/1 
f 706/847/1 705/846/1 707/848/1 483/849/1 
f 471/581/1 474/584/1 706/847/1 483/849/1 
f 705/850/1 440/547/1 439/546/1 707/851/1 
f 707/851/1 439/546/1 708/852/1 709/853/1 
f 483/849/1 707/848/1 709/854/1 484/855/1 
f 709/854/1 708/856/1 710/857/1 711/858/1 
f 484/855/1 709/854/1 711/858/1 485/859/1 
f 711/858/1 710/857/1 712/860/1 713/861/1 
f 713/861/1 505/622/1 485/859/1 711/858/1 
f 713/861/1 712/860/1 714/862/1 715/863/1 
f 713/861/1 715/863/1 506/623/1 505/622/1 
f 714/862/1 716/864/1 717/865/1 715/863/1 
f 715/863/1 717/865/1 718/866/1 506/623/1 
f 717/865/1 719/867/1 720/868/1 718/866/1 
f 718/866/1 720/868/1 587/709/1 586/708/1 
f 586/708/1 507/624/1 506/623/1 718/866/1 
f 719/869/1 721/870/1 722/871/1 720/872/1 
f 722/871/1 723/873/1 587/874/1 720/872/1 
f 723/873/1 722/871/1 724/875/1 725/876/1 
f 725/876/1 726/877/1 590/717/1 723/873/1 
f 723/873/1 590/717/1 588/716/1 587/874/1 
f 726/877/1 725/876/1 727/878/1 728/879/1 
f 728/879/1 729/880/1 593/721/1 726/877/1 
f 726/877/1 593/721/1 591/718/1 590/717/1 
f 728/879/1 730/881/1 731/882/1 729/880/1 
f 729/880/1 731/882/1 510/629/1 513/632/1 
f 512/631/1 593/721/1 729/880/1 513/632/1 
f 730/881/1 732/883/1 733/884/1 731/882/1 
f 731/882/1 733/884/1 734/885/1 510/629/1 
f 733/884/1 735/886/1 736/887/1 734/885/1 
f 734/885/1 736/887/1 737/888/1 595/723/1 
f 595/723/1 511/630/1 510/629/1 734/885/1 
f 736/887/1 738/889/1 739/890/1 737/888/1 
f 737/888/1 739/890/1 740/891/1 598/726/1 
f 598/726/1 596/724/1 595/723/1 737/888/1 
f 739/890/1 741/892/1 742/893/1 740/891/1 
f 740/891/1 742/893/1 743/894/1 744/895/1 
f 744/895/1 599/727/1 598/726/1 740/891/1 
f 744/895/1 743/894/1 745/896/1 746/897/1 
f 746/897/1 600/728/1 599/727/1 744/895/1 
f 746/897/1 745/896/1 747/898/1 748/899/1 
f 748/899/1 602/730/1 600/728/1 746/897/1 
f 748/899/1 747/898/1 749/900/1 750/901/1 
f 750/902/1 604/735/1 602/734/1 748/903/1 
f 750/902/1 749/904/1 751/905/1 752/906/1 
f 752/906/1 753/907/1 604/735/1 750/902/1 
f 753/907/1 752/906/1 754/908/1 755/909/1 
f 755/909/1 756/910/1 607/738/1 753/907/1 
f 753/907/1 607/738/1 605/736/1 604/735/1 
f 756/910/1 755/909/1 757/911/1 758/912/1 
f 756/910/1 758/912/1 520/639/1 759/913/1 
f 759/913/1 608/739/1 607/738/1 756/910/1 
f 759/913/1 520/639/1 519/638/1 612/743/1 
f 612/743/1 609/740/1 608/739/1 759/913/1 
f 758/912/1 757/911/1 760/914/1 761/915/1 
f 761/915/1 517/636/1 520/639/1 758/912/1 
f 761/915/1 760/914/1 762/916/1 763/917/1 
f 763/917/1 514/633/1 517/636/1 761/915/1 
f 763/917/1 762/916/1 624/755/1 622/753/1 
f 622/753/1 621/752/1 514/633/1 763/917/1 
f 760/914/1 764/918/1 765/919/1 762/916/1 
f 762/916/1 765/919/1 626/757/1 624/755/1 
f 764/918/1 766/920/1 767/921/1 765/919/1 
f 765/919/1 767/921/1 628/759/1 626/757/1 
f 766/920/1 768/922/1 769/923/1 767/921/1 
f 767/921/1 769/923/1 770/924/1 628/759/1 
f 769/923/1 771/925/1 772/926/1 770/924/1 
f 770/924/1 772/926/1 773/927/1 631/762/1 
f 631/762/1 629/760/1 628/759/1 770/924/1 
f 772/926/1 774/928/1 775/929/1 773/927/1 
f 773/927/1 775/929/1 776/930/1 777/931/1 
f 777/931/1 632/763/1 631/762/1 773/927/1 
f 777/931/1 776/930/1 778/932/1 779/933/1 
f 777/931/1 779/933/1 633/764/1 632/763/1 
f 778/932/1 780/934/1 781/935/1 779/933/1 
f 779/933/1 781/935/1 635/766/1 633/764/1 
f 780/934/1 782/936/1 783/937/1 781/935/1 
f 781/935/1 783/937/1 637/768/1 635/766/1 
f 783/937/1 782/936/1 784/938/1 785/939/1 
f 785/939/1 786/940/1 637/768/1 783/937/1 
f 786/940/1 785/939/1 787/941/1 788/942/1 
f 788/942/1 789/943/1 640/771/1 786/940/1 
f 786/940/1 640/771/1 638/769/1 637/768/1 
f 789/943/1 788/942/1 790/944/1 791/945/1 
f 791/945/1 792/946/1 643/774/1 789/943/1 
f 789/943/1 643/774/1 641/772/1 640/771/1 
f 792/946/1 791/945/1 793/947/1 794/948/1 
f 794/948/1 795/949/1 796/950/1 792/946/1 
f 792/946/1 796/950/1 644/775/1 643/774/1 
f 795/949/1 797/951/1 798/952/1 796/950/1 
f 796/950/1 798/952/1 645/776/1 644/775/1 
f 797/951/1 799/953/1 800/954/1 798/952/1 
f 798/952/1 800/954/1 647/778/1 645/776/1 
f 799/953/1 801/955/1 802/956/1 800/954/1 
f 800/954/1 802/956/1 649/780/1 647/778/1 
f 801/955/1 803/957/1 804/958/1 802/956/1 
f 802/956/1 804/958/1 651/782/1 649/780/1 
f 803/957/1 805/959/1 806/960/1 804/958/1 
f 804/958/1 806/960/1 653/784/1 651/782/1 
f 805/959/1 807/961/1 808/962/1 806/960/1 
f 806/960/1 808/962/1 809/963/1 653/784/1 
f 809/963/1 656/787/1 654/785/1 653/784/1 
f 809/963/1 808/962/1 810/964/1 811/965/1 
f 811/965/1 812/966/1 656/787/1 809/963/1 
f 812/966/1 659/790/1 657/788/1 656/787/1 
f 812/966/1 811/965/1 813/967/1 814/968/1 
f 814/968/1 815/969/1 659/790/1 812/966/1 
f 815/969/1 662/793/1 660/791/1 659/790/1 
f 815/969/1 814/968/1 816/970/1 817/971/1 
f 817/971/1 818/972/1 662/793/1 815/969/1 
f 818/972/1 665/796/1 663/794/1 662/793/1 
f 818/972/1 817/971/1 819/973/1 820/974/1 
f 820/974/1 821/975/1 665/796/1 818/972/1 
f 821/975/1 668/799/1 666/797/1 665/796/1 
f 821/975/1 820/974/1 822/976/1 823/977/1 
f 823/977/1 824/978/1 668/799/1 821/975/1 
f 824/978/1 671/802/1 669/800/1 668/799/1 
f 824/978/1 823/977/1 825/979/1 826/980/1 
f 826/980/1 827/981/1 671/802/1 824/978/1 
f 827/981/1 674/805/1 672/803/1 671/802/1 
f 827/981/1 826/980/1 828/982/1 829/983/1 
f 829/983/1 676/807/1 674/805/1 827/981/1 
f 829/983/1 828/982/1 830/984/1 682/813/1 
f 682/813/1 680/811/1 676/807/1 829/983/1 
f 828/982/1 831/985/1 832/986/1 830/984/1 
f 830/984/1 832/986/1 833/987/1 834/988/1 
f 834/988/1 683/814/1 682/813/1 830/984/1 
f 834/988/1 833/987/1 835/989/1 836/990/1 
f 836/990/1 684/815/1 683/814/1 834/988/1 
f 835/989/1 487/604/1 490/607/1 836/990/1 
f 490/607/1 686/817/1 684/815/1 836/990/1 
f 833/987/1 837/991/1 838/992/1 835/989/1 
f 835/989/1 838/992/1 470/580/1 487/604/1 
f 837/991/1 839/993/1 840/994/1 838/992/1 
f 838/992/1 840/994/1 468/578/1 470/580/1 
f 839/993/1 841/995/1 842/996/1 840/994/1 
f 840/994/1 842/996/1 469/579/1 468/578/1 
f 841/995/1 843/997/1 844/998/1 842/996/1 
f 842/996/1 844/998/1 845/999/1 469/579/1 
f 844/998/1 846/1000/1 847/1001/1 845/999/1 
f 845/999/1 847/1001/1 848/1002/1 849/1003/1 
f 849/1003/1 466/576/1 469/579/1 845/999/1 
f 848/1002/1 850/1004/1 851/1005/1 849/1003/1 
f 849/1003/1 851/1005/1 467/577/1 466/576/1 
f 851/1005/1 850/1004/1 852/1006/1 853/1007/1 
f 851/1005/1 853/1007/1 854/1008/1 467/577/1 
f 853/1007/1 855/1009/1 856/1010/1 854/1008/1 
f 854/1008/1 856/1010/1 857/1011/1 858/1012/1 
f 858/1012/1 462/572/1 467/577/1 854/1008/1 
f 857/1011/1 859/1013/1 860/1014/1 858/1012/1 
f 860/1014/1 463/573/1 462/572/1 858/1012/1 
f 859/1013/1 861/1015/1 862/1016/1 860/1014/1 
f 860/1014/1 862/1016/1 491/608/1 463/573/1 
f 861/1015/1 863/1017/1 864/1018/1 862/1016/1 
f 862/1016/1 864/1018/1 492/609/1 491/608/1 
f 863/1017/1 865/1019/1 866/1020/1 864/1018/1 
f 864/1018/1 866/1020/1 867/1021/1 492/609/1 
f 866/1020/1 868/1022/1 691/822/1 867/1021/1 
f 867/1021/1 691/822/1 689/820/1 688/819/1 
f 688/819/1 489/606/1 492/609/1 867/1021/1 
f 868/1022/1 866/1020/1 865/1019/1 869/1023/1 
f 868/1024/1 869/1025/1 698/834/1 696/832/1 
f 868/1024/1 696/832/1 692/826/1 691/1026/1 
f 865/1027/1 870/1028/1 871/1029/1 869/1025/1 
f 869/1025/1 871/1029/1 700/838/1 698/834/1 
f 870/1028/1 872/1030/1 873/1031/1 871/1029/1 
f 871/1029/1 873/1031/1 874/1032/1 700/838/1 
f 873/1031/1 875/1033/1 876/1034/1 874/1032/1 
f 874/1032/1 876/1034/1 877/1035/1 703/842/1 
f 703/842/1 701/839/1 700/838/1 874/1032/1 
f 876/1034/1 878/1036/1 879/1037/1 877/1035/1 
f 879/1037/1 880/1038/1 881/1039/1 877/1035/1 
f 881/1039/1 704/843/1 703/842/1 877/1035/1 
f 880/1038/1 428/535/1 440/547/1 881/1039/1 
f 440/547/1 705/850/1 704/843/1 881/1039/1 
f 880/1038/1 879/1037/1 882/1040/1 883/1041/1 
f 428/535/1 880/1038/1 883/1041/1 427/533/1 
f 884/1042/1 883/1041/1 882/1040/1 885/1043/1 
f 426/530/1 427/533/1 883/1041/1 884/1042/1 
f 886/1044/1 887/1045/1 884/1042/1 885/1043/1 
f 888/1046/1 426/530/1 884/1042/1 887/1045/1 
f 889/1047/1 409/507/1 888/1046/1 887/1045/1 
f 407/508/1 890/1048/1 888/1046/1 409/507/1 
f 425/529/1 426/1049/1 888/1050/1 890/1051/1 
f 33/35/1 34/38/1 890/1048/1 407/508/1 
f 35/39/1 425/529/1 890/1051/1 34/40/1 
f 886/1044/1 891/1052/1 889/1047/1 887/1045/1 
f 891/1052/1 892/1053/1 893/1054/1 889/1047/1 
f 409/507/1 889/1047/1 893/1054/1 401/497/1 
f 892/1055/1 894/1056/1 895/1057/1 893/1058/1 
f 893/1054/1 895/1059/1 402/498/1 401/497/1 
f 894/1056/1 896/1060/1 897/1061/1 895/1057/1 
f 895/1057/1 897/1061/1 898/1062/1 402/1063/1 
f 897/1061/1 899/1064/1 900/1065/1 898/1062/1 
f 898/1062/1 900/1065/1 901/1066/1 902/1067/1 
f 902/1068/1 403/501/1 402/1069/1 898/1070/1 
f 901/1066/1 903/1071/1 904/1072/1 902/1067/1 
f 403/501/1 902/1068/1 904/1073/1 405/502/1 
f 903/1071/1 905/1074/1 906/1075/1 904/1072/1 
f 906/1076/1 423/527/1 405/502/1 904/1073/1 
f 905/1074/1 907/1077/1 908/1078/1 906/1075/1 
f 906/1076/1 908/1079/1 909/1080/1 423/527/1 
f 909/1080/1 908/1079/1 910/1081/1 911/1082/1 
f 911/1082/1 912/1083/1 913/1084/1 909/1080/1 
f 909/1080/1 913/1084/1 424/528/1 423/527/1 
f 912/1083/1 712/860/1 710/857/1 913/1084/1 
f 913/1084/1 710/857/1 708/856/1 424/528/1 
f 912/1083/1 911/1082/1 914/1085/1 915/1086/1 
f 915/1086/1 714/862/1 712/860/1 912/1083/1 
f 915/1086/1 914/1085/1 916/1087/1 917/1088/1 
f 917/1088/1 716/864/1 714/862/1 915/1086/1 
f 917/1088/1 916/1087/1 918/1089/1 919/1090/1 
f 919/1090/1 920/1091/1 716/864/1 917/1088/1 
f 920/1092/1 919/1093/1 921/1094/1 922/1095/1 
f 922/1095/1 721/870/1 719/869/1 920/1092/1 
f 719/867/1 717/865/1 716/864/1 920/1091/1 
f 922/1095/1 921/1094/1 923/1096/1 924/1097/1 
f 924/1097/1 925/1098/1 721/870/1 922/1095/1 
f 925/1098/1 924/1097/1 926/1099/1 927/1100/1 
f 927/1100/1 928/1101/1 724/875/1 925/1098/1 
f 724/875/1 722/871/1 721/870/1 925/1098/1 
f 928/1101/1 927/1100/1 929/1102/1 930/1103/1 
f 930/1103/1 931/1104/1 727/878/1 928/1101/1 
f 928/1101/1 727/878/1 725/876/1 724/875/1 
f 931/1104/1 930/1103/1 932/1105/1 933/1106/1 
f 933/1106/1 732/883/1 730/881/1 931/1104/1 
f 931/1104/1 730/881/1 728/879/1 727/878/1 
f 933/1106/1 932/1105/1 934/1107/1 935/1108/1 
f 933/1106/1 935/1108/1 936/1109/1 732/883/1 
f 935/1108/1 937/1110/1 938/1111/1 936/1109/1 
f 936/1109/1 938/1111/1 939/1112/1 735/886/1 
f 735/886/1 733/884/1 732/883/1 936/1109/1 
f 938/1111/1 940/1113/1 941/1114/1 939/1112/1 
f 939/1112/1 941/1114/1 942/1115/1 738/889/1 
f 738/889/1 736/887/1 735/886/1 939/1112/1 
f 941/1114/1 943/1116/1 944/1117/1 942/1115/1 
f 942/1115/1 944/1117/1 945/1118/1 741/892/1 
f 741/892/1 739/890/1 738/889/1 942/1115/1 
f 944/1117/1 946/1119/1 947/1120/1 945/1118/1 
f 945/1118/1 947/1120/1 948/1121/1 949/1122/1 
f 949/1122/1 742/893/1 741/892/1 945/1118/1 
f 949/1122/1 948/1121/1 950/1123/1 951/1124/1 
f 951/1124/1 743/894/1 742/893/1 949/1122/1 
f 951/1124/1 950/1123/1 952/1125/1 953/1126/1 
f 953/1126/1 745/896/1 743/894/1 951/1124/1 
f 953/1126/1 952/1125/1 954/1127/1 955/1128/1 
f 955/1128/1 747/898/1 745/896/1 953/1126/1 
f 955/1128/1 954/1127/1 956/1129/1 957/1130/1 
f 957/1130/1 749/900/1 747/898/1 955/1128/1 
f 957/1131/1 956/1132/1 958/1133/1 959/1134/1 
f 959/1134/1 751/905/1 749/904/1 957/1131/1 
f 959/1134/1 958/1133/1 960/1135/1 961/1136/1 
f 961/1136/1 962/1137/1 751/905/1 959/1134/1 
f 962/1137/1 961/1136/1 963/1138/1 964/1139/1 
f 964/1139/1 965/1140/1 754/908/1 962/1137/1 
f 962/1137/1 754/908/1 752/906/1 751/905/1 
f 965/1140/1 964/1139/1 766/920/1 764/918/1 
f 764/918/1 760/914/1 757/911/1 965/1140/1 
f 965/1140/1 757/911/1 755/909/1 754/908/1 
f 964/1139/1 963/1138/1 768/922/1 766/920/1 
f 961/1136/1 960/1135/1 966/1141/1 963/1138/1 
f 963/1138/1 966/1141/1 967/1142/1 768/922/1 
f 966/1141/1 968/1143/1 969/1144/1 967/1142/1 
f 967/1142/1 969/1144/1 970/1145/1 771/925/1 
f 771/925/1 769/923/1 768/922/1 967/1142/1 
f 969/1144/1 971/1146/1 972/1147/1 970/1145/1 
f 970/1145/1 972/1147/1 973/1148/1 774/928/1 
f 774/928/1 772/926/1 771/925/1 970/1145/1 
f 972/1147/1 974/1149/1 975/1150/1 973/1148/1 
f 973/1148/1 975/1150/1 976/1151/1 977/1152/1 
f 977/1152/1 775/929/1 774/928/1 973/1148/1 
f 977/1152/1 976/1151/1 978/1153/1 979/1154/1 
f 979/1154/1 776/930/1 775/929/1 977/1152/1 
f 979/1154/1 978/1153/1 980/1155/1 981/1156/1 
f 981/1156/1 778/932/1 776/930/1 979/1154/1 
f 981/1156/1 980/1155/1 982/1157/1 983/1158/1 
f 983/1158/1 780/934/1 778/932/1 981/1156/1 
f 983/1158/1 982/1157/1 984/1159/1 985/1160/1 
f 985/1160/1 782/936/1 780/934/1 983/1158/1 
f 985/1160/1 984/1159/1 986/1161/1 987/1162/1 
f 987/1162/1 784/938/1 782/936/1 985/1160/1 
f 987/1162/1 986/1161/1 988/1163/1 989/1164/1 
f 989/1164/1 990/1165/1 784/938/1 987/1162/1 
f 989/1164/1 991/1166/1 992/1167/1 990/1165/1 
f 992/1167/1 993/1168/1 787/941/1 990/1165/1 
f 990/1165/1 787/941/1 785/939/1 784/938/1 
f 993/1168/1 992/1167/1 994/1169/1 995/1170/1 
f 995/1170/1 996/1171/1 790/944/1 993/1168/1 
f 993/1168/1 790/944/1 788/942/1 787/941/1 
f 996/1171/1 995/1170/1 997/1172/1 998/1173/1 
f 998/1173/1 999/1174/1 793/947/1 996/1171/1 
f 996/1171/1 793/947/1 791/945/1 790/944/1 
f 999/1174/1 998/1173/1 1000/1175/1 1001/1176/1 
f 1001/1176/1 1002/1177/1 1003/1178/1 999/1174/1 
f 999/1174/1 1003/1178/1 794/948/1 793/947/1 
f 1002/1177/1 1004/1179/1 1005/1180/1 1003/1178/1 
f 1003/1178/1 1005/1180/1 795/949/1 794/948/1 
f 1004/1179/1 1006/1181/1 1007/1182/1 1005/1180/1 
f 1005/1180/1 1007/1182/1 797/951/1 795/949/1 
f 1006/1181/1 1008/1183/1 1009/1184/1 1007/1182/1 
f 1007/1182/1 1009/1184/1 799/953/1 797/951/1 
f 1008/1183/1 1010/1185/1 1011/1186/1 1009/1184/1 
f 1009/1184/1 1011/1186/1 801/955/1 799/953/1 
f 1010/1185/1 1012/1187/1 1013/1188/1 1011/1186/1 
f 1011/1186/1 1013/1188/1 803/957/1 801/955/1 
f 1012/1187/1 1014/1189/1 1015/1190/1 1013/1188/1 
f 1013/1188/1 1015/1190/1 805/959/1 803/957/1 
f 1014/1189/1 1016/1191/1 1017/1192/1 1015/1190/1 
f 1015/1190/1 1017/1192/1 807/961/1 805/959/1 
f 1016/1191/1 1018/1193/1 1019/1194/1 1017/1192/1 
f 1019/1194/1 1020/1195/1 807/961/1 1017/1192/1 
f 810/964/1 808/962/1 807/961/1 1020/1195/1 
f 1020/1195/1 1019/1194/1 1021/1196/1 1022/1197/1 
f 1022/1197/1 1023/1198/1 810/964/1 1020/1195/1 
f 1023/1198/1 813/967/1 811/965/1 810/964/1 
f 1023/1198/1 1022/1197/1 1024/1199/1 1025/1200/1 
f 1025/1200/1 1026/1201/1 813/967/1 1023/1198/1 
f 1026/1201/1 816/970/1 814/968/1 813/967/1 
f 1026/1201/1 1025/1200/1 1027/1202/1 1028/1203/1 
f 1028/1203/1 1029/1204/1 816/970/1 1026/1201/1 
f 1029/1204/1 819/973/1 817/971/1 816/970/1 
f 1029/1204/1 1028/1203/1 1030/1205/1 1031/1206/1 
f 1031/1206/1 1032/1207/1 819/973/1 1029/1204/1 
f 1032/1207/1 822/976/1 820/974/1 819/973/1 
f 1032/1207/1 1031/1206/1 1033/1208/1 1034/1209/1 
f 1034/1209/1 1035/1210/1 822/976/1 1032/1207/1 
f 1035/1210/1 825/979/1 823/977/1 822/976/1 
f 1035/1210/1 1034/1209/1 1036/1211/1 1037/1212/1 
f 1037/1212/1 831/985/1 825/979/1 1035/1210/1 
f 1037/1212/1 1036/1211/1 1038/1213/1 1039/1214/1 
f 1039/1214/1 832/986/1 831/985/1 1037/1212/1 
f 1039/1214/1 1038/1213/1 839/993/1 837/991/1 
f 837/991/1 833/987/1 832/986/1 1039/1214/1 
f 1036/1211/1 1040/1215/1 1041/1216/1 1038/1213/1 
f 1038/1213/1 1041/1216/1 841/995/1 839/993/1 
f 1040/1215/1 1042/1217/1 1043/1218/1 1041/1216/1 
f 1041/1216/1 1043/1218/1 843/997/1 841/995/1 
f 1042/1217/1 1044/1219/1 1045/1220/1 1043/1218/1 
f 1043/1218/1 1045/1220/1 1046/1221/1 843/997/1 
f 1045/1220/1 1047/1222/1 1048/1223/1 1046/1221/1 
f 1048/1223/1 1049/1224/1 846/1000/1 1046/1221/1 
f 846/1000/1 844/998/1 843/997/1 1046/1221/1 
f 1049/1224/1 1048/1223/1 1050/1225/1 1051/1226/1 
f 1051/1226/1 461/571/1 1052/1227/1 1049/1224/1 
f 1049/1224/1 1052/1227/1 847/1001/1 846/1000/1 
f 460/569/1 1053/1228/1 1052/1227/1 461/571/1 
f 1052/1227/1 1053/1228/1 848/1002/1 847/1001/1 
f 459/568/1 1054/1229/1 1053/1228/1 460/569/1 
f 1053/1228/1 1054/1229/1 850/1004/1 848/1002/1 
f 1055/1230/1 1056/1231/1 1054/1229/1 459/568/1 
f 1056/1231/1 852/1006/1 850/1004/1 1054/1229/1 
f 1056/1231/1 1055/1230/1 1057/1232/1 1058/1233/1 
f 1058/1233/1 1059/1234/1 852/1006/1 1056/1231/1 
f 1059/1234/1 1058/1233/1 1060/1235/1 1061/1236/1 
f 1061/1236/1 1062/1237/1 855/1009/1 1059/1234/1 
f 1059/1234/1 855/1009/1 853/1007/1 852/1006/1 
f 1062/1237/1 1061/1236/1 1063/1238/1 1064/1239/1 
f 1064/1239/1 1065/1240/1 1066/1241/1 1062/1237/1 
f 1062/1237/1 1066/1241/1 856/1010/1 855/1009/1 
f 1065/1240/1 1067/1242/1 1068/1243/1 1066/1241/1 
f 1066/1241/1 1068/1243/1 857/1011/1 856/1010/1 
f 1067/1242/1 1069/1244/1 1070/1245/1 1068/1243/1 
f 1068/1243/1 1070/1245/1 859/1013/1 857/1011/1 
f 1069/1244/1 1071/1246/1 1072/1247/1 1070/1245/1 
f 1070/1245/1 1072/1247/1 861/1015/1 859/1013/1 
f 1071/1246/1 1073/1248/1 1074/1249/1 1072/1247/1 
f 1072/1247/1 1074/1249/1 863/1017/1 861/1015/1 
f 1073/1250/1 872/1030/1 870/1028/1 1074/1251/1 
f 1074/1251/1 870/1028/1 865/1027/1 863/1252/1 
f 1073/1248/1 1071/1246/1 1075/1253/1 1076/1254/1 
f 1076/1255/1 1077/1256/1 872/1030/1 1073/1250/1 
f 1077/1256/1 1076/1255/1 1078/1257/1 1079/1258/1 
f 1077/1256/1 1079/1258/1 1080/1259/1 875/1033/1 
f 875/1033/1 873/1031/1 872/1030/1 1077/1256/1 
f 1079/1258/1 1081/1260/1 1082/1261/1 1080/1259/1 
f 1080/1259/1 1082/1261/1 1083/1262/1 878/1036/1 
f 878/1036/1 876/1034/1 875/1033/1 1080/1259/1 
f 1082/1261/1 422/526/1 1084/1263/1 1083/1262/1 
f 1083/1262/1 1084/1263/1 885/1043/1 882/1040/1 
f 882/1040/1 879/1037/1 878/1036/1 1083/1262/1 
f 422/526/1 421/525/1 1085/1264/1 1084/1263/1 
f 885/1043/1 1084/1263/1 1085/1264/1 886/1044/1 
f 421/525/1 1086/1265/1 1087/1266/1 1085/1264/1 
f 891/1052/1 886/1044/1 1085/1264/1 1087/1266/1 
f 1086/1265/1 1088/1267/1 1089/1268/1 1087/1266/1 
f 1087/1266/1 1089/1268/1 892/1053/1 891/1052/1 
f 1088/1269/1 1090/1270/1 1091/1271/1 1089/1272/1 
f 1089/1272/1 1091/1271/1 894/1056/1 892/1055/1 
f 1090/1270/1 1092/1273/1 1093/1274/1 1091/1271/1 
f 1091/1271/1 1093/1274/1 896/1060/1 894/1056/1 
f 1092/1273/1 1094/1275/1 1095/1276/1 1093/1274/1 
f 1093/1274/1 1095/1276/1 1096/1277/1 896/1060/1 
f 1095/1276/1 1097/1278/1 1098/1279/1 1096/1277/1 
f 1098/1279/1 1099/1280/1 899/1064/1 1096/1277/1 
f 899/1064/1 897/1061/1 896/1060/1 1096/1277/1 
f 1099/1280/1 1098/1279/1 1100/1281/1 1101/1282/1 
f 1101/1282/1 299/379/1 1102/1283/1 1099/1280/1 
f 1099/1280/1 1102/1283/1 900/1065/1 899/1064/1 
f 299/379/1 298/378/1 1103/1284/1 1102/1283/1 
f 1102/1283/1 1103/1284/1 901/1066/1 900/1065/1 
f 298/378/1 300/381/1 1104/1285/1 1103/1284/1 
f 1103/1284/1 1104/1285/1 903/1071/1 901/1066/1 
f 300/381/1 1105/1286/1 1106/1287/1 1104/1285/1 
f 1104/1285/1 1106/1287/1 905/1074/1 903/1071/1 
f 1105/1286/1 1107/1288/1 1108/1289/1 1106/1287/1 
f 1106/1287/1 1108/1289/1 907/1077/1 905/1074/1 
f 1108/1289/1 1107/1288/1 1109/1290/1 1110/1291/1 
f 1108/1289/1 1110/1291/1 1111/1292/1 907/1077/1 
f 1110/1291/1 1112/1293/1 1113/1294/1 1111/1292/1 
f 1111/1292/1 1113/1294/1 1114/1295/1 910/1296/1 
f 910/1296/1 908/1078/1 907/1077/1 1111/1292/1 
f 1113/1294/1 1115/1297/1 1116/1298/1 1114/1295/1 
f 1116/1298/1 916/1299/1 914/1300/1 1114/1295/1 
f 1114/1301/1 914/1085/1 911/1082/1 910/1081/1 
f 1115/1297/1 1117/1302/1 1118/1303/1 1116/1298/1 
f 1118/1303/1 918/1304/1 916/1299/1 1116/1298/1 
f 1117/1305/1 1119/1306/1 1120/1307/1 1118/1308/1 
f 1118/1308/1 1120/1307/1 1121/1309/1 918/1310/1 
f 1120/1307/1 1122/1311/1 1123/1312/1 1121/1309/1 
f 1123/1312/1 923/1096/1 921/1094/1 1121/1309/1 
f 1121/1309/1 921/1094/1 919/1093/1 918/1310/1 
f 1122/1311/1 1124/1313/1 1125/1314/1 1123/1312/1 
f 1125/1314/1 1126/1315/1 923/1096/1 1123/1312/1 
f 1125/1314/1 1127/1316/1 1128/1317/1 1126/1315/1 
f 1128/1317/1 1129/1318/1 926/1099/1 1126/1315/1 
f 1126/1315/1 926/1099/1 924/1097/1 923/1096/1 
f 1129/1318/1 1128/1317/1 1130/1319/1 1131/1320/1 
f 1131/1320/1 1132/1321/1 929/1102/1 1129/1318/1 
f 1129/1318/1 929/1102/1 927/1100/1 926/1099/1 
f 1131/1320/1 1133/1322/1 1134/1323/1 1132/1321/1 
f 1134/1323/1 934/1107/1 932/1105/1 1132/1321/1 
f 1132/1321/1 932/1105/1 930/1103/1 929/1102/1 
f 1133/1322/1 1135/1324/1 1136/1325/1 1134/1323/1 
f 1136/1325/1 1137/1326/1 934/1107/1 1134/1323/1 
f 1136/1325/1 1138/1327/1 1139/1328/1 1137/1326/1 
f 1139/1328/1 1140/1329/1 937/1110/1 1137/1326/1 
f 1137/1326/1 937/1110/1 935/1108/1 934/1107/1 
f 1139/1328/1 1141/1330/1 1142/1331/1 1140/1329/1 
f 1140/1329/1 1142/1331/1 1143/1332/1 940/1113/1 
f 940/1113/1 938/1111/1 937/1110/1 1140/1329/1 
f 1142/1331/1 1144/1333/1 1145/1334/1 1143/1332/1 
f 1143/1332/1 1145/1334/1 1146/1335/1 943/1116/1 
f 943/1116/1 941/1114/1 940/1113/1 1143/1332/1 
f 1145/1334/1 1147/1336/1 1148/1337/1 1146/1335/1 
f 1146/1335/1 1148/1337/1 1149/1338/1 946/1119/1 
f 946/1119/1 944/1117/1 943/1116/1 1146/1335/1 
f 1148/1337/1 1150/1339/1 1151/1340/1 1149/1338/1 
f 1149/1338/1 1151/1340/1 1152/1341/1 1153/1342/1 
f 1153/1342/1 947/1120/1 946/1119/1 1149/1338/1 
f 1153/1342/1 1152/1341/1 1154/1343/1 1155/1344/1 
f 1155/1344/1 948/1121/1 947/1120/1 1153/1342/1 
f 1155/1344/1 1154/1343/1 1156/1345/1 1157/1346/1 
f 1157/1346/1 950/1123/1 948/1121/1 1155/1344/1 
f 1157/1346/1 1156/1345/1 1158/1347/1 1159/1348/1 
f 1159/1348/1 952/1125/1 950/1123/1 1157/1346/1 
f 1159/1348/1 1158/1347/1 1160/1349/1 1161/1350/1 
f 1161/1350/1 954/1127/1 952/1125/1 1159/1348/1 
f 1161/1351/1 1160/1352/1 1162/1353/1 1163/1354/1 
f 1163/1354/1 956/1132/1 954/1355/1 1161/1351/1 
f 1163/1354/1 1162/1353/1 1164/1356/1 1165/1357/1 
f 1165/1357/1 958/1133/1 956/1132/1 1163/1354/1 
f 1165/1357/1 1164/1356/1 1166/1358/1 1167/1359/1 
f 1167/1359/1 960/1135/1 958/1133/1 1165/1357/1 
f 1167/1359/1 1166/1358/1 1168/1360/1 968/1143/1 
f 968/1143/1 966/1141/1 960/1135/1 1167/1359/1 
f 1166/1358/1 1169/1361/1 1170/1362/1 1168/1360/1 
f 1168/1360/1 1170/1362/1 1171/1363/1 971/1146/1 
f 971/1146/1 969/1144/1 968/1143/1 1168/1360/1 
f 1170/1362/1 1172/1364/1 1173/1365/1 1171/1363/1 
f 1171/1363/1 1173/1365/1 1174/1366/1 974/1149/1 
f 974/1149/1 972/1147/1 971/1146/1 1171/1363/1 
f 1174/1366/1 1173/1365/1 1175/1367/1 1176/1368/1 
f 1176/1368/1 1177/1369/1 1178/1370/1 1174/1366/1 
f 1178/1370/1 975/1150/1 974/1149/1 1174/1366/1 
f 1178/1370/1 1177/1369/1 1179/1371/1 1180/1372/1 
f 1180/1372/1 976/1151/1 975/1150/1 1178/1370/1 
f 1180/1372/1 1179/1371/1 1181/1373/1 1182/1374/1 
f 1182/1374/1 978/1153/1 976/1151/1 1180/1372/1 
f 1182/1374/1 1181/1373/1 1183/1375/1 1184/1376/1 
f 1184/1376/1 980/1155/1 978/1153/1 1182/1374/1 
f 1184/1376/1 1183/1375/1 1185/1377/1 1186/1378/1 
f 1186/1378/1 982/1157/1 980/1155/1 1184/1376/1 
f 1186/1378/1 1185/1377/1 1187/1379/1 1188/1380/1 
f 1188/1380/1 984/1159/1 982/1157/1 1186/1378/1 
f 1188/1380/1 1187/1379/1 1189/1381/1 1190/1382/1 
f 1190/1382/1 986/1161/1 984/1159/1 1188/1380/1 
f 1190/1382/1 1189/1381/1 1191/1383/1 1192/1384/1 
f 1192/1384/1 988/1163/1 986/1161/1 1190/1382/1 
f 1192/1384/1 1191/1383/1 1193/1385/1 1194/1386/1 
f 1194/1386/1 1195/1387/1 988/1163/1 1192/1384/1 
f 1195/1387/1 1194/1386/1 1196/1388/1 1197/1389/1 
f 1197/1389/1 1198/1390/1 991/1166/1 1195/1387/1 
f 1195/1387/1 991/1166/1 989/1164/1 988/1163/1 
f 1197/1389/1 1199/1391/1 1200/1392/1 1198/1390/1 
f 1200/1392/1 1201/1393/1 994/1169/1 1198/1390/1 
f 994/1169/1 992/1167/1 991/1166/1 1198/1390/1 
f 1200/1392/1 1202/1394/1 1203/1395/1 1201/1393/1 
f 1203/1395/1 1204/1396/1 997/1172/1 1201/1393/1 
f 1201/1393/1 997/1172/1 995/1170/1 994/1169/1 
f 1204/1396/1 1203/1395/1 1205/1397/1 1206/1398/1 
f 1206/1398/1 1207/1399/1 1000/1175/1 1204/1396/1 
f 1204/1396/1 1000/1175/1 998/1173/1 997/1172/1 
f 1207/1400/1 1206/1401/1 1208/1402/1 1209/1403/1 
f 1209/1403/1 1210/1404/1 1211/1405/1 1207/1400/1 
f 1207/1399/1 1211/1406/1 1001/1176/1 1000/1175/1 
f 1210/1404/1 1212/1407/1 1213/1408/1 1211/1405/1 
f 1211/1406/1 1213/1409/1 1002/1177/1 1001/1176/1 
f 1212/1407/1 1214/1410/1 1215/1411/1 1213/1408/1 
f 1213/1409/1 1215/1412/1 1004/1179/1 1002/1177/1 
f 1214/1410/1 1216/1413/1 1217/1414/1 1215/1411/1 
f 1215/1412/1 1217/1415/1 1006/1181/1 1004/1179/1 
f 1216/1413/1 1218/1416/1 1219/1417/1 1217/1414/1 
f 1217/1415/1 1219/1418/1 1008/1183/1 1006/1181/1 
f 1218/1416/1 1220/1419/1 1221/1420/1 1219/1417/1 
f 1221/1421/1 1010/1185/1 1008/1183/1 1219/1418/1 
f 1220/1419/1 1222/1422/1 1223/1423/1 1221/1420/1 
f 1221/1421/1 1223/1424/1 1012/1187/1 1010/1185/1 
f 1222/1422/1 1224/1425/1 1225/1426/1 1223/1423/1 
f 1223/1424/1 1225/1427/1 1014/1189/1 1012/1187/1 
f 1225/1426/1 1224/1425/1 1226/1428/1 1227/1429/1 
f 1227/1430/1 1016/1191/1 1014/1189/1 1225/1427/1 
f 1227/1429/1 1226/1428/1 1228/1431/1 1229/1432/1 
f 1229/1433/1 1018/1193/1 1016/1191/1 1227/1430/1 
f 444/551/1 445/552/1 1229/1433/1 1228/1434/1 
f 1230/1435/1 1018/1193/1 1229/1433/1 445/552/1 
f 1230/1435/1 1021/1196/1 1019/1194/1 1018/1193/1 
f 446/553/1 1231/1436/1 1230/1435/1 445/552/1 
f 1231/1436/1 1232/1437/1 1021/1196/1 1230/1435/1 
f 1232/1437/1 1024/1199/1 1022/1197/1 1021/1196/1 
f 1232/1437/1 1231/1436/1 1233/1438/1 1234/1439/1 
f 1234/1439/1 1235/1440/1 1024/1199/1 1232/1437/1 
f 1235/1440/1 1027/1202/1 1025/1200/1 1024/1199/1 
f 1235/1440/1 1234/1439/1 1236/1441/1 1237/1442/1 
f 1237/1442/1 1238/1443/1 1027/1202/1 1235/1440/1 
f 1238/1443/1 1030/1205/1 1028/1203/1 1027/1202/1 
f 1238/1443/1 1237/1442/1 1239/1444/1 1240/1445/1 
f 1240/1445/1 1241/1446/1 1030/1205/1 1238/1443/1 
f 1241/1446/1 1033/1208/1 1031/1206/1 1030/1205/1 
f 1241/1446/1 1240/1445/1 1044/1219/1 1042/1217/1 
f 1042/1217/1 1040/1215/1 1033/1208/1 1241/1446/1 
f 1240/1445/1 1239/1444/1 1242/1447/1 1044/1219/1 
f 1239/1444/1 1243/1448/1 1244/1449/1 1242/1447/1 
f 1244/1449/1 1245/1450/1 1047/1222/1 1242/1447/1 
f 1047/1222/1 1045/1220/1 1044/1219/1 1242/1447/1 
f 1245/1450/1 1244/1449/1 1246/1451/1 1247/1452/1 
f 1247/1452/1 1248/1453/1 1050/1225/1 1245/1450/1 
f 1245/1450/1 1050/1225/1 1048/1223/1 1047/1222/1 
f 1248/1453/1 1247/1452/1 1249/1454/1 1250/1455/1 
f 1250/1455/1 453/560/1 454/561/1 1248/1453/1 
f 1248/1453/1 454/561/1 1051/1226/1 1050/1225/1 
f 1249/1454/1 1251/1456/1 1252/1457/1 1250/1455/1 
f 453/560/1 1250/1455/1 1252/1457/1 452/559/1 
f 1251/1458/1 1253/1459/1 1254/1460/1 1252/1461/1 
f 1255/1462/1 452/1463/1 1252/1461/1 1254/1460/1 
f 1254/1460/1 1256/1464/1 1257/1465/1 1255/1462/1 
f 1258/1466/1 455/562/1 1255/1462/1 1257/1465/1 
f 455/562/1 451/565/1 452/1463/1 1255/1462/1 
f 1259/1467/1 1258/1466/1 1257/1465/1 1260/1468/1 
f 1261/1469/1 1262/1470/1 1258/1466/1 1259/1467/1 
f 456/563/1 455/562/1 1258/1466/1 1262/1470/1 
f 1263/1471/1 1264/1472/1 1262/1470/1 1261/1469/1 
f 457/566/1 456/563/1 1262/1470/1 1264/1472/1 
f 1265/1473/1 1266/1474/1 1264/1472/1 1263/1471/1 
f 1267/1475/1 457/566/1 1264/1472/1 1266/1474/1 
f 1268/1476/1 1269/1477/1 1267/1475/1 1266/1474/1 
f 1270/1478/1 1271/1479/1 1267/1475/1 1269/1477/1 
f 458/567/1 457/566/1 1267/1475/1 1271/1479/1 
f 1057/1232/1 1055/1230/1 1271/1480/1 1270/1481/1 
f 459/568/1 458/570/1 1271/1480/1 1055/1230/1 
f 1269/1477/1 1272/1482/1 1273/1483/1 1270/1478/1 
f 1270/1481/1 1273/1484/1 1274/1485/1 1057/1232/1 
f 1274/1485/1 1273/1484/1 1275/1486/1 1276/1487/1 
f 1276/1487/1 1277/1488/1 1060/1235/1 1274/1485/1 
f 1274/1485/1 1060/1235/1 1058/1233/1 1057/1232/1 
f 1277/1488/1 1276/1487/1 1278/1489/1 1279/1490/1 
f 1279/1490/1 1280/1491/1 1063/1238/1 1277/1488/1 
f 1277/1488/1 1063/1238/1 1061/1236/1 1060/1235/1 
f 1280/1491/1 1279/1490/1 1281/1492/1 1282/1493/1 
f 1282/1493/1 1283/1494/1 1284/1495/1 1280/1491/1 
f 1280/1491/1 1284/1495/1 1064/1239/1 1063/1238/1 
f 1283/1494/1 1285/1496/1 1286/1497/1 1284/1495/1 
f 1284/1495/1 1286/1497/1 1065/1240/1 1064/1239/1 
f 1285/1496/1 1287/1498/1 1288/1499/1 1286/1497/1 
f 1286/1497/1 1288/1499/1 1067/1242/1 1065/1240/1 
f 1287/1498/1 1289/1500/1 1290/1501/1 1288/1499/1 
f 1288/1499/1 1290/1501/1 1069/1244/1 1067/1242/1 
f 1289/1500/1 1291/1502/1 1075/1253/1 1290/1501/1 
f 1290/1501/1 1075/1253/1 1071/1246/1 1069/1244/1 
f 1291/1502/1 1289/1500/1 1292/1503/1 1293/1504/1 
f 1293/1505/1 1294/1506/1 1078/1257/1 1291/1507/1 
f 1291/1507/1 1078/1257/1 1076/1255/1 1075/1508/1 
f 1294/1506/1 1293/1505/1 1295/1509/1 419/1510/1 
f 419/1510/1 416/523/1 1081/1260/1 1294/1506/1 
f 1294/1506/1 1081/1260/1 1079/1258/1 1078/1257/1 
f 1295/1511/1 1296/1512/1 1297/1513/1 1298/1514/1 
f 1298/1514/1 420/522/1 419/521/1 1295/1511/1 
f 1293/1504/1 1292/1503/1 1296/1515/1 1295/1516/1 
f 1298/1514/1 1297/1513/1 1299/1517/1 1300/1518/1 
f 1300/1518/1 1301/1519/1 420/522/1 1298/1514/1 
f 1301/1519/1 1300/1518/1 1302/1520/1 1303/1521/1 
f 1301/1519/1 1303/1521/1 1304/1522/1 1305/1523/1 
f 1301/1519/1 1305/1523/1 417/519/1 420/522/1 
f 1305/1523/1 1304/1522/1 1306/1524/1 1307/1525/1 
f 418/520/1 417/519/1 1305/1523/1 1307/1525/1 
f 1307/1525/1 1306/1524/1 1308/1526/1 1309/1527/1 
f 1310/1528/1 418/1529/1 1307/1530/1 1309/1531/1 
f 1311/1532/1 1312/1533/1 1310/1528/1 1309/1531/1 
f 1313/1534/1 1314/1535/1 1310/1528/1 1312/1533/1 
f 415/1536/1 418/1529/1 1310/1528/1 1314/1535/1 
f 1313/1534/1 1088/1269/1 1086/1537/1 1314/1535/1 
f 1086/1265/1 421/525/1 415/524/1 1314/1538/1 
f 1313/1534/1 1312/1533/1 1315/1539/1 1316/1540/1 
f 1316/1540/1 1090/1270/1 1088/1269/1 1313/1534/1 
f 1315/1539/1 1317/1541/1 1318/1542/1 1316/1540/1 
f 1316/1540/1 1318/1542/1 1092/1273/1 1090/1270/1 
f 1317/1541/1 1319/1543/1 1320/1544/1 1318/1542/1 
f 1318/1542/1 1320/1544/1 1094/1275/1 1092/1273/1 
f 1319/1543/1 1321/1545/1 1322/1546/1 1320/1544/1 
f 1320/1544/1 1322/1546/1 1323/1547/1 1094/1275/1 
f 1322/1546/1 1324/1548/1 1325/1549/1 1323/1547/1 
f 1325/1549/1 1326/1550/1 1097/1278/1 1323/1547/1 
f 1097/1278/1 1095/1276/1 1094/1275/1 1323/1547/1 
f 1325/1549/1 1327/1551/1 1328/1552/1 1326/1550/1 
f 1328/1552/1 1329/1553/1 1100/1281/1 1326/1550/1 
f 1326/1550/1 1100/1281/1 1098/1279/1 1097/1278/1 
f 1328/1552/1 1330/1554/1 1331/1555/1 1329/1553/1 
f 1329/1553/1 1331/1555/1 1332/1556/1 1333/1557/1 
f 1329/1553/1 1333/1557/1 1101/1282/1 1100/1281/1 
f 1333/1557/1 1332/1556/1 297/375/1 296/374/1 
f 1333/1557/1 296/374/1 299/379/1 1101/1282/1 
f 1331/1555/1 1334/1558/1 1335/1559/1 1332/1556/1 
f 1332/1556/1 1335/1559/1 1336/1560/1 297/375/1 
f 1335/1559/1 1337/1561/1 1338/1562/1 1336/1560/1 
f 1336/1563/1 1338/1564/1 1339/1565/1 1340/1566/1 
f 1340/1566/1 294/372/1 297/1567/1 1336/1563/1 
f 1340/1566/1 1339/1565/1 1341/1568/1 1342/1569/1 
f 1340/1566/1 1342/1569/1 295/373/1 294/372/1 
f 1341/1568/1 1343/1570/1 1344/1571/1 1342/1569/1 
f 1342/1569/1 1344/1571/1 1345/1572/1 295/373/1 
f 1345/1572/1 1344/1571/1 1346/1573/1 1347/1574/1 
f 1347/1574/1 1348/1575/1 1349/1576/1 1345/1572/1 
f 1345/1572/1 1349/1576/1 293/371/1 295/373/1 
f 1348/1575/1 1350/1577/1 262/326/1 1349/1576/1 
f 293/371/1 1349/1576/1 262/326/1 263/327/1 
f 1350/1577/1 1348/1575/1 1351/1578/1 1352/1579/1 
f 1352/1579/1 1353/1580/1 1354/1581/1 1350/1577/1 
f 1350/1577/1 1354/1581/1 259/323/1 262/326/1 
f 1353/1580/1 1355/1582/1 1356/1583/1 1354/1581/1 
f 1354/1581/1 1356/1583/1 256/320/1 259/323/1 
f 1355/1582/1 1357/1584/1 1358/1585/1 1356/1583/1 
f 1356/1583/1 1358/1585/1 1359/1586/1 256/320/1 
f 1358/1585/1 1360/1587/1 1361/1588/1 1359/1586/1 
f 1359/1586/1 1361/1588/1 281/354/1 274/343/1 
f 257/321/1 256/320/1 1359/1586/1 274/343/1 
f 1360/1587/1 325/407/1 324/406/1 1361/1588/1 
f 1361/1588/1 324/406/1 282/355/1 281/354/1 
f 1360/1587/1 1358/1585/1 1357/1584/1 1362/1589/1 
f 1362/1589/1 1363/1590/1 325/407/1 1360/1587/1 
f 1363/1590/1 1362/1589/1 1364/1591/1 1365/1592/1 
f 1365/1592/1 1366/1593/1 1367/1594/1 1363/1590/1 
f 1363/1590/1 1367/1594/1 326/408/1 325/407/1 
f 1366/1593/1 1368/1595/1 1369/1596/1 1367/1594/1 
f 1367/1594/1 1369/1596/1 329/411/1 326/408/1 
f 1368/1595/1 1370/1597/1 1371/1598/1 1369/1596/1 
f 1369/1596/1 1371/1598/1 365/454/1 329/411/1 
f 1370/1597/1 1372/1599/1 1373/1600/1 1371/1598/1 
f 1371/1598/1 1373/1600/1 368/457/1 365/454/1 
f 1372/1599/1 1374/1601/1 1375/1602/1 1373/1600/1 
f 1373/1600/1 1375/1602/1 1376/1603/1 368/457/1 
f 1375/1602/1 1377/1604/1 1378/1605/1 1376/1603/1 
f 1376/1603/1 1378/1605/1 1379/1606/1 1380/1607/1 
f 1380/1607/1 367/456/1 368/457/1 1376/1603/1 
f 1380/1607/1 1379/1606/1 1381/1608/1 1382/1609/1 
f 1382/1609/1 328/410/1 367/456/1 1380/1607/1 
f 1382/1609/1 1381/1608/1 1383/1610/1 1384/1611/1 
f 1384/1611/1 321/402/1 328/410/1 1382/1609/1 
f 1384/1611/1 1383/1610/1 1385/1612/1 1386/1613/1 
f 1386/1613/1 322/403/1 321/402/1 1384/1611/1 
f 1386/1614/1 1385/1615/1 1387/1616/1 1388/1617/1 
f 1388/1617/1 1389/1618/1 322/1619/1 1386/1614/1 
f 1389/1618/1 280/352/1 283/357/1 322/1619/1 
f 1389/1618/1 1388/1617/1 1390/1620/1 1391/1621/1 
f 1391/1621/1 277/349/1 280/352/1 1389/1618/1 
f 1391/1621/1 1390/1620/1 1109/1290/1 1392/1622/1 
f 277/349/1 1391/1621/1 1392/1622/1 276/346/1 
f 1392/1622/1 1109/1290/1 1107/1288/1 1393/1623/1 
f 1393/1623/1 261/347/1 276/346/1 1392/1622/1 
f 1393/1623/1 1107/1288/1 1105/1286/1 1394/1624/1 
f 1394/1624/1 258/1625/1 261/347/1 1393/1623/1 
f 300/381/1 291/380/1 1394/1624/1 1105/1286/1 
f 263/1626/1 258/1625/1 1394/1624/1 291/380/1 
f 1388/1617/1 1387/1616/1 1112/1293/1 1390/1620/1 
f 1390/1620/1 1112/1293/1 1110/1291/1 1109/1290/1 
f 1387/1616/1 1385/1615/1 1117/1302/1 1115/1297/1 
f 1115/1297/1 1113/1294/1 1112/1293/1 1387/1616/1 
f 1385/1612/1 1383/1610/1 1119/1306/1 1117/1305/1 
f 1383/1610/1 1381/1608/1 1395/1627/1 1119/1306/1 
f 1381/1608/1 1379/1606/1 1396/1628/1 1395/1627/1 
f 1395/1627/1 1396/1628/1 1124/1313/1 1122/1311/1 
f 1122/1311/1 1120/1307/1 1119/1306/1 1395/1627/1 
f 1379/1606/1 1378/1605/1 1397/1629/1 1396/1628/1 
f 1396/1628/1 1397/1629/1 1398/1630/1 1124/1313/1 
f 1397/1629/1 1399/1631/1 1400/1632/1 1398/1630/1 
f 1398/1630/1 1400/1632/1 1401/1633/1 1127/1316/1 
f 1127/1316/1 1125/1314/1 1124/1313/1 1398/1630/1 
f 1400/1632/1 1402/1634/1 1403/1635/1 1401/1633/1 
f 1401/1633/1 1403/1635/1 1404/1636/1 1130/1319/1 
f 1130/1319/1 1128/1317/1 1127/1316/1 1401/1633/1 
f 1403/1635/1 1405/1637/1 1406/1638/1 1404/1636/1 
f 1404/1636/1 1406/1638/1 1135/1324/1 1133/1322/1 
f 1133/1322/1 1131/1320/1 1130/1319/1 1404/1636/1 
f 1405/1637/1 1407/1639/1 1408/1640/1 1406/1638/1 
f 1406/1638/1 1408/1640/1 1409/1641/1 1135/1324/1 
f 1408/1640/1 1410/1642/1 1411/1643/1 1409/1641/1 
f 1411/1643/1 1412/1644/1 1138/1327/1 1409/1641/1 
f 1138/1327/1 1136/1325/1 1135/1324/1 1409/1641/1 
f 1411/1643/1 1413/1645/1 1414/1646/1 1412/1644/1 
f 1414/1646/1 1415/1647/1 1141/1330/1 1412/1644/1 
f 1141/1330/1 1139/1328/1 1138/1327/1 1412/1644/1 
f 1414/1646/1 1416/1648/1 1417/1649/1 1415/1647/1 
f 1415/1647/1 1417/1649/1 1418/1650/1 1144/1333/1 
f 1144/1333/1 1142/1331/1 1141/1330/1 1415/1647/1 
f 1417/1649/1 1419/1651/1 1420/1652/1 1418/1650/1 
f 1418/1650/1 1420/1652/1 1421/1653/1 1147/1336/1 
f 1147/1336/1 1145/1334/1 1144/1333/1 1418/1650/1 
f 1420/1652/1 1422/1654/1 1423/1655/1 1421/1653/1 
f 1421/1653/1 1423/1655/1 1424/1656/1 1150/1339/1 
f 1150/1339/1 1148/1337/1 1147/1336/1 1421/1653/1 
f 1423/1655/1 1425/1657/1 1426/1658/1 1424/1656/1 
f 1424/1656/1 1426/1658/1 1427/1659/1 1428/1660/1 
f 1428/1660/1 1151/1340/1 1150/1339/1 1424/1656/1 
f 1428/1660/1 1427/1659/1 1429/1661/1 1430/1662/1 
f 1430/1662/1 1152/1341/1 1151/1340/1 1428/1660/1 
f 1430/1662/1 1429/1661/1 1431/1663/1 1432/1664/1 
f 1432/1664/1 1154/1343/1 1152/1341/1 1430/1662/1 
f 1432/1664/1 1431/1663/1 1433/1665/1 1434/1666/1 
f 1434/1666/1 1156/1345/1 1154/1343/1 1432/1664/1 
f 1434/1666/1 1433/1665/1 1435/1667/1 1436/1668/1 
f 1436/1668/1 1158/1347/1 1156/1345/1 1434/1666/1 
f 1436/1669/1 1435/1670/1 1437/1671/1 1438/1672/1 
f 1438/1672/1 1160/1352/1 1158/1673/1 1436/1669/1 
f 1438/1672/1 1437/1671/1 1439/1674/1 1440/1675/1 
f 1440/1675/1 1162/1353/1 1160/1352/1 1438/1672/1 
f 1440/1675/1 1439/1674/1 1441/1676/1 1442/1677/1 
f 1442/1677/1 1164/1356/1 1162/1353/1 1440/1675/1 
f 1442/1677/1 1441/1676/1 1443/1678/1 1169/1361/1 
f 1169/1361/1 1166/1358/1 1164/1356/1 1442/1677/1 
f 1441/1676/1 1444/1679/1 1445/1680/1 1443/1678/1 
f 1445/1680/1 1446/1681/1 1172/1364/1 1443/1678/1 
f 1172/1364/1 1170/1362/1 1169/1361/1 1443/1678/1 
f 1445/1680/1 1447/1682/1 1448/1683/1 1446/1681/1 
f 1448/1683/1 1449/1684/1 1175/1367/1 1446/1681/1 
f 1446/1681/1 1175/1367/1 1173/1365/1 1172/1364/1 
f 1448/1683/1 1450/1685/1 1451/1686/1 1449/1684/1 
f 1449/1684/1 1451/1686/1 1452/1687/1 1453/1688/1 
f 1449/1684/1 1453/1688/1 1176/1368/1 1175/1367/1 
f 1453/1688/1 1452/1687/1 1454/1689/1 1455/1690/1 
f 1455/1690/1 1177/1369/1 1176/1368/1 1453/1688/1 
f 1455/1690/1 1454/1689/1 1456/1691/1 1457/1692/1 
f 1457/1692/1 1179/1371/1 1177/1369/1 1455/1690/1 
f 1457/1692/1 1456/1691/1 1458/1693/1 1459/1694/1 
f 1459/1694/1 1181/1373/1 1179/1371/1 1457/1692/1 
f 1459/1694/1 1458/1693/1 1460/1695/1 1461/1696/1 
f 1461/1696/1 1183/1375/1 1181/1373/1 1459/1694/1 
f 1461/1696/1 1460/1695/1 1462/1697/1 1463/1698/1 
f 1463/1698/1 1185/1377/1 1183/1375/1 1461/1696/1 
f 1463/1698/1 1462/1697/1 1464/1699/1 1465/1700/1 
f 1465/1700/1 1187/1379/1 1185/1377/1 1463/1698/1 
f 1465/1700/1 1464/1699/1 1466/1701/1 1467/1702/1 
f 1467/1702/1 1189/1381/1 1187/1379/1 1465/1700/1 
f 1466/1701/1 1468/1703/1 1469/1704/1 1467/1702/1 
f 1469/1704/1 1191/1383/1 1189/1381/1 1467/1702/1 
f 1468/1703/1 1470/1705/1 1471/1706/1 1469/1704/1 
f 1471/1706/1 1193/1385/1 1191/1383/1 1469/1704/1 
f 1470/1705/1 1472/1707/1 1473/1708/1 1471/1706/1 
f 1471/1706/1 1473/1708/1 1474/1709/1 1193/1385/1 
f 1473/1708/1 1475/1710/1 1476/1711/1 1474/1709/1 
f 1476/1711/1 1477/1712/1 1196/1388/1 1474/1709/1 
f 1474/1709/1 1196/1388/1 1194/1386/1 1193/1385/1 
f 1476/1711/1 1478/1713/1 1479/1714/1 1477/1712/1 
f 1477/1712/1 1479/1714/1 1480/1715/1 1199/1391/1 
f 1199/1391/1 1197/1389/1 1196/1388/1 1477/1712/1 
f 1479/1714/1 1481/1716/1 1482/1717/1 1480/1715/1 
f 1480/1715/1 1482/1717/1 1483/1718/1 1202/1394/1 
f 1202/1394/1 1200/1392/1 1199/1391/1 1480/1715/1 
f 1482/1717/1 1484/1719/1 1485/1720/1 1483/1718/1 
f 1485/1720/1 1486/1721/1 1205/1397/1 1483/1718/1 
f 1205/1397/1 1203/1395/1 1202/1394/1 1483/1718/1 
f 1485/1720/1 1487/1722/1 1488/1723/1 1486/1721/1 
f 1488/1724/1 1489/1725/1 1208/1402/1 1486/1726/1 
f 1208/1402/1 1206/1401/1 1205/1727/1 1486/1726/1 
f 1488/1724/1 1490/1728/1 1491/1729/1 1489/1725/1 
f 1491/1729/1 1492/1730/1 1493/1731/1 1489/1725/1 
f 1489/1725/1 1493/1731/1 1209/1403/1 1208/1402/1 
f 1492/1730/1 1494/1732/1 1495/1733/1 1493/1731/1 
f 1493/1731/1 1495/1733/1 1210/1404/1 1209/1403/1 
f 1494/1732/1 1496/1734/1 1497/1735/1 1495/1733/1 
f 1495/1733/1 1497/1735/1 1212/1407/1 1210/1404/1 
f 1496/1734/1 1498/1736/1 1499/1737/1 1497/1735/1 
f 1497/1735/1 1499/1737/1 1214/1410/1 1212/1407/1 
f 1498/1736/1 1500/1738/1 1501/1739/1 1499/1737/1 
f 1499/1737/1 1501/1739/1 1216/1413/1 1214/1410/1 
f 1500/1738/1 1502/1740/1 1503/1741/1 1501/1739/1 
f 1501/1739/1 1503/1741/1 1218/1416/1 1216/1413/1 
f 1502/1740/1 1504/1742/1 1505/1743/1 1503/1741/1 
f 1503/1741/1 1505/1743/1 1220/1419/1 1218/1416/1 
f 1504/1742/1 1506/1744/1 1507/1745/1 1505/1743/1 
f 1505/1743/1 1507/1745/1 1222/1422/1 1220/1419/1 
f 1506/1744/1 1508/1746/1 1509/1747/1 1507/1745/1 
f 1507/1745/1 1509/1747/1 1224/1425/1 1222/1422/1 
f 1508/1746/1 1510/1748/1 1511/1749/1 1509/1747/1 
f 1511/1749/1 1226/1428/1 1224/1425/1 1509/1747/1 
f 1510/1748/1 1512/1750/1 1513/1751/1 1511/1749/1 
f 1513/1751/1 1228/1431/1 1226/1428/1 1511/1749/1 
f 1513/1751/1 1512/1750/1 1514/1752/1 441/1753/1 
f 441/548/1 444/551/1 1228/1434/1 1513/1754/1 
f 1514/1752/1 1512/1750/1 1515/1755/1 1516/1756/1 
f 1516/1756/1 1517/1757/1 1518/1758/1 1514/1752/1 
f 1518/1759/1 442/549/1 441/548/1 1514/1760/1 
f 1517/1761/1 1519/1762/1 1520/1763/1 1518/1759/1 
f 1518/1759/1 1520/1763/1 447/554/1 442/549/1 
f 1520/1763/1 1521/1764/1 1233/1438/1 447/554/1 
f 1519/1762/1 1522/1765/1 1521/1764/1 1520/1763/1 
f 1522/1765/1 1243/1448/1 1236/1441/1 1521/1764/1 
f 1522/1765/1 1519/1762/1 1523/1766/1 1246/1451/1 
f 1246/1451/1 1244/1449/1 1243/1448/1 1522/1765/1 
f 1519/1762/1 1517/1761/1 1524/1767/1 1523/1766/1 
f 1523/1766/1 1524/1767/1 1251/1456/1 1249/1454/1 
f 1523/1766/1 1249/1454/1 1247/1452/1 1246/1451/1 
f 1517/1757/1 1516/1756/1 1525/1768/1 1524/1769/1 
f 1524/1769/1 1525/1768/1 1253/1459/1 1251/1458/1 
f 1516/1756/1 1515/1755/1 1526/1770/1 1525/1768/1 
f 1525/1768/1 1526/1770/1 1527/1771/1 1253/1459/1 
f 1526/1770/1 1528/1772/1 1529/1773/1 1527/1771/1 
f 1527/1771/1 1529/1773/1 1530/1774/1 1256/1464/1 
f 1256/1464/1 1254/1460/1 1253/1459/1 1527/1771/1 
f 1529/1773/1 1531/1775/1 1532/1776/1 1530/1774/1 
f 1530/1774/1 1532/1776/1 1533/1777/1 1260/1468/1 
f 1260/1468/1 1257/1465/1 1256/1464/1 1530/1774/1 
f 1532/1776/1 1534/1778/1 1535/1779/1 1533/1777/1 
f 1535/1779/1 1536/1780/1 1537/1781/1 1533/1777/1 
f 1537/1781/1 1259/1467/1 1260/1468/1 1533/1777/1 
f 1536/1780/1 433/540/1 1538/1782/1 1537/1781/1 
f 1261/1469/1 1259/1467/1 1537/1781/1 1538/1782/1 
f 433/540/1 432/539/1 1539/1783/1 1538/1782/1 
f 1263/1471/1 1261/1469/1 1538/1782/1 1539/1783/1 
f 1539/1783/1 432/539/1 431/538/1 1540/1784/1 
f 1265/1473/1 1263/1471/1 1539/1783/1 1540/1784/1 
f 1540/1784/1 431/538/1 1541/1785/1 1542/1786/1 
f 1542/1786/1 1543/1787/1 1265/1473/1 1540/1784/1 
f 1543/1787/1 1542/1786/1 1544/1788/1 1545/1789/1 
f 1546/1790/1 1268/1476/1 1543/1787/1 1545/1789/1 
f 1266/1474/1 1265/1473/1 1543/1787/1 1268/1476/1 
f 1546/1790/1 1545/1789/1 1547/1791/1 1548/1792/1 
f 1548/1792/1 1549/1793/1 1272/1482/1 1546/1790/1 
f 1546/1790/1 1272/1482/1 1269/1477/1 1268/1476/1 
f 1549/1793/1 1548/1792/1 1550/1794/1 1551/1795/1 
f 1551/1795/1 1552/1796/1 1275/1797/1 1549/1793/1 
f 1275/1797/1 1273/1483/1 1272/1482/1 1549/1793/1 
f 1552/1796/1 1551/1795/1 1553/1798/1 1554/1799/1 
f 1554/1800/1 1555/1801/1 1278/1489/1 1552/1802/1 
f 1552/1802/1 1278/1489/1 1276/1487/1 1275/1486/1 
f 1555/1801/1 1554/1800/1 1556/1803/1 1557/1804/1 
f 1557/1804/1 1558/1805/1 1281/1492/1 1555/1801/1 
f 1555/1801/1 1281/1492/1 1279/1490/1 1278/1489/1 
f 1558/1805/1 1557/1804/1 1559/1806/1 1560/1807/1 
f 1560/1807/1 1561/1808/1 1562/1809/1 1558/1805/1 
f 1558/1805/1 1562/1809/1 1282/1493/1 1281/1492/1 
f 1562/1809/1 1561/1808/1 1563/1810/1 1564/1811/1 
f 1564/1811/1 1283/1494/1 1282/1493/1 1562/1809/1 
f 1564/1811/1 1563/1810/1 1565/1812/1 1566/1813/1 
f 1566/1813/1 1285/1496/1 1283/1494/1 1564/1811/1 
f 1565/1812/1 1567/1814/1 1568/1815/1 1566/1813/1 
f 1566/1813/1 1568/1815/1 1287/1498/1 1285/1496/1 
f 1567/1814/1 1296/1515/1 1292/1503/1 1568/1815/1 
f 1568/1815/1 1292/1503/1 1289/1500/1 1287/1498/1 
f 1565/1816/1 1569/1817/1 1570/1818/1 1567/1819/1 
f 1570/1818/1 1297/1513/1 1296/1512/1 1567/1819/1 
f 1569/1817/1 47/53/1 1571/1820/1 1570/1818/1 
f 1571/1820/1 1299/1517/1 1297/1513/1 1570/1818/1 
f 1571/1820/1 47/53/1 44/50/1 1572/1821/1 
f 1572/1821/1 1573/1822/1 1299/1517/1 1571/1820/1 
f 1573/1822/1 1572/1821/1 1574/1823/1 1575/1824/1 
f 1575/1824/1 1576/1825/1 1302/1520/1 1573/1822/1 
f 1573/1822/1 1302/1520/1 1300/1518/1 1299/1517/1 
f 1576/1825/1 1575/1824/1 1577/1826/1 1578/1827/1 
f 1578/1827/1 1579/1828/1 1580/1829/1 1576/1825/1 
f 1576/1825/1 1580/1829/1 1303/1521/1 1302/1520/1 
f 1579/1828/1 1581/1830/1 1582/1831/1 1580/1829/1 
f 1580/1829/1 1582/1831/1 1304/1522/1 1303/1521/1 
f 1581/1830/1 1583/1832/1 1584/1833/1 1582/1831/1 
f 1584/1833/1 1306/1524/1 1304/1522/1 1582/1831/1 
f 1584/1833/1 1583/1832/1 1585/1834/1 1586/1835/1 
f 1586/1835/1 1308/1526/1 1306/1524/1 1584/1833/1 
f 1585/1834/1 1587/1836/1 1588/1837/1 1586/1835/1 
f 1588/1838/1 1589/1839/1 1308/1840/1 1586/1841/1 
f 1588/1838/1 1590/1842/1 1591/1843/1 1589/1839/1 
f 1589/1839/1 1591/1843/1 1592/1844/1 1311/1532/1 
f 1309/1531/1 1308/1840/1 1589/1839/1 1311/1532/1 
f 1591/1843/1 1593/1845/1 1594/1846/1 1592/1844/1 
f 1592/1844/1 1594/1846/1 1317/1541/1 1315/1539/1 
f 1592/1844/1 1315/1539/1 1312/1533/1 1311/1532/1 
f 1593/1845/1 1595/1847/1 1596/1848/1 1594/1846/1 
f 1594/1846/1 1596/1848/1 1319/1543/1 1317/1541/1 
f 1596/1848/1 1595/1847/1 1597/1849/1 1598/1850/1 
f 1598/1850/1 1321/1545/1 1319/1543/1 1596/1848/1 
f 1598/1851/1 1597/1852/1 1599/1853/1 1600/1854/1 
f 1600/1855/1 1601/1856/1 1321/1545/1 1598/1850/1 
f 1601/1856/1 1600/1855/1 1602/1857/1 1603/1858/1 
f 1603/1858/1 1604/1859/1 1324/1548/1 1601/1856/1 
f 1601/1856/1 1324/1548/1 1322/1546/1 1321/1545/1 
f 1603/1858/1 1605/1860/1 1606/1861/1 1604/1859/1 
f 1604/1859/1 1606/1861/1 1607/1862/1 1327/1551/1 
f 1327/1551/1 1325/1549/1 1324/1548/1 1604/1859/1 
f 1606/1861/1 1608/1863/1 1609/1864/1 1607/1862/1 
f 1607/1862/1 1609/1864/1 1610/1865/1 1330/1554/1 
f 1330/1554/1 1328/1552/1 1327/1551/1 1607/1862/1 
f 1609/1864/1 1611/1866/1 1612/1867/1 1610/1865/1 
f 1610/1865/1 1612/1867/1 1613/1868/1 1334/1558/1 
f 1334/1558/1 1331/1555/1 1330/1554/1 1610/1865/1 
f 1614/1869/1 1615/1870/1 1613/1868/1 1612/1867/1 
f 290/365/1 1337/1561/1 1613/1868/1 1615/1870/1 
f 1335/1559/1 1334/1558/1 1613/1868/1 1337/1561/1 
f 1616/1871/1 1617/1872/1 1615/1870/1 1614/1869/1 
f 289/366/1 290/365/1 1615/1870/1 1617/1872/1 
f 1618/1873/1 1619/1874/1 1617/1875/1 1616/1876/1 
f 288/363/1 289/364/1 1617/1875/1 1619/1874/1 
f 1620/1877/1 1621/1878/1 1619/1874/1 1618/1873/1 
f 1622/1879/1 288/363/1 1619/1874/1 1621/1878/1 
f 1622/1879/1 1621/1878/1 1623/1880/1 1624/1881/1 
f 1624/1881/1 1625/1882/1 1626/1883/1 1622/1879/1 
f 287/362/1 288/363/1 1622/1879/1 1626/1883/1 
f 1625/1882/1 1627/1884/1 1628/1885/1 1626/1883/1 
f 284/359/1 287/362/1 1626/1883/1 1628/1885/1 
f 1627/1884/1 1343/1570/1 1341/1568/1 1628/1885/1 
f 1628/1885/1 1341/1568/1 1339/1565/1 284/359/1 
f 1627/1884/1 1625/1882/1 1629/1886/1 1630/1887/1 
f 1630/1887/1 1631/1888/1 1343/1570/1 1627/1884/1 
f 1631/1888/1 1630/1887/1 1632/1889/1 1633/1890/1 
f 1633/1890/1 1634/1891/1 1346/1573/1 1631/1888/1 
f 1631/1888/1 1346/1573/1 1344/1571/1 1343/1570/1 
f 1634/1891/1 1633/1890/1 1635/1892/1 1636/1893/1 
f 1636/1893/1 1637/1894/1 1638/1895/1 1634/1891/1 
f 1634/1891/1 1638/1895/1 1347/1574/1 1346/1573/1 
f 1637/1894/1 1639/1896/1 1351/1578/1 1638/1895/1 
f 1638/1895/1 1351/1578/1 1348/1575/1 1347/1574/1 
f 1639/1896/1 1637/1894/1 1640/1897/1 1641/1898/1 
f 1641/1898/1 1642/1899/1 1643/1900/1 1639/1896/1 
f 1639/1896/1 1643/1900/1 1352/1579/1 1351/1578/1 
f 1642/1899/1 1644/1901/1 1645/1902/1 1643/1900/1 
f 1643/1900/1 1645/1902/1 1353/1580/1 1352/1579/1 
f 1644/1901/1 1646/1903/1 1647/1904/1 1645/1902/1 
f 1645/1902/1 1647/1904/1 1355/1582/1 1353/1580/1 
f 1646/1903/1 1648/1905/1 1649/1906/1 1647/1904/1 
f 1647/1904/1 1649/1906/1 1357/1584/1 1355/1582/1 
f 1648/1905/1 1650/1907/1 1364/1591/1 1649/1906/1 
f 1649/1906/1 1364/1591/1 1362/1589/1 1357/1584/1 
f 1650/1907/1 1648/1905/1 1651/1908/1 1652/1909/1 
f 1652/1909/1 1653/1910/1 1654/1911/1 1650/1907/1 
f 1650/1907/1 1654/1911/1 1365/1592/1 1364/1591/1 
f 1653/1910/1 1655/1912/1 1656/1913/1 1654/1911/1 
f 1654/1911/1 1656/1913/1 1366/1593/1 1365/1592/1 
f 1655/1912/1 1657/1914/1 1658/1915/1 1656/1913/1 
f 1656/1913/1 1658/1915/1 1368/1595/1 1366/1593/1 
f 1657/1914/1 1659/1916/1 1660/1917/1 1658/1915/1 
f 1658/1915/1 1660/1917/1 1370/1597/1 1368/1595/1 
f 1659/1916/1 1661/1918/1 1662/1919/1 1660/1917/1 
f 1660/1917/1 1662/1919/1 1372/1599/1 1370/1597/1 
f 1661/1918/1 1663/1920/1 1664/1921/1 1662/1919/1 
f 1662/1919/1 1664/1921/1 1374/1601/1 1372/1599/1 
f 1664/1921/1 1663/1920/1 1665/1922/1 1666/1923/1 
f 1666/1923/1 1667/1924/1 1374/1601/1 1664/1921/1 
f 1667/1924/1 1666/1923/1 1668/1925/1 1669/1926/1 
f 1669/1926/1 1399/1631/1 1377/1604/1 1667/1924/1 
f 1377/1604/1 1375/1602/1 1374/1601/1 1667/1924/1 
f 1669/1926/1 1668/1925/1 1670/1927/1 1402/1634/1 
f 1402/1634/1 1400/1632/1 1399/1631/1 1669/1926/1 
f 1668/1925/1 1671/1928/1 1672/1929/1 1670/1927/1 
f 1670/1927/1 1672/1929/1 1407/1639/1 1405/1637/1 
f 1405/1637/1 1403/1635/1 1402/1634/1 1670/1927/1 
f 1671/1928/1 1673/1930/1 1674/1931/1 1672/1929/1 
f 1674/1931/1 1675/1932/1 1407/1639/1 1672/1929/1 
f 1674/1931/1 1676/1933/1 1677/1934/1 1675/1932/1 
f 1677/1934/1 1678/1935/1 1410/1642/1 1675/1932/1 
f 1410/1642/1 1408/1640/1 1407/1639/1 1675/1932/1 
f 1677/1934/1 1679/1936/1 1680/1937/1 1678/1935/1 
f 1680/1937/1 1681/1938/1 1413/1645/1 1678/1935/1 
f 1413/1645/1 1411/1643/1 1410/1642/1 1678/1935/1 
f 1681/1938/1 1680/1937/1 1682/1939/1 1683/1940/1 
f 1683/1940/1 1684/1941/1 1416/1648/1 1681/1938/1 
f 1416/1648/1 1414/1646/1 1413/1645/1 1681/1938/1 
f 1684/1941/1 1683/1940/1 1685/1942/1 1686/1943/1 
f 1686/1943/1 1687/1944/1 1419/1651/1 1684/1941/1 
f 1684/1941/1 1419/1651/1 1417/1649/1 1416/1648/1 
f 1687/1944/1 1686/1943/1 1688/1945/1 1689/1946/1 
f 1689/1946/1 1690/1947/1 1422/1654/1 1687/1944/1 
f 1687/1944/1 1422/1654/1 1420/1652/1 1419/1651/1 
f 1690/1947/1 1689/1946/1 1691/1948/1 1692/1949/1 
f 1690/1947/1 1692/1949/1 1693/1950/1 1425/1657/1 
f 1425/1657/1 1423/1655/1 1422/1654/1 1690/1947/1 
f 1692/1949/1 1694/1951/1 1695/1952/1 1693/1950/1 
f 1693/1950/1 1695/1952/1 1696/1953/1 1697/1954/1 
f 1697/1954/1 1426/1658/1 1425/1657/1 1693/1950/1 
f 1697/1954/1 1696/1953/1 1698/1955/1 1699/1956/1 
f 1699/1956/1 1427/1659/1 1426/1658/1 1697/1954/1 
f 1698/1955/1 1700/1957/1 1701/1958/1 1699/1956/1 
f 1701/1958/1 1429/1661/1 1427/1659/1 1699/1956/1 
f 1700/1957/1 1702/1959/1 1703/1960/1 1701/1958/1 
f 1703/1960/1 1431/1663/1 1429/1661/1 1701/1958/1 
f 1702/1959/1 1704/1961/1 1705/1962/1 1703/1960/1 
f 1705/1962/1 1433/1665/1 1431/1663/1 1703/1960/1 
f 1704/1963/1 1706/1964/1 1707/1965/1 1705/1966/1 
f 1707/1965/1 1435/1670/1 1433/1967/1 1705/1966/1 
f 1706/1964/1 1708/1968/1 1709/1969/1 1707/1965/1 
f 1709/1969/1 1437/1671/1 1435/1670/1 1707/1965/1 
f 1708/1968/1 1710/1970/1 1711/1971/1 1709/1969/1 
f 1711/1971/1 1439/1674/1 1437/1671/1 1709/1969/1 
f 1710/1970/1 1712/1972/1 1444/1679/1 1711/1971/1 
f 1444/1679/1 1441/1676/1 1439/1674/1 1711/1971/1 
f 1710/1970/1 1713/1973/1 1714/1974/1 1712/1972/1 
f 1714/1974/1 1715/1975/1 1447/1682/1 1712/1972/1 
f 1447/1682/1 1445/1680/1 1444/1679/1 1712/1972/1 
f 1714/1974/1 1716/1976/1 1717/1977/1 1715/1975/1 
f 1715/1975/1 1717/1977/1 1718/1978/1 1450/1685/1 
f 1450/1685/1 1448/1683/1 1447/1682/1 1715/1975/1 
f 1718/1978/1 1717/1977/1 1719/1979/1 1720/1980/1 
f 1720/1980/1 1721/1981/1 1722/1982/1 1718/1978/1 
f 1722/1982/1 1451/1686/1 1450/1685/1 1718/1978/1 
f 1721/1981/1 1723/1983/1 1724/1984/1 1722/1982/1 
f 1724/1984/1 1452/1687/1 1451/1686/1 1722/1982/1 
f 1723/1983/1 1725/1985/1 1726/1986/1 1724/1984/1 
f 1726/1986/1 1454/1689/1 1452/1687/1 1724/1984/1 
f 1726/1986/1 1725/1985/1 1727/1987/1 1728/1988/1 
f 1728/1988/1 1456/1691/1 1454/1689/1 1726/1986/1 
f 1728/1988/1 1727/1987/1 1729/1989/1 1730/1990/1 
f 1730/1990/1 1458/1693/1 1456/1691/1 1728/1988/1 
f 1730/1990/1 1729/1989/1 1731/1991/1 1732/1992/1 
f 1732/1992/1 1460/1695/1 1458/1693/1 1730/1990/1 
f 1732/1992/1 1731/1991/1 1733/1993/1 1734/1994/1 
f 1734/1994/1 1462/1697/1 1460/1695/1 1732/1992/1 
f 1734/1994/1 1733/1993/1 1735/1995/1 1736/1996/1 
f 1736/1996/1 1464/1699/1 1462/1697/1 1734/1994/1 
f 1736/1996/1 1735/1995/1 1737/1997/1 1738/1998/1 
f 1738/1998/1 1466/1701/1 1464/1699/1 1736/1996/1 
f 1737/1997/1 1739/1999/1 1740/2000/1 1738/1998/1 
f 1740/2000/1 1468/1703/1 1466/1701/1 1738/1998/1 
f 1739/1999/1 1741/2001/1 1742/2002/1 1740/2000/1 
f 1740/2000/1 1742/2002/1 1470/1705/1 1468/1703/1 
f 1741/2001/1 1743/2003/1 1744/2004/1 1742/2002/1 
f 1742/2002/1 1744/2004/1 1472/1707/1 1470/1705/1 
f 1743/2003/1 1745/2005/1 1746/2006/1 1744/2004/1 
f 1744/2004/1 1746/2006/1 1747/2007/1 1472/1707/1 
f 1746/2006/1 1748/2008/1 1749/2009/1 1747/2007/1 
f 1747/2007/1 1749/2009/1 1750/2010/1 1475/1710/1 
f 1475/1710/1 1473/1708/1 1472/1707/1 1747/2007/1 
f 1749/2009/1 1751/2011/1 1752/2012/1 1750/2010/1 
f 1750/2010/1 1752/2012/1 1753/2013/1 1478/1713/1 
f 1478/1713/1 1476/1711/1 1475/1710/1 1750/2010/1 
f 1752/2012/1 1754/2014/1 1755/2015/1 1753/2013/1 
f 1753/2013/1 1755/2015/1 1756/2016/1 1481/1716/1 
f 1481/1716/1 1479/1714/1 1478/1713/1 1753/2013/1 
f 1755/2015/1 1757/2017/1 1758/2018/1 1756/2016/1 
f 1756/2016/1 1758/2018/1 1759/2019/1 1484/1719/1 
f 1484/1719/1 1482/1717/1 1481/1716/1 1756/2016/1 
f 1758/2018/1 1760/2020/1 1761/2021/1 1759/2019/1 
f 1759/2019/1 1761/2021/1 1762/2022/1 1487/1722/1 
f 1487/1722/1 1485/1720/1 1484/1719/1 1759/2019/1 
f 1761/2021/1 1763/2023/1 1764/2024/1 1762/2022/1 
f 1762/2025/1 1764/2026/1 1765/2027/1 1490/1728/1 
f 1490/1728/1 1488/1724/1 1487/2028/1 1762/2025/1 
f 1764/2026/1 1766/2029/1 1767/2030/1 1765/2027/1 
f 1765/2027/1 1767/2030/1 1768/2031/1 1769/2032/1 
f 1769/2032/1 1491/1729/1 1490/1728/1 1765/2027/1 
f 1768/2031/1 1770/2033/1 1771/2034/1 1769/2032/1 
f 1771/2034/1 1492/1730/1 1491/1729/1 1769/2032/1 
f 1770/2033/1 1772/2035/1 1773/2036/1 1771/2034/1 
f 1771/2034/1 1773/2036/1 1494/1732/1 1492/1730/1 
f 1772/2035/1 1774/2037/1 1775/2038/1 1773/2036/1 
f 1773/2036/1 1775/2038/1 1496/1734/1 1494/1732/1 
f 1774/2037/1 1776/2039/1 1777/2040/1 1775/2038/1 
f 1775/2038/1 1777/2040/1 1498/1736/1 1496/1734/1 
f 1776/2039/1 1778/2041/1 1779/2042/1 1777/2040/1 
f 1777/2040/1 1779/2042/1 1500/1738/1 1498/1736/1 
f 1778/2041/1 1780/2043/1 1781/2044/1 1779/2042/1 
f 1779/2042/1 1781/2044/1 1502/1740/1 1500/1738/1 
f 1780/2043/1 1782/2045/1 1783/2046/1 1781/2044/1 
f 1781/2044/1 1783/2046/1 1504/1742/1 1502/1740/1 
f 1782/2045/1 1784/2047/1 1785/2048/1 1783/2046/1 
f 1783/2046/1 1785/2048/1 1506/1744/1 1504/1742/1 
f 1784/2047/1 1786/2049/1 1787/2050/1 1785/2048/1 
f 1785/2048/1 1787/2050/1 1508/1746/1 1506/1744/1 
f 1786/2049/1 1528/1772/1 1788/2051/1 1787/2050/1 
f 1787/2050/1 1788/2051/1 1510/1748/1 1508/1746/1 
f 1528/1772/1 1526/1770/1 1515/1755/1 1788/2051/1 
f 1788/2051/1 1515/1755/1 1512/1750/1 1510/1748/1 
f 1786/2049/1 1784/2047/1 1789/2052/1 1531/1775/1 
f 1531/1775/1 1529/1773/1 1528/1772/1 1786/2049/1 
f 1784/2047/1 1782/2045/1 1790/2053/1 1789/2052/1 
f 1789/2052/1 1790/2053/1 1791/2054/1 1534/1778/1 
f 1534/1778/1 1532/1776/1 1531/1775/1 1789/2052/1 
f 1790/2053/1 1792/2055/1 1793/2056/1 1791/2054/1 
f 1791/2054/1 1793/2056/1 1794/2057/1 1795/2058/1 
f 1791/2054/1 1795/2058/1 1535/1779/1 1534/1778/1 
f 1794/2057/1 1796/2059/1 1797/2060/1 1795/2058/1 
f 1795/2058/1 1797/2060/1 1536/1780/1 1535/1779/1 
f 1796/2059/1 438/545/1 434/541/1 1797/2060/1 
f 1797/2060/1 434/541/1 433/540/1 1536/1780/1 
f 1794/2057/1 1798/2061/1 1799/2062/1 1796/2059/1 
f 1799/2062/1 1800/2063/1 438/545/1 1796/2059/1 
f 1800/2063/1 1799/2062/1 1801/2064/1 1802/2065/1 
f 1800/2063/1 1802/2065/1 1803/2066/1 1804/2067/1 
f 1800/2063/1 1804/2067/1 436/543/1 438/545/1 
f 1804/2067/1 1803/2066/1 1805/2068/1 1806/2069/1 
f 1806/2069/1 437/544/1 436/543/1 1804/2067/1 
f 1805/2068/1 1807/2070/1 1808/2071/1 1806/2069/1 
f 1806/2069/1 1808/2071/1 1809/2072/1 437/544/1 
f 1808/2071/1 1810/2073/1 1811/2074/1 1809/2072/1 
f 1811/2074/1 1812/2075/1 1813/2076/1 1809/2072/1 
f 1813/2076/1 430/537/1 437/544/1 1809/2072/1 
f 1812/2075/1 1814/2077/1 1541/1785/1 1813/2076/1 
f 1813/2076/1 1541/1785/1 431/538/1 430/537/1 
f 1814/2077/1 1812/2075/1 1815/2078/1 1816/2079/1 
f 1816/2079/1 1817/2080/1 1544/1788/1 1814/2077/1 
f 1814/2077/1 1544/1788/1 1542/1786/1 1541/1785/1 
f 1817/2080/1 1816/2079/1 1818/2081/1 1819/2082/1 
f 1819/2082/1 1820/2083/1 1547/1791/1 1817/2080/1 
f 1817/2080/1 1547/1791/1 1545/1789/1 1544/1788/1 
f 1820/2083/1 1819/2082/1 1821/2084/1 1822/2085/1 
f 1822/2085/1 1823/2086/1 1550/1794/1 1820/2083/1 
f 1820/2083/1 1550/1794/1 1548/1792/1 1547/1791/1 
f 1823/2086/1 1822/2085/1 378/471/1 377/470/1 
f 377/470/1 1824/2087/1 1553/1798/1 1823/2086/1 
f 1823/2086/1 1553/1798/1 1551/1795/1 1550/1794/1 
f 377/470/1 380/473/1 1825/2088/1 1824/2087/1 
f 1824/2087/1 1825/2088/1 1826/2089/1 1556/2090/1 
f 1824/2087/1 1556/2090/1 1554/1799/1 1553/1798/1 
f 1825/2088/1 1827/2091/1 1828/2092/1 1826/2089/1 
f 1826/2089/1 1828/2092/1 1829/2093/1 1559/2094/1 
f 1826/2095/1 1559/1806/1 1557/1804/1 1556/1803/1 
f 1828/2092/1 1830/2096/1 38/44/1 1829/2093/1 
f 38/44/1 37/43/1 319/400/1 1829/2093/1 
f 319/400/1 1560/2097/1 1559/2094/1 1829/2093/1 
f 1830/2096/1 1831/2098/1 1832/2099/1 1833/2100/1 
f 1833/2100/1 39/45/1 38/44/1 1830/2096/1 
f 1828/2092/1 1827/2091/1 1831/2098/1 1830/2096/1 
f 1833/2100/1 1832/2099/1 1834/2101/1 1835/2102/1 
f 1835/2102/1 41/47/1 39/45/1 1833/2100/1 
f 1835/2102/1 1834/2101/1 1836/2103/1 1837/2104/1 
f 1837/2104/1 1838/2105/1 41/47/1 1835/2102/1 
f 1838/2105/1 1837/2104/1 1839/2106/1 1840/2107/1 
f 1840/2107/1 1841/2108/1 1842/2109/1 1838/2105/1 
f 1838/2105/1 1842/2109/1 42/48/1 41/47/1 
f 1841/2108/1 1843/2110/1 1844/2111/1 1842/2109/1 
f 1842/2109/1 1844/2111/1 43/49/1 42/48/1 
f 1843/2110/1 1845/2112/1 1846/2113/1 1844/2111/1 
f 1844/2111/1 1846/2113/1 1574/1823/1 43/49/1 
f 1845/2112/1 1847/2114/1 1577/1826/1 1846/2113/1 
f 1846/2113/1 1577/1826/1 1575/1824/1 1574/1823/1 
f 1847/2114/1 1845/2112/1 1848/2115/1 1849/2116/1 
f 1849/2116/1 1850/2117/1 1851/2118/1 1847/2114/1 
f 1847/2114/1 1851/2118/1 1578/1827/1 1577/1826/1 
f 1850/2117/1 1852/2119/1 1853/2120/1 1851/2118/1 
f 1851/2118/1 1853/2120/1 1579/1828/1 1578/1827/1 
f 1852/2119/1 1854/2121/1 1855/2122/1 1853/2120/1 
f 1853/2120/1 1855/2122/1 1581/1830/1 1579/1828/1 
f 1854/2121/1 1856/2123/1 1857/2124/1 1855/2122/1 
f 1855/2122/1 1857/2124/1 1583/1832/1 1581/1830/1 
f 1856/2123/1 359/447/1 361/449/1 1857/2124/1 
f 1857/2124/1 361/449/1 1585/1834/1 1583/1832/1 
f 1856/2123/1 1854/2121/1 1858/2125/1 1859/2126/1 
f 1859/2126/1 360/448/1 359/447/1 1856/2123/1 
f 1859/2126/1 1858/2125/1 1860/2127/1 1861/2128/1 
f 1861/2128/1 1862/2129/1 360/448/1 1859/2126/1 
f 1862/2129/1 1861/2128/1 1863/2130/1 1864/2131/1 
f 1864/2131/1 1865/2132/1 1866/2133/1 1862/2129/1 
f 1862/2129/1 1866/2133/1 357/445/1 360/448/1 
f 1865/2132/1 1867/2134/1 1868/2135/1 1866/2133/1 
f 1866/2133/1 1868/2135/1 358/446/1 357/445/1 
f 1867/2134/1 1869/2136/1 1870/2137/1 1868/2135/1 
f 1868/2135/1 1870/2137/1 1871/2138/1 358/446/1 
f 1870/2137/1 1872/2139/1 1873/2140/1 1871/2138/1 
f 1871/2138/1 1873/2140/1 1874/2141/1 1875/2142/1 
f 1875/2142/1 354/442/1 358/446/1 1871/2138/1 
f 1875/2142/1 1874/2141/1 1876/2143/1 1877/2144/1 
f 1877/2144/1 355/443/1 354/442/1 1875/2142/1 
f 1877/2144/1 1876/2143/1 1878/2145/1 1879/2146/1 
f 1879/2146/1 1880/2147/1 355/443/1 1877/2144/1 
f 1587/2148/1 356/2149/1 355/2150/1 1880/2151/1 
f 1880/2147/1 1879/2146/1 1881/2152/1 1590/2153/1 
f 1590/1842/1 1588/1838/1 1587/2148/1 1880/2151/1 
f 1879/2146/1 1878/2145/1 1882/2154/1 1881/2152/1 
f 1881/2152/1 1882/2154/1 1595/2155/1 1593/2156/1 
f 1593/1845/1 1591/1843/1 1590/1842/1 1881/2157/1 
f 1878/2145/1 1883/2158/1 1884/2159/1 1882/2154/1 
f 1882/2154/1 1884/2159/1 1597/1852/1 1595/2155/1 
f 1883/2158/1 1885/2160/1 1886/2161/1 1884/2159/1 
f 1886/2161/1 1599/1853/1 1597/1852/1 1884/2159/1 
f 1886/2161/1 1885/2160/1 1887/2162/1 1888/2163/1 
f 1888/2163/1 1889/2164/1 1599/1853/1 1886/2161/1 
f 1889/2164/1 1888/2163/1 1890/2165/1 1891/2166/1 
f 1891/2166/1 1892/2167/1 1602/2168/1 1889/2164/1 
f 1889/2164/1 1602/2168/1 1600/1854/1 1599/1853/1 
f 1891/2166/1 1893/2169/1 1894/2170/1 1892/2167/1 
f 1892/2167/1 1894/2170/1 1895/2171/1 1605/2172/1 
f 1605/1860/1 1603/1858/1 1602/1857/1 1892/2173/1 
f 1894/2170/1 1896/2174/1 1897/2175/1 1895/2171/1 
f 1895/2171/1 1897/2175/1 1898/2176/1 1608/2177/1 
f 1608/1863/1 1606/1861/1 1605/1860/1 1895/2178/1 
f 272/341/1 1898/2176/1 1897/2175/1 271/340/1 
f 1611/1866/1 1898/2179/1 272/2180/1 273/2181/1 
f 1611/1866/1 1609/1864/1 1608/1863/1 1898/2179/1 
f 271/340/1 1897/2175/1 1896/2174/1 1899/2182/1 
f 1899/2182/1 1896/2174/1 1900/2183/1 1901/2184/1 
f 1901/2184/1 1902/2185/1 1903/2186/1 1899/2182/1 
f 270/339/1 271/340/1 1899/2182/1 1903/2186/1 
f 1902/2185/1 1904/2187/1 1905/2188/1 1903/2186/1 
f 267/336/1 270/339/1 1903/2186/1 1905/2188/1 
f 1904/2187/1 1906/2189/1 1620/1877/1 1905/2188/1 
f 1618/1873/1 267/336/1 1905/2188/1 1620/1877/1 
f 1906/2189/1 1904/2187/1 1907/2190/1 1908/2191/1 
f 1908/2191/1 1909/2192/1 1623/1880/1 1906/2189/1 
f 1906/2189/1 1623/1880/1 1621/1878/1 1620/1877/1 
f 1909/2192/1 1908/2191/1 1910/2193/1 1911/2194/1 
f 1911/2194/1 1912/2195/1 1913/2196/1 1909/2192/1 
f 1909/2192/1 1913/2196/1 1624/1881/1 1623/1880/1 
f 1912/2195/1 1914/2197/1 1629/1886/1 1913/2196/1 
f 1913/2196/1 1629/1886/1 1625/1882/1 1624/1881/1 
f 1914/2197/1 1912/2195/1 1915/2198/1 1916/2199/1 
f 1916/2199/1 1917/2200/1 1632/1889/1 1914/2197/1 
f 1914/2197/1 1632/1889/1 1630/1887/1 1629/1886/1 
f 1917/2200/1 1916/2199/1 1918/2201/1 1919/2202/1 
f 1919/2202/1 1920/2203/1 1635/1892/1 1917/2200/1 
f 1917/2200/1 1635/1892/1 1633/1890/1 1632/1889/1 
f 1920/2203/1 1919/2202/1 1921/2204/1 1922/2205/1 
f 1922/2205/1 1923/2206/1 1924/2207/1 1920/2203/1 
f 1920/2203/1 1924/2207/1 1636/1893/1 1635/1892/1 
f 1923/2206/1 1925/2208/1 1640/1897/1 1924/2207/1 
f 1924/2207/1 1640/1897/1 1637/1894/1 1636/1893/1 
f 1925/2208/1 1923/2206/1 1926/2209/1 1927/2210/1 
f 1927/2210/1 1928/2211/1 1929/2212/1 1925/2208/1 
f 1925/2208/1 1929/2212/1 1641/1898/1 1640/1897/1 
f 1928/2211/1 1930/2213/1 1931/2214/1 1929/2212/1 
f 1929/2212/1 1931/2214/1 1642/1899/1 1641/1898/1 
f 1930/2213/1 1932/2215/1 1933/2216/1 1931/2214/1 
f 1931/2214/1 1933/2216/1 1644/1901/1 1642/1899/1 
f 1932/2215/1 1934/2217/1 1935/2218/1 1933/2216/1 
f 1933/2216/1 1935/2218/1 1646/1903/1 1644/1901/1 
f 1934/2217/1 1936/2219/1 1651/1908/1 1935/2218/1 
f 1935/2218/1 1651/1908/1 1648/1905/1 1646/1903/1 
f 1936/2219/1 1934/2217/1 1937/2220/1 1938/2221/1 
f 1938/2221/1 1939/2222/1 1940/2223/1 1936/2219/1 
f 1936/2219/1 1940/2223/1 1652/1909/1 1651/1908/1 
f 1939/2222/1 1941/2224/1 1942/2225/1 1940/2223/1 
f 1940/2223/1 1942/2225/1 1653/1910/1 1652/1909/1 
f 1941/2224/1 1943/2226/1 1944/2227/1 1942/2225/1 
f 1942/2225/1 1944/2227/1 1655/1912/1 1653/1910/1 
f 1943/2226/1 1945/2228/1 1946/2229/1 1944/2227/1 
f 1946/2229/1 1657/1914/1 1655/1912/1 1944/2227/1 
f 1945/2228/1 1947/2230/1 1948/2231/1 1946/2229/1 
f 1948/2231/1 1659/1916/1 1657/1914/1 1946/2229/1 
f 1948/2231/1 1947/2230/1 1949/2232/1 1950/2233/1 
f 1950/2233/1 1661/1918/1 1659/1916/1 1948/2231/1 
f 1949/2232/1 1951/2234/1 1952/2235/1 1950/2233/1 
f 1952/2235/1 1663/1920/1 1661/1918/1 1950/2233/1 
f 1952/2235/1 1951/2234/1 1953/2236/1 1954/2237/1 
f 1954/2237/1 1665/1922/1 1663/1920/1 1952/2235/1 
f 1953/2236/1 1955/2238/1 1673/1930/1 1954/2237/1 
f 1673/1930/1 1671/1928/1 1665/1922/1 1954/2237/1 
f 1953/2236/1 1956/2239/1 1957/2240/1 1955/2238/1 
f 1957/2240/1 1958/2241/1 1676/1933/1 1955/2238/1 
f 1955/2238/1 1676/1933/1 1674/1931/1 1673/1930/1 
f 1957/2240/1 1959/2242/1 1960/2243/1 1958/2241/1 
f 1960/2243/1 1961/2244/1 1679/1936/1 1958/2241/1 
f 1958/2241/1 1679/1936/1 1677/1934/1 1676/1933/1 
f 1961/2244/1 1960/2243/1 1962/2245/1 1963/2246/1 
f 1963/2246/1 1964/2247/1 1682/1939/1 1961/2244/1 
f 1961/2244/1 1682/1939/1 1680/1937/1 1679/1936/1 
f 1964/2247/1 1963/2246/1 1965/2248/1 1966/2249/1 
f 1966/2249/1 1967/2250/1 1685/1942/1 1964/2247/1 
f 1964/2247/1 1685/1942/1 1683/1940/1 1682/1939/1 
f 1967/2250/1 1966/2249/1 1968/2251/1 1969/2252/1 
f 1969/2252/1 1970/2253/1 1688/1945/1 1967/2250/1 
f 1967/2250/1 1688/1945/1 1686/1943/1 1685/1942/1 
f 1970/2253/1 1969/2252/1 1971/2254/1 1972/2255/1 
f 1972/2255/1 1973/2256/1 1691/1948/1 1970/2253/1 
f 1970/2253/1 1691/1948/1 1689/1946/1 1688/1945/1 
f 1973/2256/1 1972/2255/1 1974/2257/1 1975/2258/1 
f 1975/2258/1 1976/2259/1 1694/1951/1 1973/2256/1 
f 1973/2256/1 1694/1951/1 1692/1949/1 1691/1948/1 
f 1975/2258/1 1977/2260/1 1978/2261/1 1976/2259/1 
f 1976/2259/1 1978/2261/1 1979/2262/1 1980/2263/1 
f 1976/2259/1 1980/2263/1 1695/1952/1 1694/1951/1 
f 1979/2262/1 1981/2264/1 1982/2265/1 1980/2263/1 
f 1980/2263/1 1982/2265/1 1696/1953/1 1695/1952/1 
f 1981/2264/1 1983/2266/1 1984/2267/1 1982/2265/1 
f 1984/2267/1 1698/1955/1 1696/1953/1 1982/2265/1 
f 1983/2266/1 1985/2268/1 1986/2269/1 1984/2267/1 
f 1984/2267/1 1986/2269/1 1700/1957/1 1698/1955/1 
f 1985/2268/1 1987/2270/1 1988/2271/1 1986/2269/1 
f 1988/2271/1 1702/1959/1 1700/1957/1 1986/2269/1 
f 1988/2271/1 1987/2270/1 1989/2272/1 1990/2273/1 
f 1990/2273/1 1704/1961/1 1702/1959/1 1988/2271/1 
f 1990/2274/1 1989/2275/1 1991/2276/1 1992/2277/1 
f 1992/2277/1 1706/1964/1 1704/1963/1 1990/2274/1 
f 1991/2276/1 1993/2278/1 1994/2279/1 1992/2277/1 
f 1994/2279/1 1708/1968/1 1706/1964/1 1992/2277/1 
f 1993/2278/1 1995/2280/1 1713/1973/1 1994/2279/1 
f 1713/1973/1 1710/1970/1 1708/1968/1 1994/2279/1 
f 1993/2278/1 1996/2281/1 1997/2282/1 1995/2280/1 
f 1997/2282/1 1998/2283/1 1716/1976/1 1995/2280/1 
f 1716/1976/1 1714/1974/1 1713/1973/1 1995/2280/1 
f 1998/2283/1 1997/2282/1 1999/2284/1 2000/2285/1 
f 2000/2285/1 2001/2286/1 1719/1979/1 1998/2283/1 
f 1998/2283/1 1719/1979/1 1717/1977/1 1716/1976/1 
f 2000/2285/1 2002/2287/1 2003/2288/1 2001/2286/1 
f 2003/2288/1 2004/2289/1 2005/2290/1 2001/2286/1 
f 2001/2286/1 2005/2290/1 1720/1980/1 1719/1979/1 
f 2004/2289/1 2006/2291/1 2007/2292/1 2005/2290/1 
f 2005/2290/1 2007/2292/1 1721/1981/1 1720/1980/1 
f 2006/2291/1 2008/2293/1 2009/2294/1 2007/2292/1 
f 2007/2292/1 2009/2294/1 1723/1983/1 1721/1981/1 
f 2008/2293/1 2010/2295/1 2011/2296/1 2009/2294/1 
f 2009/2294/1 2011/2296/1 1725/1985/1 1723/1983/1 
f 2010/2295/1 2012/2297/1 2013/2298/1 2011/2296/1 
f 2013/2298/1 1727/1987/1 1725/1985/1 2011/2296/1 
f 2012/2297/1 2014/2299/1 2015/2300/1 2013/2298/1 
f 2015/2300/1 1729/1989/1 1727/1987/1 2013/2298/1 
f 2015/2300/1 2014/2299/1 2016/2301/1 2017/2302/1 
f 2017/2302/1 1731/1991/1 1729/1989/1 2015/2300/1 
f 2017/2302/1 2016/2301/1 2018/2303/1 2019/2304/1 
f 2019/2304/1 1733/1993/1 1731/1991/1 2017/2302/1 
f 2019/2304/1 2018/2303/1 2020/2305/1 2021/2306/1 
f 2021/2306/1 1735/1995/1 1733/1993/1 2019/2304/1 
f 2021/2306/1 2020/2305/1 2022/2307/1 2023/2308/1 
f 2023/2308/1 1737/1997/1 1735/1995/1 2021/2306/1 
f 2023/2308/1 2022/2307/1 2024/2309/1 2025/2310/1 
f 2025/2310/1 1739/1999/1 1737/1997/1 2023/2308/1 
f 2025/2310/1 2024/2309/1 2026/2311/1 2027/2312/1 
f 2027/2312/1 1741/2001/1 1739/1999/1 2025/2310/1 
f 2027/2312/1 2026/2311/1 2028/2313/1 2029/2314/1 
f 2029/2314/1 1743/2003/1 1741/2001/1 2027/2312/1 
f 2029/2314/1 2028/2313/1 2030/2315/1 2031/2316/1 
f 2031/2316/1 1745/2005/1 1743/2003/1 2029/2314/1 
f 2031/2316/1 2030/2315/1 2032/2317/1 2033/2318/1 
f 2033/2318/1 2034/2319/1 1745/2005/1 2031/2316/1 
f 2034/2319/1 2033/2318/1 2035/2320/1 2036/2321/1 
f 2036/2321/1 2037/2322/1 1748/2008/1 2034/2319/1 
f 2034/2319/1 1748/2008/1 1746/2006/1 1745/2005/1 
f 2037/2322/1 2036/2321/1 2038/2323/1 2039/2324/1 
f 2037/2322/1 2039/2324/1 2040/2325/1 1751/2011/1 
f 1751/2011/1 1749/2009/1 1748/2008/1 2037/2322/1 
f 2039/2324/1 2041/2326/1 2042/2327/1 2040/2325/1 
f 2040/2325/1 2042/2327/1 2043/2328/1 1754/2014/1 
f 1754/2014/1 1752/2012/1 1751/2011/1 2040/2325/1 
f 2042/2327/1 2044/2329/1 2045/2330/1 2043/2328/1 
f 2043/2328/1 2045/2330/1 2046/2331/1 1757/2017/1 
f 1757/2017/1 1755/2015/1 1754/2014/1 2043/2328/1 
f 2045/2330/1 2047/2332/1 2048/2333/1 2046/2331/1 
f 2046/2331/1 2048/2333/1 2049/2334/1 1760/2020/1 
f 1760/2020/1 1758/2018/1 1757/2017/1 2046/2331/1 
f 2048/2333/1 2050/2335/1 2051/2336/1 2049/2334/1 
f 2049/2334/1 2051/2336/1 2052/2337/1 1763/2023/1 
f 1763/2023/1 1761/2021/1 1760/2020/1 2049/2334/1 
f 2051/2336/1 2053/2338/1 2054/2339/1 2052/2337/1 
f 2054/2340/1 2055/2341/1 1766/2029/1 2052/2342/1 
f 1766/2029/1 1764/2026/1 1763/2343/1 2052/2342/1 
f 2055/2341/1 2054/2340/1 2056/2344/1 2057/2345/1 
f 2057/2345/1 2058/2346/1 2059/2347/1 2055/2341/1 
f 2059/2347/1 1767/2030/1 1766/2029/1 2055/2341/1 
f 2058/2346/1 2060/2348/1 2061/2349/1 2059/2347/1 
f 2059/2347/1 2061/2349/1 1768/2031/1 1767/2030/1 
f 2060/2348/1 2062/2350/1 2063/2351/1 2061/2349/1 
f 2061/2349/1 2063/2351/1 1770/2033/1 1768/2031/1 
f 2063/2351/1 2062/2350/1 2064/2352/1 2065/2353/1 
f 2065/2353/1 1772/2035/1 1770/2033/1 2063/2351/1 
f 2064/2352/1 2066/2354/1 2067/2355/1 2065/2353/1 
f 2065/2353/1 2067/2355/1 1774/2037/1 1772/2035/1 
f 2066/2354/1 2068/2356/1 2069/2357/1 2067/2355/1 
f 2067/2355/1 2069/2357/1 1776/2039/1 1774/2037/1 
f 2068/2356/1 2070/2358/1 2071/2359/1 2069/2357/1 
f 2069/2357/1 2071/2359/1 1778/2041/1 1776/2039/1 
f 2070/2358/1 1793/2056/1 1792/2055/1 2071/2359/1 
f 2071/2359/1 1792/2055/1 1780/2043/1 1778/2041/1 
f 2070/2358/1 2068/2356/1 2072/2360/1 1798/2061/1 
f 1798/2061/1 1794/2057/1 1793/2056/1 2070/2358/1 
f 2072/2360/1 2068/2356/1 2066/2354/1 2073/2361/1 
f 2073/2361/1 2074/2362/1 1801/2064/1 2072/2360/1 
f 1801/2064/1 1799/2062/1 1798/2061/1 2072/2360/1 
f 2074/2362/1 2073/2361/1 2075/2363/1 2076/2364/1 
f 2076/2364/1 2077/2365/1 2078/2366/1 2074/2362/1 
f 2074/2362/1 2078/2366/1 1802/2065/1 1801/2064/1 
f 2077/2365/1 2079/2367/1 2080/2368/1 2078/2366/1 
f 2078/2366/1 2080/2368/1 1803/2066/1 1802/2065/1 
f 2079/2367/1 2081/2369/1 2082/2370/1 2080/2368/1 
f 2082/2370/1 1805/2068/1 1803/2066/1 2080/2368/1 
f 2081/2369/1 2083/2371/1 2084/2372/1 2082/2370/1 
f 2084/2372/1 1807/2070/1 1805/2068/1 2082/2370/1 
f 2083/2371/1 2085/2373/1 2086/2374/1 2084/2372/1 
f 2086/2374/1 2087/2375/1 1807/2070/1 2084/2372/1 
f 2087/2375/1 2086/2374/1 2088/2376/1 2089/2377/1 
f 2089/2377/1 2090/2378/1 1810/2073/1 2087/2375/1 
f 1810/2073/1 1808/2071/1 1807/2070/1 2087/2375/1 
f 2090/2378/1 2089/2377/1 2091/2379/1 2092/2380/1 
f 2092/2380/1 2093/2381/1 2094/2382/1 2090/2378/1 
f 2094/2382/1 1811/2074/1 1810/2073/1 2090/2378/1 
f 2093/2381/1 2095/2383/1 1815/2078/1 2094/2382/1 
f 2094/2382/1 1815/2078/1 1812/2075/1 1811/2074/1 
f 2095/2383/1 2093/2381/1 2096/2384/1 2097/2385/1 
f 2097/2385/1 2098/2386/1 1818/2081/1 2095/2383/1 
f 2095/2383/1 1818/2081/1 1816/2079/1 1815/2078/1 
f 2098/2386/1 2097/2385/1 2099/2387/1 2100/2388/1 
f 2098/2386/1 2100/2388/1 383/476/1 1821/2084/1 
f 2098/2386/1 1821/2084/1 1819/2082/1 1818/2081/1 
f 2100/2388/1 2099/2387/1 2101/2389/1 2102/2390/1 
f 2100/2388/1 2102/2390/1 382/475/1 383/476/1 
f 2101/2389/1 2103/2391/1 2104/2392/1 2102/2390/1 
f 2102/2390/1 2104/2392/1 381/474/1 382/475/1 
f 2103/2391/1 1832/2099/1 1831/2098/1 2104/2392/1 
f 1831/2098/1 1827/2091/1 381/474/1 2104/2392/1 
f 2103/2391/1 2101/2389/1 2105/2393/1 2106/2394/1 
f 2106/2394/1 1834/2101/1 1832/2099/1 2103/2391/1 
f 2106/2394/1 2105/2393/1 2107/2395/1 2108/2396/1 
f 2108/2396/1 1836/2103/1 1834/2101/1 2106/2394/1 
f 2108/2396/1 2107/2395/1 2109/2397/1 2110/2398/1 
f 2110/2398/1 2111/2399/1 1836/2103/1 2108/2396/1 
f 2111/2399/1 2110/2398/1 2112/2400/1 2113/2401/1 
f 2113/2401/1 2114/2402/1 1839/2106/1 2111/2399/1 
f 2111/2399/1 1839/2106/1 1837/2104/1 1836/2103/1 
f 2114/2402/1 2113/2401/1 2115/2403/1 2116/2404/1 
f 2116/2404/1 2117/2405/1 2118/2406/1 2114/2402/1 
f 2114/2402/1 2118/2406/1 1840/2107/1 1839/2106/1 
f 2117/2405/1 2119/2407/1 2120/2408/1 2118/2406/1 
f 2118/2406/1 2120/2408/1 1841/2108/1 1840/2107/1 
f 2119/2407/1 2121/2409/1 2122/2410/1 2120/2408/1 
f 2120/2408/1 2122/2410/1 1843/2110/1 1841/2108/1 
f 2121/2409/1 2123/2411/1 1848/2115/1 2122/2410/1 
f 2122/2410/1 1848/2115/1 1845/2112/1 1843/2110/1 
f 2123/2411/1 2121/2409/1 2124/2412/1 2125/2413/1 
f 2125/2413/1 2126/2414/1 2127/2415/1 2123/2411/1 
f 2123/2411/1 2127/2415/1 1849/2116/1 1848/2115/1 
f 2126/2414/1 2128/2416/1 2129/2417/1 2127/2415/1 
f 2127/2415/1 2129/2417/1 1850/2117/1 1849/2116/1 
f 2128/2416/1 2130/2418/1 2131/2419/1 2129/2417/1 
f 2129/2417/1 2131/2419/1 1852/2119/1 1850/2117/1 
f 2130/2418/1 1860/2127/1 1858/2125/1 2131/2419/1 
f 2131/2419/1 1858/2125/1 1854/2121/1 1852/2119/1 
f 2130/2418/1 2128/2416/1 2132/2420/1 2133/2421/1 
f 2133/2421/1 2134/2422/1 1860/2127/1 2130/2418/1 
f 2134/2422/1 2133/2421/1 2135/2423/1 2136/2424/1 
f 2136/2424/1 2137/2425/1 1863/2130/1 2134/2422/1 
f 2134/2422/1 1863/2130/1 1861/2128/1 1860/2127/1 
f 2137/2425/1 2136/2424/1 2138/2426/1 2139/2427/1 
f 2139/2427/1 2140/2428/1 2141/2429/1 2137/2425/1 
f 2137/2425/1 2141/2429/1 1864/2131/1 1863/2130/1 
f 2140/2428/1 2142/2430/1 2143/2431/1 2141/2429/1 
f 2141/2429/1 2143/2431/1 1865/2132/1 1864/2131/1 
f 2142/2430/1 2144/2432/1 2145/2433/1 2143/2431/1 
f 2143/2431/1 2145/2433/1 1867/2134/1 1865/2132/1 
f 2144/2432/1 2146/2434/1 2147/2435/1 2145/2433/1 
f 2145/2433/1 2147/2435/1 1869/2136/1 1867/2134/1 
f 2146/2434/1 2148/2436/1 2149/2437/1 2147/2435/1 
f 2147/2435/1 2149/2437/1 2150/2438/1 1869/2136/1 
f 2149/2437/1 2151/2439/1 2152/2440/1 2150/2438/1 
f 2150/2438/1 2152/2440/1 2153/2441/1 1872/2139/1 
f 1872/2139/1 1870/2137/1 1869/2136/1 2150/2438/1 
f 2152/2440/1 2154/2442/1 2155/2443/1 2153/2441/1 
f 2153/2441/1 2155/2443/1 2156/2444/1 2157/2445/1 
f 2157/2445/1 1873/2140/1 1872/2139/1 2153/2441/1 
f 2157/2445/1 2156/2444/1 2158/2446/1 2159/2447/1 
f 2159/2447/1 1874/2141/1 1873/2140/1 2157/2445/1 
f 2159/2447/1 2158/2446/1 2160/2448/1 2161/2449/1 
f 2161/2449/1 1876/2143/1 1874/2141/1 2159/2447/1 
f 2161/2449/1 2160/2448/1 1885/2160/1 1883/2158/1 
f 1883/2158/1 1878/2145/1 1876/2143/1 2161/2449/1 
f 2158/2446/1 2162/2450/1 2163/2451/1 2160/2448/1 
f 2163/2451/1 1887/2162/1 1885/2160/1 2160/2448/1 
f 2162/2450/1 2164/2452/1 2165/2453/1 2163/2451/1 
f 2165/2453/1 2166/2454/1 1887/2162/1 2163/2451/1 
f 2165/2453/1 2167/2455/1 2168/2456/1 2166/2454/1 
f 2168/2456/1 2169/2457/1 1890/2165/1 2166/2454/1 
f 2166/2454/1 1890/2165/1 1888/2163/1 1887/2162/1 
f 2168/2456/1 2170/2458/1 2171/2459/1 2169/2457/1 
f 2171/2459/1 1900/2183/1 1893/2169/1 2169/2457/1 
f 2169/2457/1 1893/2169/1 1891/2166/1 1890/2165/1 
f 2170/2458/1 2172/2460/1 2173/2461/1 2171/2459/1 
f 2171/2459/1 2173/2461/1 1901/2184/1 1900/2183/1 
f 2172/2460/1 2174/2462/1 2175/2463/1 2173/2461/1 
f 2173/2461/1 2175/2463/1 1902/2185/1 1901/2184/1 
f 2174/2462/1 2176/2464/1 1907/2190/1 2175/2463/1 
f 2175/2463/1 1907/2190/1 1904/2187/1 1902/2185/1 
f 2176/2464/1 2174/2462/1 2177/2465/1 2178/2466/1 
f 2178/2466/1 2179/2467/1 1910/2193/1 2176/2464/1 
f 2176/2464/1 1910/2193/1 1908/2191/1 1907/2190/1 
f 2179/2467/1 2178/2466/1 2180/2468/1 2181/2469/1 
f 2181/2469/1 2182/2470/1 2183/2471/1 2179/2467/1 
f 2179/2467/1 2183/2471/1 1911/2194/1 1910/2193/1 
f 2182/2470/1 2184/2472/1 1915/2198/1 2183/2471/1 
f 2183/2471/1 1915/2198/1 1912/2195/1 1911/2194/1 
f 2184/2472/1 2182/2470/1 2185/2473/1 2186/2474/1 
f 2186/2474/1 2187/2475/1 1918/2201/1 2184/2472/1 
f 2184/2472/1 1918/2201/1 1916/2199/1 1915/2198/1 
f 2187/2475/1 2186/2474/1 2188/2476/1 2189/2477/1 
f 2189/2477/1 2190/2478/1 1921/2204/1 2187/2475/1 
f 2187/2475/1 1921/2204/1 1919/2202/1 1918/2201/1 
f 2190/2478/1 2189/2477/1 2191/2479/1 2192/2480/1 
f 2192/2480/1 2193/2481/1 2194/2482/1 2190/2478/1 
f 2190/2478/1 2194/2482/1 1922/2205/1 1921/2204/1 
f 2193/2481/1 2195/2483/1 1926/2209/1 2194/2482/1 
f 2194/2482/1 1926/2209/1 1923/2206/1 1922/2205/1 
f 2195/2483/1 2193/2481/1 2196/2484/1 2197/2485/1 
f 2197/2485/1 2198/2486/1 2199/2487/1 2195/2483/1 
f 2195/2483/1 2199/2487/1 1927/2210/1 1926/2209/1 
f 2198/2486/1 2200/2488/1 2201/2489/1 2199/2487/1 
f 2199/2487/1 2201/2489/1 1928/2211/1 1927/2210/1 
f 2200/2488/1 2202/2490/1 2203/2491/1 2201/2489/1 
f 2203/2491/1 1930/2213/1 1928/2211/1 2201/2489/1 
f 2202/2490/1 2204/2492/1 2205/2493/1 2203/2491/1 
f 2205/2493/1 1932/2215/1 1930/2213/1 2203/2491/1 
f 2204/2492/1 2206/2494/1 1937/2220/1 2205/2493/1 
f 2205/2493/1 1937/2220/1 1934/2217/1 1932/2215/1 
f 2204/2492/1 2207/2495/1 2208/2496/1 2206/2494/1 
f 2208/2496/1 2209/2497/1 2210/2498/1 2206/2494/1 
f 2210/2498/1 1938/2221/1 1937/2220/1 2206/2494/1 
f 2209/2497/1 2211/2499/1 2212/2500/1 2210/2498/1 
f 2212/2500/1 1939/2222/1 1938/2221/1 2210/2498/1 
f 2211/2499/1 2213/2501/1 2214/2502/1 2212/2500/1 
f 2214/2502/1 1941/2224/1 1939/2222/1 2212/2500/1 
f 2213/2501/1 2215/2503/1 2216/2504/1 2214/2502/1 
f 2216/2504/1 1943/2226/1 1941/2224/1 2214/2502/1 
f 2215/2503/1 2217/2505/1 2218/2506/1 2216/2504/1 
f 2216/2504/1 2218/2506/1 1945/2228/1 1943/2226/1 
f 2217/2505/1 2219/2507/1 2220/2508/1 2218/2506/1 
f 2220/2508/1 1947/2230/1 1945/2228/1 2218/2506/1 
f 2219/2507/1 2221/2509/1 2222/2510/1 2220/2508/1 
f 2222/2510/1 1949/2232/1 1947/2230/1 2220/2508/1 
f 2221/2509/1 2223/2511/1 2224/2512/1 2222/2510/1 
f 2224/2512/1 1951/2234/1 1949/2232/1 2222/2510/1 
f 2223/2511/1 2225/2513/1 1956/2239/1 2224/2512/1 
f 1956/2239/1 1953/2236/1 1951/2234/1 2224/2512/1 
f 2223/2511/1 2226/2514/1 2227/2515/1 2225/2513/1 
f 2227/2515/1 2228/2516/1 1959/2242/1 2225/2513/1 
f 1959/2242/1 1957/2240/1 1956/2239/1 2225/2513/1 
f 2227/2515/1 2229/2517/1 2230/2518/1 2228/2516/1 
f 2230/2518/1 2231/2519/1 1962/2245/1 2228/2516/1 
f 1962/2245/1 1960/2243/1 1959/2242/1 2228/2516/1 
f 2231/2519/1 2230/2518/1 2232/2520/1 2233/2521/1 
f 2233/2521/1 2234/2522/1 1965/2248/1 2231/2519/1 
f 2231/2519/1 1965/2248/1 1963/2246/1 1962/2245/1 
f 2234/2522/1 2233/2521/1 2235/2523/1 2236/2524/1 
f 2236/2524/1 2237/2525/1 1968/2251/1 2234/2522/1 
f 2234/2522/1 1968/2251/1 1966/2249/1 1965/2248/1 
f 2237/2525/1 2236/2524/1 2238/2526/1 2239/2527/1 
f 2239/2527/1 2240/2528/1 1971/2254/1 2237/2525/1 
f 2237/2525/1 1971/2254/1 1969/2252/1 1968/2251/1 
f 2240/2528/1 2239/2527/1 2241/2529/1 2242/2530/1 
f 2242/2530/1 2243/2531/1 1974/2257/1 2240/2528/1 
f 2240/2528/1 1974/2257/1 1972/2255/1 1971/2254/1 
f 2243/2531/1 2242/2530/1 2244/2532/1 2245/2533/1 
f 2243/2531/1 2245/2533/1 2246/2534/1 1977/2260/1 
f 2243/2531/1 1977/2260/1 1975/2258/1 1974/2257/1 
f 2246/2534/1 2245/2533/1 2247/2535/1 2248/2536/1 
f 2246/2534/1 2248/2536/1 2249/2537/1 2250/2538/1 
f 2250/2538/1 1978/2261/1 1977/2260/1 2246/2534/1 
f 2250/2538/1 2249/2537/1 2251/2539/1 2252/2540/1 
f 2252/2540/1 1979/2262/1 1978/2261/1 2250/2538/1 
f 2252/2540/1 2251/2539/1 2253/2541/1 2254/2542/1 
f 2254/2542/1 1981/2264/1 1979/2262/1 2252/2540/1 
f 2254/2542/1 2253/2541/1 2255/2543/1 2256/2544/1 
f 2256/2544/1 1983/2266/1 1981/2264/1 2254/2542/1 
f 2255/2543/1 2257/2545/1 2258/2546/1 2256/2544/1 
f 2258/2546/1 1985/2268/1 1983/2266/1 2256/2544/1 
f 2257/2545/1 2259/2547/1 2260/2548/1 2258/2546/1 
f 2260/2548/1 1987/2270/1 1985/2268/1 2258/2546/1 
f 2259/2547/1 2261/2549/1 2262/2550/1 2260/2548/1 
f 2262/2550/1 1989/2272/1 1987/2270/1 2260/2548/1 
f 2261/2551/1 2263/2552/1 2264/2553/1 2262/2554/1 
f 2264/2553/1 1991/2276/1 1989/2275/1 2262/2554/1 
f 2263/2552/1 2265/2555/1 1996/2281/1 2264/2553/1 
f 1996/2281/1 1993/2278/1 1991/2276/1 2264/2553/1 
f 2263/2552/1 2266/2556/1 2267/2557/1 2265/2555/1 
f 2265/2555/1 2267/2557/1 2268/2558/1 1999/2284/1 
f 1999/2284/1 1997/2282/1 1996/2281/1 2265/2555/1 
f 2267/2557/1 2269/2559/1 2270/2560/1 2268/2558/1 
f 2268/2558/1 2270/2560/1 2271/2561/1 2002/2287/1 
f 2002/2287/1 2000/2285/1 1999/2284/1 2268/2558/1 
f 2270/2560/1 2272/2562/1 2273/2563/1 2271/2561/1 
f 2271/2561/1 2273/2563/1 2274/2564/1 2275/2565/1 
f 2275/2565/1 2003/2288/1 2002/2287/1 2271/2561/1 
f 2275/2565/1 2274/2564/1 2276/2566/1 2277/2567/1 
f 2277/2567/1 2004/2289/1 2003/2288/1 2275/2565/1 
f 2277/2567/1 2276/2566/1 2278/2568/1 2279/2569/1 
f 2277/2567/1 2279/2569/1 2006/2291/1 2004/2289/1 
f 2279/2569/1 2278/2568/1 2280/2570/1 2281/2571/1 
f 2281/2571/1 2008/2293/1 2006/2291/1 2279/2569/1 
f 2280/2570/1 2282/2572/1 2283/2573/1 2281/2571/1 
f 2283/2573/1 2010/2295/1 2008/2293/1 2281/2571/1 
f 2282/2572/1 2284/2574/1 2285/2575/1 2283/2573/1 
f 2283/2573/1 2285/2575/1 2012/2297/1 2010/2295/1 
f 2284/2574/1 2286/2576/1 2287/2577/1 2285/2575/1 
f 2287/2577/1 2014/2299/1 2012/2297/1 2285/2575/1 
f 2286/2576/1 2288/2578/1 2289/2579/1 2287/2577/1 
f 2289/2579/1 2016/2301/1 2014/2299/1 2287/2577/1 
f 2289/2579/1 2288/2578/1 2290/2580/1 2291/2581/1 
f 2291/2581/1 2018/2303/1 2016/2301/1 2289/2579/1 
f 2291/2581/1 2290/2580/1 2292/2582/1 2293/2583/1 
f 2293/2583/1 2020/2305/1 2018/2303/1 2291/2581/1 
f 2293/2583/1 2292/2582/1 2294/2584/1 2295/2585/1 
f 2295/2585/1 2022/2307/1 2020/2305/1 2293/2583/1 
f 2295/2585/1 2294/2584/1 2296/2586/1 2297/2587/1 
f 2297/2587/1 2024/2309/1 2022/2307/1 2295/2585/1 
f 2297/2587/1 2296/2586/1 2298/2588/1 2299/2589/1 
f 2299/2589/1 2026/2311/1 2024/2309/1 2297/2587/1 
f 2299/2589/1 2298/2588/1 2300/2590/1 2301/2591/1 
f 2301/2591/1 2028/2313/1 2026/2311/1 2299/2589/1 
f 2301/2591/1 2300/2590/1 2302/2592/1 2303/2593/1 
f 2303/2593/1 2030/2315/1 2028/2313/1 2301/2591/1 
f 2303/2593/1 2302/2592/1 2304/2594/1 2305/2595/1 
f 2305/2595/1 2032/2317/1 2030/2315/1 2303/2593/1 
f 2305/2595/1 2304/2594/1 2306/2596/1 2307/2597/1 
f 2307/2597/1 2308/2598/1 2032/2317/1 2305/2595/1 
f 2308/2598/1 2307/2597/1 2309/2599/1 2310/2600/1 
f 2310/2600/1 2311/2601/1 2035/2320/1 2308/2598/1 
f 2308/2598/1 2035/2320/1 2033/2318/1 2032/2317/1 
f 2311/2601/1 2310/2600/1 2312/2602/1 2313/2603/1 
f 2313/2603/1 2314/2604/1 2038/2323/1 2311/2601/1 
f 2311/2601/1 2038/2323/1 2036/2321/1 2035/2320/1 
f 2314/2604/1 2313/2603/1 2315/2605/1 2316/2606/1 
f 2316/2606/1 2317/2607/1 2041/2326/1 2314/2604/1 
f 2314/2604/1 2041/2326/1 2039/2324/1 2038/2323/1 
f 2317/2607/1 2316/2606/1 2318/2608/1 2319/2609/1 
f 2317/2607/1 2319/2609/1 2320/2610/1 2044/2329/1 
f 2044/2329/1 2042/2327/1 2041/2326/1 2317/2607/1 
f 2319/2609/1 2321/2611/1 2322/2612/1 2320/2610/1 
f 2320/2610/1 2322/2612/1 2323/2613/1 2047/2332/1 
f 2047/2332/1 2045/2330/1 2044/2329/1 2320/2610/1 
f 2322/2612/1 2324/2614/1 2325/2615/1 2323/2613/1 
f 2323/2613/1 2325/2615/1 2326/2616/1 2050/2335/1 
f 2050/2335/1 2048/2333/1 2047/2332/1 2323/2613/1 
f 2325/2615/1 2327/2617/1 2328/2618/1 2326/2616/1 
f 2326/2616/1 2328/2618/1 2329/2619/1 2053/2338/1 
f 2053/2338/1 2051/2336/1 2050/2335/1 2326/2616/1 
f 2328/2618/1 2330/2620/1 2331/2621/1 2329/2619/1 
f 2331/2622/1 2332/2623/1 2056/2344/1 2329/2624/1 
f 2056/2344/1 2054/2340/1 2053/2625/1 2329/2624/1 
f 2332/2623/1 2331/2622/1 2333/2626/1 2334/2627/1 
f 2334/2627/1 2335/2628/1 2336/2629/1 2332/2623/1 
f 2332/2623/1 2336/2629/1 2057/2345/1 2056/2344/1 
f 2335/2628/1 2337/2630/1 2338/2631/1 2336/2629/1 
f 2336/2629/1 2338/2631/1 2058/2346/1 2057/2345/1 
f 2337/2630/1 2339/2632/1 2340/2633/1 2338/2631/1 
f 2338/2631/1 2340/2633/1 2060/2348/1 2058/2346/1 
f 2339/2632/1 2341/2634/1 2342/2635/1 2340/2633/1 
f 2340/2633/1 2342/2635/1 2062/2350/1 2060/2348/1 
f 2342/2635/1 2341/2634/1 2076/2364/1 2075/2363/1 
f 2075/2363/1 2064/2352/1 2062/2350/1 2342/2635/1 
f 2339/2632/1 2343/2636/1 2344/2637/1 2341/2634/1 
f 2341/2634/1 2344/2637/1 2077/2365/1 2076/2364/1 
f 2343/2636/1 2345/2638/1 2346/2639/1 2344/2637/1 
f 2344/2637/1 2346/2639/1 2079/2367/1 2077/2365/1 
f 2345/2638/1 2347/2640/1 2348/2641/1 2346/2639/1 
f 2346/2639/1 2348/2641/1 2081/2369/1 2079/2367/1 
f 2347/2640/1 2349/2642/1 2350/2643/1 2348/2641/1 
f 2348/2641/1 2350/2643/1 2083/2371/1 2081/2369/1 
f 2349/2642/1 2351/2644/1 2352/2645/1 2350/2643/1 
f 2350/2643/1 2352/2645/1 2085/2373/1 2083/2371/1 
f 2351/2644/1 2353/2646/1 2354/2647/1 2352/2645/1 
f 2352/2645/1 2354/2647/1 2355/2648/1 2085/2373/1 
f 2354/2647/1 2356/2649/1 2357/2650/1 2355/2648/1 
f 2355/2648/1 2357/2650/1 2358/2651/1 2088/2376/1 
f 2088/2376/1 2086/2374/1 2085/2373/1 2355/2648/1 
f 2357/2650/1 2359/2652/1 2360/2653/1 2358/2651/1 
f 2360/2653/1 2361/2654/1 2091/2379/1 2358/2651/1 
f 2091/2379/1 2089/2377/1 2088/2376/1 2358/2651/1 
f 2360/2653/1 2362/2655/1 2363/2656/1 2361/2654/1 
f 2363/2656/1 2364/2657/1 2365/2658/1 2361/2654/1 
f 2361/2654/1 2365/2658/1 2092/2380/1 2091/2379/1 
f 2364/2657/1 2366/2659/1 2096/2384/1 2365/2658/1 
f 2365/2658/1 2096/2384/1 2093/2381/1 2092/2380/1 
f 2366/2659/1 2364/2657/1 2107/2395/1 2105/2393/1 
f 2105/2393/1 2101/2389/1 2099/2387/1 2366/2659/1 
f 2366/2659/1 2099/2387/1 2097/2385/1 2096/2384/1 
f 2363/2656/1 2109/2397/1 2107/2395/1 2364/2657/1 
f 2362/2655/1 2367/2660/1 2109/2397/1 2363/2656/1 
f 2367/2660/1 2362/2655/1 2368/2661/1 2369/2662/1 
f 2369/2662/1 2370/2663/1 2112/2400/1 2367/2660/1 
f 2367/2660/1 2112/2400/1 2110/2398/1 2109/2397/1 
f 2370/2663/1 2369/2662/1 2371/2664/1 2372/2665/1 
f 2372/2665/1 2373/2666/1 2115/2403/1 2370/2663/1 
f 2370/2663/1 2115/2403/1 2113/2401/1 2112/2400/1 
f 2373/2666/1 2372/2665/1 2374/2667/1 2375/2668/1 
f 2375/2668/1 2376/2669/1 2377/2670/1 2373/2666/1 
f 2373/2666/1 2377/2670/1 2116/2404/1 2115/2403/1 
f 2376/2669/1 2378/2671/1 2379/2672/1 2377/2670/1 
f 2377/2670/1 2379/2672/1 2117/2405/1 2116/2404/1 
f 2378/2671/1 2380/2673/1 2381/2674/1 2379/2672/1 
f 2379/2672/1 2381/2674/1 2119/2407/1 2117/2405/1 
f 2380/2673/1 2382/2675/1 2124/2412/1 2381/2674/1 
f 2381/2674/1 2124/2412/1 2121/2409/1 2119/2407/1 
f 2382/2675/1 2380/2673/1 2383/2676/1 2384/2677/1 
f 2384/2677/1 2385/2678/1 2386/2679/1 2382/2675/1 
f 2382/2675/1 2386/2679/1 2125/2413/1 2124/2412/1 
f 2385/2678/1 2387/2680/1 2388/2681/1 2386/2679/1 
f 2386/2679/1 2388/2681/1 2126/2414/1 2125/2413/1 
f 2387/2680/1 2389/2682/1 2132/2420/1 2388/2681/1 
f 2388/2681/1 2132/2420/1 2128/2416/1 2126/2414/1 
f 2389/2682/1 2387/2680/1 2390/2683/1 2391/2684/1 
f 2391/2684/1 2392/2685/1 2135/2423/1 2389/2682/1 
f 2389/2682/1 2135/2423/1 2133/2421/1 2132/2420/1 
f 2392/2685/1 2391/2684/1 2393/2686/1 2394/2687/1 
f 2394/2687/1 2395/2688/1 2138/2426/1 2392/2685/1 
f 2392/2685/1 2138/2426/1 2136/2424/1 2135/2423/1 
f 2394/2687/1 2396/2689/1 2397/2690/1 2395/2688/1 
f 2397/2690/1 2398/2691/1 2399/2692/1 2395/2688/1 
f 2395/2688/1 2399/2692/1 2139/2427/1 2138/2426/1 
f 2398/2691/1 2400/2693/1 2401/2694/1 2399/2692/1 
f 2399/2692/1 2401/2694/1 2140/2428/1 2139/2427/1 
f 2400/2693/1 2402/2695/1 2403/2696/1 2401/2694/1 
f 2401/2694/1 2403/2696/1 2142/2430/1 2140/2428/1 
f 2402/2695/1 2404/2697/1 2405/2698/1 2403/2696/1 
f 2403/2696/1 2405/2698/1 2144/2432/1 2142/2430/1 
f 2404/2697/1 2406/2699/1 2407/2700/1 2405/2698/1 
f 2405/2698/1 2407/2700/1 2146/2434/1 2144/2432/1 
f 2406/2699/1 2408/2701/1 2409/2702/1 2407/2700/1 
f 2407/2700/1 2409/2702/1 2148/2436/1 2146/2434/1 
f 2408/2701/1 2410/2703/1 2411/2704/1 2409/2702/1 
f 2409/2702/1 2411/2704/1 2412/2705/1 2148/2436/1 
f 2411/2704/1 2413/2706/1 2414/2707/1 2412/2705/1 
f 2412/2705/1 2414/2707/1 2415/2708/1 2151/2439/1 
f 2151/2439/1 2149/2437/1 2148/2436/1 2412/2705/1 
f 2414/2707/1 2416/2709/1 2417/2710/1 2415/2708/1 
f 2415/2708/1 2417/2710/1 2418/2711/1 2154/2442/1 
f 2154/2442/1 2152/2440/1 2151/2439/1 2415/2708/1 
f 2417/2710/1 2419/2712/1 2420/2713/1 2418/2711/1 
f 2418/2711/1 2420/2713/1 2421/2714/1 2422/2715/1 
f 2422/2715/1 2155/2443/1 2154/2442/1 2418/2711/1 
f 2421/2714/1 2423/2716/1 2424/2717/1 2422/2715/1 
f 2424/2717/1 2156/2444/1 2155/2443/1 2422/2715/1 
f 2424/2717/1 2423/2716/1 2164/2452/1 2162/2450/1 
f 2162/2450/1 2158/2446/1 2156/2444/1 2424/2717/1 
f 2421/2714/1 2425/2718/1 2426/2719/1 2423/2716/1 
f 2423/2716/1 2426/2719/1 2427/2720/1 2164/2452/1 
f 2426/2719/1 2428/2721/1 2429/2722/1 2427/2720/1 
f 2427/2720/1 2429/2722/1 2430/2723/1 2167/2455/1 
f 2167/2455/1 2165/2453/1 2164/2452/1 2427/2720/1 
f 2429/2722/1 2431/2724/1 2432/2725/1 2430/2723/1 
f 2430/2723/1 2432/2725/1 2172/2460/1 2170/2458/1 
f 2170/2458/1 2168/2456/1 2167/2455/1 2430/2723/1 
f 2431/2724/1 2433/2726/1 2177/2465/1 2432/2725/1 
f 2432/2725/1 2177/2465/1 2174/2462/1 2172/2460/1 
f 2433/2726/1 2431/2724/1 2434/2727/1 2435/2728/1 
f 2435/2728/1 2436/2729/1 2180/2468/1 2433/2726/1 
f 2433/2726/1 2180/2468/1 2178/2466/1 2177/2465/1 
f 2436/2729/1 2435/2728/1 2437/2730/1 2438/2731/1 
f 2438/2731/1 2439/2732/1 2440/2733/1 2436/2729/1 
f 2436/2729/1 2440/2733/1 2181/2469/1 2180/2468/1 
f 2439/2732/1 2441/2734/1 2185/2473/1 2440/2733/1 
f 2440/2733/1 2185/2473/1 2182/2470/1 2181/2469/1 
f 2441/2734/1 2439/2732/1 2442/2735/1 2443/2736/1 
f 2443/2736/1 2444/2737/1 2188/2476/1 2441/2734/1 
f 2441/2734/1 2188/2476/1 2186/2474/1 2185/2473/1 
f 2444/2737/1 2443/2736/1 2445/2738/1 2446/2739/1 
f 2446/2739/1 2447/2740/1 2191/2479/1 2444/2737/1 
f 2444/2737/1 2191/2479/1 2189/2477/1 2188/2476/1 
f 2447/2740/1 2446/2739/1 2448/2741/1 2449/2742/1 
f 2449/2742/1 2450/2743/1 2451/2744/1 2447/2740/1 
f 2447/2740/1 2451/2744/1 2192/2480/1 2191/2479/1 
f 2450/2743/1 2452/2745/1 2196/2484/1 2451/2744/1 
f 2451/2744/1 2196/2484/1 2193/2481/1 2192/2480/1 
f 2452/2745/1 2450/2743/1 2453/2746/1 2454/2747/1 
f 2454/2747/1 2455/2748/1 2456/2749/1 2452/2745/1 
f 2452/2745/1 2456/2749/1 2197/2485/1 2196/2484/1 
f 2455/2748/1 52/58/1 2457/2750/1 2456/2749/1 
f 2456/2749/1 2457/2750/1 2198/2486/1 2197/2485/1 
f 52/58/1 48/54/1 2458/2751/1 2457/2750/1 
f 2457/2750/1 2458/2751/1 2200/2488/1 2198/2486/1 
f 2458/2751/1 48/54/1 51/57/1 2459/2752/1 
f 2459/2752/1 2202/2490/1 2200/2488/1 2458/2751/1 
f 2459/2752/1 51/57/1 2460/2753/1 2207/2495/1 
f 2207/2495/1 2204/2492/1 2202/2490/1 2459/2752/1 
f 51/57/1 50/56/1 2461/2754/1 2460/2753/1 
f 2460/2753/1 2461/2754/1 2462/2755/1 2463/2756/1 
f 2463/2756/1 2208/2496/1 2207/2495/1 2460/2753/1 
f 2463/2756/1 2462/2755/1 2464/2757/1 2465/2758/1 
f 2465/2758/1 2209/2497/1 2208/2496/1 2463/2756/1 
f 2465/2758/1 2464/2757/1 2466/2759/1 2467/2760/1 
f 2467/2760/1 2211/2499/1 2209/2497/1 2465/2758/1 
f 2467/2760/1 2466/2759/1 2468/2761/1 2469/2762/1 
f 2469/2762/1 2213/2501/1 2211/2499/1 2467/2760/1 
f 2469/2762/1 2468/2761/1 2470/2763/1 2471/2764/1 
f 2471/2764/1 2215/2503/1 2213/2501/1 2469/2762/1 
f 2471/2764/1 2470/2763/1 2472/2765/1 2473/2766/1 
f 2473/2766/1 2217/2505/1 2215/2503/1 2471/2764/1 
f 2472/2765/1 2474/2767/1 2475/2768/1 2473/2766/1 
f 2475/2768/1 2219/2507/1 2217/2505/1 2473/2766/1 
f 2475/2768/1 2474/2767/1 2476/2769/1 2477/2770/1 
f 2477/2770/1 2221/2509/1 2219/2507/1 2475/2768/1 
f 2477/2770/1 2476/2769/1 2478/2771/1 2226/2514/1 
f 2226/2514/1 2223/2511/1 2221/2509/1 2477/2770/1 
f 2476/2769/1 2479/2772/1 2480/2773/1 2478/2771/1 
f 2478/2771/1 2480/2773/1 2481/2774/1 2229/2517/1 
f 2229/2517/1 2227/2515/1 2226/2514/1 2478/2771/1 
f 2480/2773/1 2482/2775/1 2483/2776/1 2481/2774/1 
f 2483/2776/1 2484/2777/1 2232/2520/1 2481/2774/1 
f 2232/2520/1 2230/2518/1 2229/2517/1 2481/2774/1 
f 2484/2777/1 2483/2776/1 2485/2778/1 2486/2779/1 
f 2486/2779/1 2487/2780/1 2235/2523/1 2484/2777/1 
f 2484/2777/1 2235/2523/1 2233/2521/1 2232/2520/1 
f 2487/2780/1 2486/2779/1 2488/2781/1 2489/2782/1 
f 2489/2782/1 2490/2783/1 2238/2526/1 2487/2780/1 
f 2487/2780/1 2238/2526/1 2236/2524/1 2235/2523/1 
f 2490/2783/1 2489/2782/1 2491/2784/1 2492/2785/1 
f 2492/2785/1 2493/2786/1 2241/2529/1 2490/2783/1 
f 2490/2783/1 2241/2529/1 2239/2527/1 2238/2526/1 
f 2493/2786/1 2492/2785/1 2494/2787/1 2495/2788/1 
f 2495/2789/1 2496/2790/1 2244/2791/1 2493/2792/1 
f 2493/2786/1 2244/2532/1 2242/2530/1 2241/2529/1 
f 2496/2790/1 2495/2789/1 2497/2793/1 2498/2794/1 
f 2498/2794/1 266/2795/1 2247/2796/1 2496/2790/1 
f 2496/2797/1 2247/2535/1 2245/2533/1 2244/2532/1 
f 2498/2794/1 2497/2793/1 2499/2798/1 2500/2799/1 
f 2500/2799/1 264/329/1 266/2795/1 2498/2794/1 
f 2500/2799/1 2499/2798/1 2501/2800/1 233/2801/1 
f 233/2801/1 232/330/1 264/329/1 2500/2799/1 
f 2499/2798/1 2502/2802/1 215/271/1 2501/2800/1 
f 2497/2793/1 2503/2803/1 2502/2802/1 2499/2798/1 
f 2503/2803/1 2504/2804/1 2505/2805/1 2502/2802/1 
f 2503/2803/1 2497/2793/1 2495/2789/1 2494/2806/1 
f 2494/2806/1 2506/2807/1 2504/2804/1 2503/2803/1 
f 2506/2807/1 2507/2808/1 2508/2809/1 2504/2804/1 
f 2506/2810/1 2494/2787/1 2492/2785/1 2491/2784/1 
f 2491/2784/1 2509/2811/1 2507/2812/1 2506/2810/1 
f 2509/2811/1 2510/2813/1 2511/2814/1 2507/2812/1 
f 2509/2811/1 2491/2784/1 2489/2782/1 2488/2781/1 
f 2488/2781/1 2512/2815/1 2510/2813/1 2509/2811/1 
f 2512/2815/1 2513/2816/1 2514/2817/1 2510/2813/1 
f 2512/2815/1 2488/2781/1 2486/2779/1 2485/2778/1 
f 2485/2778/1 2515/2818/1 2513/2816/1 2512/2815/1 
f 2515/2818/1 2516/2819/1 2517/2820/1 2513/2816/1 
f 2485/2778/1 2483/2776/1 2482/2775/1 2515/2818/1 
f 2482/2775/1 2518/2821/1 2516/2819/1 2515/2818/1 
f 177/219/1 176/218/1 2516/2819/1 2518/2821/1 
f 2482/2775/1 2480/2773/1 2479/2772/1 2518/2821/1 
f 2518/2821/1 2479/2772/1 178/220/1 177/219/1 
f 2517/2820/1 2519/2822/1 2520/2823/1 2521/2824/1 
f 2521/2824/1 2514/2817/1 2513/2816/1 2517/2820/1 
f 2516/2819/1 176/218/1 2519/2822/1 2517/2820/1 
f 2521/2824/1 2520/2823/1 2522/2825/1 2523/2826/1 
f 2523/2826/1 2524/2827/1 2514/2817/1 2521/2824/1 
f 2523/2828/1 2525/2829/1 2526/2830/1 2524/2831/1 
f 2526/2830/1 2527/2832/1 2511/2833/1 2524/2831/1 
f 2524/2827/1 2511/2814/1 2510/2813/1 2514/2817/1 
f 2526/2830/1 2528/2834/1 2529/2835/1 2527/2832/1 
f 2529/2835/1 2530/2836/1 2508/2809/1 2527/2832/1 
f 2527/2832/1 2508/2809/1 2507/2808/1 2511/2833/1 
f 2529/2835/1 2531/2837/1 2532/2838/1 2530/2836/1 
f 2532/2838/1 216/272/1 2505/2805/1 2530/2836/1 
f 2530/2836/1 2505/2805/1 2504/2804/1 2508/2809/1 
f 2531/2837/1 2533/2839/1 2534/2840/1 2532/2838/1 
f 2532/2838/1 2534/2840/1 217/273/1 216/272/1 
f 2533/2839/1 2535/2841/1 2536/2842/1 2534/2840/1 
f 2534/2840/1 2536/2842/1 195/247/1 217/273/1 
f 2536/2842/1 2535/2841/1 2537/2843/1 2538/2844/1 
f 2536/2842/1 2538/2844/1 166/206/1 195/247/1 
f 2538/2844/1 2537/2843/1 2539/2845/1 2540/2846/1 
f 2540/2846/1 160/207/1 166/206/1 2538/2844/1 
f 2539/2847/1 2541/2848/1 2542/2849/1 2540/2850/1 
f 2540/2850/1 2542/2849/1 161/201/1 160/200/1 
f 2541/2848/1 2543/2851/1 2544/2852/1 2542/2849/1 
f 2542/2849/1 2544/2852/1 212/266/1 161/201/1 
f 2543/2851/1 2545/2853/1 2546/2854/1 2544/2852/1 
f 2544/2852/1 2546/2854/1 213/267/1 212/266/1 
f 2546/2854/1 2545/2853/1 2547/2855/1 2548/2856/1 
f 2546/2854/1 2548/2856/1 2549/2857/1 213/267/1 
f 2548/2856/1 2550/2858/1 2551/2859/1 2549/2857/1 
f 2549/2857/1 2551/2859/1 2552/2860/1 2553/2861/1 
f 2553/2861/1 210/264/1 213/267/1 2549/2857/1 
f 2553/2861/1 2552/2860/1 2554/2862/1 2555/2863/1 
f 2555/2863/1 211/265/1 210/264/1 2553/2861/1 
f 2554/2862/1 2556/2864/1 2557/2865/1 2555/2863/1 
f 2555/2863/1 2557/2865/1 2558/2866/1 211/265/1 
f 2558/2866/1 2557/2865/1 2559/2867/1 249/311/1 
f 249/311/1 248/310/1 2560/2868/1 2558/2866/1 
f 2558/2866/1 2560/2868/1 203/256/1 211/265/1 
f 248/310/1 226/286/1 230/290/1 2560/2868/1 
f 2560/2868/1 230/290/1 204/257/1 203/256/1 
f 2557/2865/1 2556/2864/1 2561/2869/1 2559/2867/1 
f 2559/2867/1 2561/2869/1 2562/2870/1 2563/2871/1 
f 2563/2871/1 250/312/1 249/311/1 2559/2867/1 
f 2562/2870/1 2564/2872/1 2565/2873/1 2563/2871/1 
f 2565/2873/1 252/314/1 250/312/1 2563/2871/1 
f 2564/2872/1 2566/2874/1 2567/2875/1 2565/2873/1 
f 2565/2873/1 2567/2875/1 2568/2876/1 252/314/1 
f 2567/2875/1 2569/2877/1 312/2878/1 2568/2876/1 
f 2568/2879/1 312/393/1 315/396/1 2570/2880/1 
f 2570/2880/1 253/2881/1 252/2882/1 2568/2879/1 
f 2570/2880/1 315/396/1 2571/2883/1 2572/2884/1 
f 2572/2884/1 2573/2885/1 253/2881/1 2570/2880/1 
f 254/335/1 251/2886/1 253/2881/1 2573/2885/1 
f 2572/2884/1 2574/2887/1 2575/2888/1 2573/2885/1 
f 2573/2885/1 2575/2888/1 265/332/1 254/335/1 
f 2574/2887/1 2251/2539/1 2249/2537/1 2575/2888/1 
f 2575/2888/1 2249/2537/1 2248/2536/1 265/332/1 
f 2572/2884/1 2571/2883/1 2576/2889/1 2574/2887/1 
f 2576/2889/1 2253/2541/1 2251/2539/1 2574/2887/1 
f 2571/2883/1 317/398/1 2577/2890/1 2576/2889/1 
f 2576/2889/1 2577/2890/1 2255/2543/1 2253/2541/1 
f 317/398/1 316/397/1 2578/2891/1 2577/2890/1 
f 2577/2890/1 2578/2891/1 2257/2545/1 2255/2543/1 
f 316/397/1 340/426/1 2579/2892/1 2578/2891/1 
f 2578/2891/1 2579/2892/1 2259/2547/1 2257/2545/1 
f 340/426/1 334/425/1 2580/2893/1 2579/2892/1 
f 2579/2892/1 2580/2893/1 2261/2549/1 2259/2547/1 
f 2580/2894/1 334/420/1 339/423/1 2266/2556/1 
f 2266/2556/1 2263/2552/1 2261/2551/1 2580/2894/1 
f 315/396/1 314/395/1 317/398/1 2571/2883/1 
f 2569/2877/1 2567/2875/1 2566/2874/1 2581/2895/1 
f 2569/2877/1 2581/2895/1 335/417/1 341/2896/1 
f 313/2897/1 312/2878/1 2569/2877/1 341/2896/1 
f 2581/2895/1 2566/2874/1 2582/2898/1 2583/2899/1 
f 2583/2899/1 336/418/1 335/417/1 2581/2895/1 
f 2583/2899/1 2582/2898/1 2584/2900/1 2585/2901/1 
f 2585/2901/1 362/450/1 336/418/1 2583/2899/1 
f 2584/2900/1 2586/2902/1 2587/2903/1 2585/2901/1 
f 331/413/1 362/450/1 2585/2901/1 2587/2903/1 
f 2586/2902/1 2588/2904/1 2589/2905/1 2587/2903/1 
f 331/413/1 2587/2903/1 2589/2905/1 332/414/1 
f 2588/2904/1 2590/2906/1 2591/2907/1 2589/2905/1 
f 2589/2905/1 2591/2907/1 333/415/1 332/414/1 
f 2590/2906/1 2592/2908/1 2593/2909/1 2591/2907/1 
f 2591/2907/1 2593/2909/1 2594/2910/1 333/415/1 
f 2593/2909/1 2595/2911/1 2596/2912/1 2594/2910/1 
f 2594/2910/1 2596/2912/1 2597/2913/1 2598/2914/1 
f 2598/2914/1 330/412/1 333/415/1 2594/2910/1 
f 2598/2915/1 2597/2916/1 2599/2917/1 2600/2918/1 
f 2600/2918/1 363/2919/1 330/2920/1 2598/2915/1 
f 2600/2918/1 2599/2917/1 2601/2921/1 2602/2922/1 
f 2602/2922/1 337/421/1 363/2919/1 2600/2918/1 
f 2602/2922/1 2601/2921/1 2603/2923/1 2604/2924/1 
f 2604/2924/1 338/422/1 337/421/1 2602/2922/1 
f 2603/2923/1 2605/2925/1 2606/2926/1 2604/2924/1 
f 2604/2924/1 2606/2926/1 2607/2927/1 338/422/1 
f 2606/2926/1 2608/2928/1 2272/2562/1 2607/2927/1 
f 2272/2562/1 2270/2560/1 2269/2559/1 2607/2927/1 
f 2607/2927/1 2269/2559/1 339/423/1 338/422/1 
f 2606/2926/1 2605/2925/1 2609/2929/1 2608/2928/1 
f 2608/2928/1 2609/2929/1 2610/2930/1 2611/2931/1 
f 2611/2931/1 2273/2563/1 2272/2562/1 2608/2928/1 
f 2611/2931/1 2610/2930/1 2612/2932/1 2613/2933/1 
f 2613/2933/1 2274/2564/1 2273/2563/1 2611/2931/1 
f 2612/2932/1 2614/2934/1 2615/2935/1 2613/2933/1 
f 2615/2935/1 2276/2566/1 2274/2564/1 2613/2933/1 
f 2614/2934/1 2616/2936/1 2617/2937/1 2615/2935/1 
f 2617/2937/1 2278/2568/1 2276/2566/1 2615/2935/1 
f 2617/2937/1 2616/2936/1 2618/2938/1 2619/2939/1 
f 2619/2939/1 2280/2570/1 2278/2568/1 2617/2937/1 
f 2619/2939/1 2618/2938/1 2620/2940/1 2621/2941/1 
f 2621/2941/1 2282/2572/1 2280/2570/1 2619/2939/1 
f 2621/2941/1 2620/2940/1 2622/2942/1 2623/2943/1 
f 2623/2943/1 2284/2574/1 2282/2572/1 2621/2941/1 
f 2623/2943/1 2622/2942/1 2624/2944/1 2625/2945/1 
f 2625/2945/1 2286/2576/1 2284/2574/1 2623/2943/1 
f 2625/2945/1 2624/2944/1 2626/2946/1 2627/2947/1 
f 2627/2947/1 2288/2578/1 2286/2576/1 2625/2945/1 
f 2627/2947/1 2626/2946/1 2628/2948/1 2629/2949/1 
f 2629/2949/1 2290/2580/1 2288/2578/1 2627/2947/1 
f 2629/2949/1 2628/2948/1 2630/2950/1 2631/2951/1 
f 2631/2951/1 2292/2582/1 2290/2580/1 2629/2949/1 
f 2631/2951/1 2630/2950/1 2632/2952/1 2633/2953/1 
f 2633/2953/1 2294/2584/1 2292/2582/1 2631/2951/1 
f 2633/2953/1 2632/2952/1 2634/2954/1 2635/2955/1 
f 2635/2955/1 2296/2586/1 2294/2584/1 2633/2953/1 
f 2635/2955/1 2634/2954/1 2636/2956/1 2637/2957/1 
f 2637/2957/1 2298/2588/1 2296/2586/1 2635/2955/1 
f 2637/2957/1 2636/2956/1 2638/2958/1 2639/2959/1 
f 2639/2959/1 2300/2590/1 2298/2588/1 2637/2957/1 
f 2639/2959/1 2638/2958/1 2640/2960/1 2641/2961/1 
f 2641/2961/1 2302/2592/1 2300/2590/1 2639/2959/1 
f 2641/2961/1 2640/2960/1 2642/2962/1 2643/2963/1 
f 2643/2963/1 2304/2594/1 2302/2592/1 2641/2961/1 
f 2642/2962/1 2644/2964/1 2645/2965/1 2643/2963/1 
f 2645/2965/1 2306/2596/1 2304/2594/1 2643/2963/1 
f 2644/2964/1 2646/2966/1 2647/2967/1 2645/2965/1 
f 2647/2967/1 2648/2968/1 2306/2596/1 2645/2965/1 
f 2648/2968/1 2647/2967/1 2649/2969/1 2650/2970/1 
f 2650/2970/1 2651/2971/1 2309/2599/1 2648/2968/1 
f 2648/2968/1 2309/2599/1 2307/2597/1 2306/2596/1 
f 2651/2971/1 2650/2970/1 2652/2972/1 2653/2973/1 
f 2653/2973/1 2654/2974/1 2312/2602/1 2651/2971/1 
f 2651/2971/1 2312/2602/1 2310/2600/1 2309/2599/1 
f 2654/2974/1 2653/2973/1 2655/2975/1 2656/2976/1 
f 2656/2976/1 2657/2977/1 2315/2605/1 2654/2974/1 
f 2654/2974/1 2315/2605/1 2313/2603/1 2312/2602/1 
f 2657/2977/1 2656/2976/1 2658/2978/1 2659/2979/1 
f 2659/2979/1 2660/2980/1 2318/2608/1 2657/2977/1 
f 2657/2977/1 2318/2608/1 2316/2606/1 2315/2605/1 
f 2660/2980/1 2659/2979/1 2661/2981/1 2662/2982/1 
f 2662/2982/1 2663/2983/1 2321/2611/1 2660/2980/1 
f 2660/2980/1 2321/2611/1 2319/2609/1 2318/2608/1 
f 2663/2983/1 2662/2982/1 2664/2984/1 2665/2985/1 
f 2663/2983/1 2665/2985/1 2666/2986/1 2324/2614/1 
f 2324/2614/1 2322/2612/1 2321/2611/1 2663/2983/1 
f 2665/2985/1 2667/2987/1 2668/2988/1 2666/2986/1 
f 2666/2986/1 2668/2988/1 2669/2989/1 2327/2617/1 
f 2327/2617/1 2325/2615/1 2324/2614/1 2666/2986/1 
f 2668/2988/1 2670/2990/1 2671/2991/1 2669/2989/1 
f 2669/2989/1 2671/2991/1 2672/2992/1 2330/2620/1 
f 2330/2620/1 2328/2618/1 2327/2617/1 2669/2989/1 
f 2671/2991/1 414/2993/1 2673/2994/1 2672/2992/1 
f 2673/2995/1 2674/2996/1 2333/2626/1 2672/2997/1 
f 2333/2626/1 2331/2622/1 2330/2998/1 2672/2997/1 
f 2674/2996/1 2673/2995/1 2675/2999/1 2676/3000/1 
f 2676/3000/1 2677/3001/1 2678/3002/1 2674/2996/1 
f 2674/2996/1 2678/3002/1 2334/2627/1 2333/2626/1 
f 2677/3001/1 2679/3003/1 2680/3004/1 2678/3002/1 
f 2678/3002/1 2680/3004/1 2335/2628/1 2334/2627/1 
f 2679/3003/1 2681/3005/1 2682/3006/1 2680/3004/1 
f 2680/3004/1 2682/3006/1 2337/2630/1 2335/2628/1 
f 2681/3005/1 2345/2638/1 2343/2636/1 2682/3006/1 
f 2682/3006/1 2343/2636/1 2339/2632/1 2337/2630/1 
f 2681/3005/1 2679/3003/1 2683/3007/1 2684/3008/1 
f 2684/3008/1 2347/2640/1 2345/2638/1 2681/3005/1 
f 2683/3007/1 2685/3009/1 2686/3010/1 2684/3008/1 
f 2686/3010/1 2349/2642/1 2347/2640/1 2684/3008/1 
f 2686/3010/1 2685/3009/1 2687/3011/1 2688/3012/1 
f 2688/3012/1 2351/2644/1 2349/2642/1 2686/3010/1 
f 2687/3011/1 2689/3013/1 2690/3014/1 2688/3012/1 
f 2688/3012/1 2690/3014/1 2353/2646/1 2351/2644/1 
f 2689/3013/1 2691/3015/1 2692/3016/1 2690/3014/1 
f 2690/3014/1 2692/3016/1 2693/3017/1 2353/2646/1 
f 2692/3016/1 2694/3018/1 2695/3019/1 2693/3017/1 
f 2693/3017/1 2695/3019/1 2696/3020/1 2356/2649/1 
f 2356/2649/1 2354/2647/1 2353/2646/1 2693/3017/1 
f 2695/3019/1 2697/3021/1 2698/3022/1 2696/3020/1 
f 2696/3020/1 2698/3022/1 2368/2661/1 2359/2652/1 
f 2359/2652/1 2357/2650/1 2356/2649/1 2696/3020/1 
f 2697/3021/1 2699/3023/1 2371/2664/1 2698/3022/1 
f 2698/3022/1 2371/2664/1 2369/2662/1 2368/2661/1 
f 2699/3023/1 2697/3021/1 2700/3024/1 2701/3025/1 
f 2701/3025/1 2702/3026/1 2374/2667/1 2699/3023/1 
f 2699/3023/1 2374/2667/1 2372/2665/1 2371/2664/1 
f 2701/3025/1 2703/3027/1 2704/3028/1 2702/3026/1 
f 2704/3028/1 2705/3029/1 2706/3030/1 2702/3026/1 
f 2702/3026/1 2706/3030/1 2375/2668/1 2374/2667/1 
f 2705/3029/1 2707/3031/1 2708/3032/1 2706/3030/1 
f 2706/3030/1 2708/3032/1 2376/2669/1 2375/2668/1 
f 2707/3031/1 2709/3033/1 2710/3034/1 2708/3032/1 
f 2708/3032/1 2710/3034/1 2378/2671/1 2376/2669/1 
f 2709/3033/1 2711/3035/1 2383/2676/1 2710/3034/1 
f 2710/3034/1 2383/2676/1 2380/2673/1 2378/2671/1 
f 2711/3035/1 2709/3033/1 2712/3036/1 2713/3037/1 
f 2713/3037/1 2714/3038/1 2715/3039/1 2711/3035/1 
f 2711/3035/1 2715/3039/1 2384/2677/1 2383/2676/1 
f 2714/3038/1 2716/3040/1 2717/3041/1 2715/3039/1 
f 2715/3039/1 2717/3041/1 2385/2678/1 2384/2677/1 
f 2716/3040/1 2718/3042/1 2390/2683/1 2717/3041/1 
f 2717/3041/1 2390/2683/1 2387/2680/1 2385/2678/1 
f 2718/3042/1 2716/3040/1 2719/3043/1 2720/3044/1 
f 2720/3044/1 2721/3045/1 2393/2686/1 2718/3042/1 
f 2718/3042/1 2393/2686/1 2391/2684/1 2390/2683/1 
f 2721/3045/1 2720/3044/1 2722/3046/1 2723/3047/1 
f 2723/3047/1 2724/3048/1 2396/2689/1 2721/3045/1 
f 2721/3045/1 2396/2689/1 2394/2687/1 2393/2686/1 
f 2723/3047/1 2725/3049/1 2726/3050/1 2724/3048/1 
f 2724/3048/1 2726/3050/1 2727/3051/1 2728/3052/1 
f 2728/3052/1 2397/2690/1 2396/2689/1 2724/3048/1 
f 2728/3052/1 2727/3051/1 2729/3053/1 2730/3054/1 
f 2730/3054/1 2398/2691/1 2397/2690/1 2728/3052/1 
f 2730/3054/1 2729/3053/1 2731/3055/1 2732/3056/1 
f 2732/3056/1 2400/2693/1 2398/2691/1 2730/3054/1 
f 2732/3056/1 2731/3055/1 2733/3057/1 2734/3058/1 
f 2734/3058/1 2402/2695/1 2400/2693/1 2732/3056/1 
f 2734/3058/1 2733/3057/1 2735/3059/1 2736/3060/1 
f 2736/3060/1 2404/2697/1 2402/2695/1 2734/3058/1 
f 2736/3060/1 2735/3059/1 2737/3061/1 2738/3062/1 
f 2738/3062/1 2406/2699/1 2404/2697/1 2736/3060/1 
f 2738/3062/1 2737/3061/1 2739/3063/1 2740/3064/1 
f 2740/3064/1 2408/2701/1 2406/2699/1 2738/3062/1 
f 2740/3064/1 2739/3063/1 2741/3065/1 2742/3066/1 
f 2740/3064/1 2742/3066/1 2410/2703/1 2408/2701/1 
f 2742/3066/1 2741/3065/1 2743/3067/1 2744/3068/1 
f 2742/3066/1 2744/3068/1 2745/3069/1 2410/2703/1 
f 2744/3068/1 2746/3070/1 2747/3071/1 2745/3069/1 
f 2745/3069/1 2747/3071/1 2748/3072/1 2413/2706/1 
f 2413/2706/1 2411/2704/1 2410/2703/1 2745/3069/1 
f 2747/3071/1 2749/3073/1 2750/3074/1 2748/3072/1 
f 2748/3072/1 2750/3074/1 2751/3075/1 2416/2709/1 
f 2416/2709/1 2414/2707/1 2413/2706/1 2748/3072/1 
f 2750/3074/1 2752/3076/1 2753/3077/1 2751/3075/1 
f 2751/3075/1 2753/3077/1 2754/3078/1 2419/2712/1 
f 2419/2712/1 2417/2710/1 2416/2709/1 2751/3075/1 
f 2753/3077/1 2755/3079/1 2756/3080/1 2754/3078/1 
f 2754/3078/1 2756/3080/1 2757/3081/1 2758/3082/1 
f 2758/3082/1 2420/2713/1 2419/2712/1 2754/3078/1 
f 2758/3082/1 2757/3081/1 2759/3083/1 2425/2718/1 
f 2425/2718/1 2421/2714/1 2420/2713/1 2758/3082/1 
f 2757/3081/1 2760/3084/1 2761/3085/1 2759/3083/1 
f 2759/3083/1 2761/3085/1 2434/2727/1 2428/2721/1 
f 2428/2721/1 2426/2719/1 2425/2718/1 2759/3083/1 
f 2760/3084/1 2762/3086/1 2437/2730/1 2761/3085/1 
f 2761/3085/1 2437/2730/1 2435/2728/1 2434/2727/1 
f 2762/3086/1 2760/3084/1 2763/3087/1 2764/3088/1 
f 2764/3088/1 2765/3089/1 2766/3090/1 2762/3086/1 
f 2762/3086/1 2766/3090/1 2438/2731/1 2437/2730/1 
f 2765/3089/1 2767/3091/1 2442/2735/1 2766/3090/1 
f 2766/3090/1 2442/2735/1 2439/2732/1 2438/2731/1 
f 2767/3091/1 2765/3089/1 2768/3092/1 2769/3093/1 
f 2769/3093/1 2770/3094/1 2445/2738/1 2767/3091/1 
f 2767/3091/1 2445/2738/1 2443/2736/1 2442/2735/1 
f 2770/3094/1 2769/3093/1 2771/3095/1 2772/3096/1 
f 2772/3096/1 2773/3097/1 2448/2741/1 2770/3094/1 
f 2770/3094/1 2448/2741/1 2446/2739/1 2445/2738/1 
f 2773/3097/1 2772/3096/1 2774/3098/1 2775/3099/1 
f 2775/3099/1 2776/3100/1 2777/3101/1 2773/3097/1 
f 2773/3097/1 2777/3101/1 2449/2742/1 2448/2741/1 
f 2776/3100/1 2778/3102/1 2453/2746/1 2777/3101/1 
f 2777/3101/1 2453/2746/1 2450/2743/1 2449/2742/1 
f 2778/3102/1 2776/3100/1 2779/3103/1 2780/3104/1 
f 2780/3104/1 2781/3105/1 2782/3106/1 2778/3102/1 
f 2778/3102/1 2782/3106/1 2454/2747/1 2453/2746/1 
f 2781/3105/1 2783/3107/1 2784/3108/1 2782/3106/1 
f 2782/3106/1 2784/3108/1 2455/2748/1 2454/2747/1 
f 2783/3107/1 54/60/1 53/59/1 2784/3108/1 
f 2784/3108/1 53/59/1 52/58/1 2455/2748/1 
f 2781/3105/1 2785/3109/1 2786/3110/1 2783/3107/1 
f 2783/3107/1 2786/3110/1 2787/3111/1 54/60/1 
f 2786/3110/1 2788/3112/1 2789/3113/1 2787/3111/1 
f 2789/3113/1 2790/3114/1 2791/3115/1 2787/3111/1 
f 2787/3111/1 2791/3115/1 55/61/1 54/60/1 
f 2790/3114/1 2792/3116/1 2793/3117/1 2791/3115/1 
f 2793/3117/1 56/62/1 55/61/1 2791/3115/1 
f 2792/3116/1 2794/3118/1 2795/3119/1 2793/3117/1 
f 2793/3117/1 2795/3119/1 2796/3120/1 56/62/1 
f 2795/3119/1 2797/3121/1 2798/3122/1 2796/3120/1 
f 2798/3122/1 2462/2755/1 2461/2754/1 2796/3120/1 
f 2796/3120/1 2461/2754/1 50/56/1 56/62/1 
f 2797/3121/1 2799/3123/1 2800/3124/1 2798/3122/1 
f 2800/3124/1 2464/2757/1 2462/2755/1 2798/3122/1 
f 2799/3123/1 2801/3125/1 2802/3126/1 2800/3124/1 
f 2802/3126/1 2466/2759/1 2464/2757/1 2800/3124/1 
f 2801/3125/1 2803/3127/1 2804/3128/1 2802/3126/1 
f 2804/3128/1 2468/2761/1 2466/2759/1 2802/3126/1 
f 2803/3127/1 171/213/1 175/217/1 2804/3128/1 
f 2804/3128/1 175/217/1 2470/2763/1 2468/2761/1 
f 2803/3127/1 2801/3125/1 2805/3129/1 2806/3130/1 
f 2806/3130/1 172/214/1 171/213/1 2803/3127/1 
f 2806/3130/1 2805/3129/1 2807/3131/1 2808/3132/1 
f 2808/3132/1 2809/3133/1 172/214/1 2806/3130/1 
f 2809/3133/1 2808/3132/1 2810/3134/1 2811/3135/1 
f 2811/3135/1 2812/3136/1 2813/3137/1 2809/3133/1 
f 2809/3133/1 2813/3137/1 173/215/1 172/214/1 
f 2812/3136/1 2520/2823/1 2519/2822/1 2813/3137/1 
f 2813/3137/1 2519/2822/1 176/218/1 173/215/1 
f 2812/3136/1 2811/3135/1 2814/3138/1 2815/3139/1 
f 2815/3139/1 2522/2825/1 2520/2823/1 2812/3136/1 
f 2815/3139/1 2814/3138/1 2816/3140/1 2817/3141/1 
f 2817/3142/1 2818/3143/1 2522/3144/1 2815/3145/1 
f 2817/3142/1 2819/3146/1 2820/3147/1 2818/3143/1 
f 2818/3143/1 2820/3147/1 2821/3148/1 2525/2829/1 
f 2818/3143/1 2525/2829/1 2523/2828/1 2522/3144/1 
f 2820/3147/1 142/177/1 143/180/1 2821/3148/1 
f 2821/3148/1 143/180/1 2822/3149/1 2528/2834/1 
f 2528/2834/1 2526/2830/1 2525/2829/1 2821/3148/1 
f 143/180/1 141/181/1 2823/3150/1 2822/3149/1 
f 2822/3149/1 2823/3150/1 2533/2839/1 2531/2837/1 
f 2531/2837/1 2529/2835/1 2528/2834/1 2822/3149/1 
f 137/172/1 2824/3151/1 2823/3150/1 141/181/1 
f 2823/3150/1 2824/3151/1 2535/2841/1 2533/2839/1 
f 2824/3151/1 137/172/1 139/171/1 2825/3152/1 
f 2825/3152/1 2537/2843/1 2535/2841/1 2824/3151/1 
f 2826/3153/1 2827/3154/1 2825/3152/1 139/171/1 
f 2827/3154/1 2539/2845/1 2537/2843/1 2825/3152/1 
f 134/163/1 2828/3155/1 2827/3156/1 2826/3157/1 
f 2827/3156/1 2828/3155/1 2541/2848/1 2539/2847/1 
f 136/166/1 2829/3158/1 2828/3155/1 134/163/1 
f 2829/3158/1 2543/2851/1 2541/2848/1 2828/3155/1 
f 138/168/1 2830/3159/1 2829/3158/1 136/166/1 
f 2830/3159/1 2545/2853/1 2543/2851/1 2829/3158/1 
f 138/168/1 140/174/1 2831/3160/1 2830/3159/1 
f 2831/3160/1 2547/2855/1 2545/2853/1 2830/3159/1 
f 2831/3160/1 140/174/1 63/74/1 66/73/1 
f 66/73/1 2832/3161/1 2547/2855/1 2831/3160/1 
f 2832/3161/1 66/73/1 65/72/1 2833/3162/1 
f 2833/3162/1 2834/3163/1 2550/2858/1 2832/3161/1 
f 2832/3161/1 2550/2858/1 2548/2856/1 2547/2855/1 
f 2833/3162/1 2835/3164/1 2836/3165/1 2834/3163/1 
f 2834/3163/1 2836/3165/1 2837/3166/1 2838/3167/1 
f 2838/3167/1 2551/2859/1 2550/2858/1 2834/3163/1 
f 2838/3167/1 2837/3166/1 2839/3168/1 2840/3169/1 
f 2840/3169/1 2552/2860/1 2551/2859/1 2838/3167/1 
f 2840/3169/1 2839/3168/1 2841/3170/1 2842/3171/1 
f 2842/3171/1 2554/2862/1 2552/2860/1 2840/3169/1 
f 2841/3170/1 2843/3172/1 2844/3173/1 2842/3171/1 
f 2844/3173/1 2556/2864/1 2554/2862/1 2842/3171/1 
f 2844/3173/1 2843/3172/1 2845/3174/1 2846/3175/1 
f 2846/3175/1 2561/2869/1 2556/2864/1 2844/3173/1 
f 2846/3175/1 2845/3174/1 2847/3176/1 2848/3177/1 
f 2848/3177/1 2562/2870/1 2561/2869/1 2846/3175/1 
f 2847/3176/1 2849/3178/1 2850/3179/1 2848/3177/1 
f 2848/3177/1 2850/3179/1 2564/2872/1 2562/2870/1 
f 2849/3178/1 2584/2900/1 2582/2898/1 2850/3179/1 
f 2850/3179/1 2582/2898/1 2566/2874/1 2564/2872/1 
f 2849/3178/1 2847/3176/1 2851/3180/1 2852/3181/1 
f 2852/3181/1 2586/2902/1 2584/2900/1 2849/3178/1 
f 2852/3181/1 2851/3180/1 2853/3182/1 2854/3183/1 
f 2852/3181/1 2854/3183/1 2588/2904/1 2586/2902/1 
f 2853/3182/1 2855/3184/1 2856/3185/1 2854/3183/1 
f 2854/3183/1 2856/3185/1 2590/2906/1 2588/2904/1 
f 2855/3184/1 2857/3186/1 2858/3187/1 2856/3185/1 
f 2856/3185/1 2858/3187/1 2592/2908/1 2590/2906/1 
f 2857/3186/1 2859/3188/1 2860/3189/1 2858/3187/1 
f 2858/3187/1 2860/3189/1 2861/3190/1 2592/2908/1 
f 2860/3189/1 2862/3191/1 2863/3192/1 2861/3190/1 
f 2861/3190/1 2863/3192/1 2864/3193/1 2595/2911/1 
f 2595/2911/1 2593/2909/1 2592/2908/1 2861/3190/1 
f 2863/3192/1 2865/3194/1 2866/3195/1 2864/3193/1 
f 2864/3193/1 2866/3195/1 2867/3196/1 2868/3197/1 
f 2868/3197/1 2596/2912/1 2595/2911/1 2864/3193/1 
f 2868/3197/1 2867/3196/1 2869/3198/1 2870/3199/1 
f 2870/3199/1 2597/2913/1 2596/2912/1 2868/3197/1 
f 2870/3200/1 2869/3201/1 2871/3202/1 2872/3203/1 
f 2872/3203/1 2599/2917/1 2597/2916/1 2870/3200/1 
f 2872/3203/1 2871/3202/1 2873/3204/1 2874/3205/1 
f 2874/3205/1 2601/2921/1 2599/2917/1 2872/3203/1 
f 2874/3205/1 2873/3204/1 2875/3206/1 2876/3207/1 
f 2876/3207/1 2603/2923/1 2601/2921/1 2874/3205/1 
f 2876/3207/1 2875/3206/1 2877/3208/1 2878/3209/1 
f 2878/3209/1 2605/2925/1 2603/2923/1 2876/3207/1 
f 2878/3209/1 2877/3208/1 2879/3210/1 2880/3211/1 
f 2880/3211/1 2609/2929/1 2605/2925/1 2878/3209/1 
f 2880/3211/1 2879/3210/1 2881/3212/1 2882/3213/1 
f 2882/3213/1 2610/2930/1 2609/2929/1 2880/3211/1 
f 2881/3212/1 2883/3214/1 2884/3215/1 2882/3213/1 
f 2884/3215/1 2612/2932/1 2610/2930/1 2882/3213/1 
f 2883/3214/1 2885/3216/1 2886/3217/1 2884/3215/1 
f 2886/3217/1 2614/2934/1 2612/2932/1 2884/3215/1 
f 2885/3216/1 2887/3218/1 2888/3219/1 2886/3217/1 
f 2888/3219/1 2616/2936/1 2614/2934/1 2886/3217/1 
f 2888/3219/1 2887/3218/1 2889/3220/1 2890/3221/1 
f 2890/3221/1 2618/2938/1 2616/2936/1 2888/3219/1 
f 2890/3221/1 2889/3220/1 2891/3222/1 2892/3223/1 
f 2892/3223/1 2620/2940/1 2618/2938/1 2890/3221/1 
f 2892/3223/1 2891/3222/1 2893/3224/1 2894/3225/1 
f 2894/3225/1 2622/2942/1 2620/2940/1 2892/3223/1 
f 2894/3225/1 2893/3224/1 2895/3226/1 2896/3227/1 
f 2896/3227/1 2624/2944/1 2622/2942/1 2894/3225/1 
f 2895/3226/1 2897/3228/1 2898/3229/1 2896/3227/1 
f 2898/3229/1 2626/2946/1 2624/2944/1 2896/3227/1 
f 2897/3228/1 2899/3230/1 2900/3231/1 2898/3229/1 
f 2900/3231/1 2628/2948/1 2626/2946/1 2898/3229/1 
f 2899/3230/1 2901/3232/1 2902/3233/1 2900/3231/1 
f 2902/3233/1 2630/2950/1 2628/2948/1 2900/3231/1 
f 2901/3232/1 2903/3234/1 2904/3235/1 2902/3233/1 
f 2904/3235/1 2632/2952/1 2630/2950/1 2902/3233/1 
f 2903/3234/1 2905/3236/1 2906/3237/1 2904/3235/1 
f 2906/3237/1 2634/2954/1 2632/2952/1 2904/3235/1 
f 2905/3236/1 2907/3238/1 2908/3239/1 2906/3237/1 
f 2908/3239/1 2636/2956/1 2634/2954/1 2906/3237/1 
f 2907/3238/1 2909/3240/1 2910/3241/1 2908/3239/1 
f 2910/3241/1 2638/2958/1 2636/2956/1 2908/3239/1 
f 2909/3240/1 2911/3242/1 2912/3243/1 2910/3241/1 
f 2912/3243/1 2640/2960/1 2638/2958/1 2910/3241/1 
f 2911/3242/1 2913/3244/1 2914/3245/1 2912/3243/1 
f 2914/3245/1 2642/2962/1 2640/2960/1 2912/3243/1 
f 2913/3244/1 2915/3246/1 2916/3247/1 2914/3245/1 
f 2916/3247/1 2644/2964/1 2642/2962/1 2914/3245/1 
f 2915/3246/1 2917/3248/1 2918/3249/1 2916/3247/1 
f 2916/3247/1 2918/3249/1 2646/2966/1 2644/2964/1 
f 2917/3248/1 2919/3250/1 2920/3251/1 2918/3249/1 
f 2918/3249/1 2920/3251/1 2921/3252/1 2646/2966/1 
f 2920/3251/1 2922/3253/1 2923/3254/1 2921/3252/1 
f 2923/3254/1 2924/3255/1 2649/2969/1 2921/3252/1 
f 2649/2969/1 2647/2967/1 2646/2966/1 2921/3252/1 
f 2923/3254/1 2925/3256/1 2926/3257/1 2924/3255/1 
f 2926/3257/1 2927/3258/1 2652/2972/1 2924/3255/1 
f 2924/3255/1 2652/2972/1 2650/2970/1 2649/2969/1 
f 2927/3258/1 2926/3257/1 2928/3259/1 2929/3260/1 
f 2929/3260/1 2930/3261/1 2655/2975/1 2927/3258/1 
f 2927/3258/1 2655/2975/1 2653/2973/1 2652/2972/1 
f 2930/3261/1 2929/3260/1 2931/3262/1 2932/3263/1 
f 2932/3263/1 2933/3264/1 2658/2978/1 2930/3261/1 
f 2930/3261/1 2658/2978/1 2656/2976/1 2655/2975/1 
f 2933/3264/1 2932/3263/1 2934/3265/1 2935/3266/1 
f 2935/3266/1 2936/3267/1 2661/2981/1 2933/3264/1 
f 2933/3264/1 2661/2981/1 2659/2979/1 2658/2978/1 
f 2936/3267/1 2935/3266/1 2937/3268/1 2938/3269/1 
f 2938/3269/1 2939/3270/1 2664/2984/1 2936/3267/1 
f 2936/3267/1 2664/2984/1 2662/2982/1 2661/2981/1 
f 2939/3270/1 2938/3269/1 2940/3271/1 2941/3272/1 
f 2941/3272/1 2942/3273/1 2667/2987/1 2939/3270/1 
f 2939/3270/1 2667/2987/1 2665/2985/1 2664/2984/1 
f 2941/3272/1 2943/3274/1 413/513/1 2942/3273/1 
f 2942/3273/1 413/513/1 412/512/1 2670/2990/1 
f 2670/2990/1 2668/2988/1 2667/2987/1 2942/3273/1 
f 2941/3272/1 2940/3271/1 2944/3275/1 2943/3274/1 
f 2944/3275/1 2945/3276/1 2946/3277/1 2943/3274/1 
f 2943/3274/1 2946/3277/1 394/514/1 413/513/1 
f 2945/3278/1 2947/3279/1 2948/3280/1 2946/3281/1 
f 394/3282/1 2946/3281/1 2948/3280/1 392/496/1 
f 2947/3279/1 2949/3283/1 2950/3284/1 2948/3280/1 
f 400/495/1 392/496/1 2948/3280/1 2950/3284/1 
f 2949/3283/1 2951/3285/1 2952/3286/1 2950/3284/1 
f 2953/3287/1 400/495/1 2950/3284/1 2952/3286/1 
f 2952/3286/1 2954/3288/1 2955/3289/1 2953/3287/1 
f 2956/3290/1 2957/3291/1 2953/3287/1 2955/3289/1 
f 388/481/1 400/495/1 2953/3287/1 2957/3291/1 
f 2958/3292/1 2959/3293/1 2957/3291/1 2956/3290/1 
f 389/482/1 388/481/1 2957/3291/1 2959/3293/1 
f 2960/3294/1 2961/3295/1 2959/3293/1 2958/3292/1 
f 395/3296/1 389/482/1 2959/3293/1 2961/3295/1 
f 2962/3297/1 2963/3298/1 2961/3299/1 2960/3300/1 
f 2963/3298/1 396/490/1 395/489/1 2961/3299/1 
f 2964/3301/1 2965/3302/1 2963/3298/1 2962/3297/1 
f 398/493/1 396/490/1 2963/3298/1 2965/3302/1 
f 2964/3301/1 2966/3303/1 2967/3304/1 2965/3302/1 
f 2965/3302/1 2967/3304/1 2968/3305/1 398/493/1 
f 410/509/1 399/494/1 398/493/1 2968/3305/1 
f 2967/3304/1 2969/3306/1 2970/3307/1 2968/3305/1 
f 2968/3305/1 2970/3307/1 2971/3308/1 410/509/1 
f 2675/2999/1 411/510/1 410/509/1 2971/3308/1 
f 2970/3307/1 2972/3309/1 2973/3310/1 2971/3308/1 
f 2971/3308/1 2973/3310/1 2676/3000/1 2675/2999/1 
f 2972/3309/1 2974/3311/1 2975/3312/1 2973/3310/1 
f 2973/3310/1 2975/3312/1 2677/3001/1 2676/3000/1 
f 2974/3311/1 2685/3009/1 2683/3007/1 2975/3312/1 
f 2975/3312/1 2683/3007/1 2679/3003/1 2677/3001/1 
f 2974/3311/1 2972/3309/1 2976/3313/1 2977/3314/1 
f 2977/3314/1 2687/3011/1 2685/3009/1 2974/3311/1 
f 2977/3314/1 2976/3313/1 2978/3315/1 2979/3316/1 
f 2979/3316/1 2689/3013/1 2687/3011/1 2977/3314/1 
f 2979/3316/1 2978/3315/1 2980/3317/1 2981/3318/1 
f 2981/3318/1 2691/3015/1 2689/3013/1 2979/3316/1 
f 2981/3318/1 2980/3317/1 2982/3319/1 2983/3320/1 
f 2983/3320/1 2984/3321/1 2691/3015/1 2981/3318/1 
f 2984/3321/1 2983/3320/1 2985/3322/1 2986/3323/1 
f 2984/3321/1 2986/3323/1 2700/3024/1 2694/3018/1 
f 2694/3018/1 2692/3016/1 2691/3015/1 2984/3321/1 
f 2986/3323/1 2985/3322/1 2987/3324/1 2703/3027/1 
f 2986/3323/1 2703/3027/1 2701/3025/1 2700/3024/1 
f 2985/3322/1 2988/3325/1 2989/3326/1 2987/3324/1 
f 2987/3324/1 2989/3326/1 2990/3327/1 2991/3328/1 
f 2991/3328/1 2704/3028/1 2703/3027/1 2987/3324/1 
f 2991/3328/1 2990/3327/1 2992/3329/1 2993/3330/1 
f 2991/3328/1 2993/3330/1 2705/3029/1 2704/3028/1 
f 2993/3330/1 2992/3329/1 2994/3331/1 2995/3332/1 
f 2993/3330/1 2995/3332/1 2707/3031/1 2705/3029/1 
f 2995/3332/1 2994/3331/1 2996/3333/1 2712/3036/1 
f 2995/3332/1 2712/3036/1 2709/3033/1 2707/3031/1 
f 2994/3331/1 2997/3334/1 2998/3335/1 2996/3333/1 
f 2996/3333/1 2998/3335/1 2999/3336/1 3000/3337/1 
f 2996/3333/1 3000/3337/1 2713/3037/1 2712/3036/1 
f 2999/3336/1 3001/3338/1 3002/3339/1 3000/3337/1 
f 3000/3337/1 3002/3339/1 2714/3038/1 2713/3037/1 
f 3001/3338/1 3003/3340/1 2719/3043/1 3002/3339/1 
f 3002/3339/1 2719/3043/1 2716/3040/1 2714/3038/1 
f 3001/3338/1 3004/3341/1 3005/3342/1 3003/3340/1 
f 3003/3340/1 3005/3342/1 3006/3343/1 2722/3046/1 
f 2722/3046/1 2720/3044/1 2719/3043/1 3003/3340/1 
f 3005/3342/1 3007/3344/1 3008/3345/1 3006/3343/1 
f 3006/3343/1 3008/3345/1 3009/3346/1 2725/3049/1 
f 2725/3049/1 2723/3047/1 2722/3046/1 3006/3343/1 
f 3008/3345/1 3010/3347/1 3011/3348/1 3009/3346/1 
f 3009/3346/1 3011/3348/1 3012/3349/1 3013/3350/1 
f 3013/3350/1 2726/3050/1 2725/3049/1 3009/3346/1 
f 3013/3350/1 3012/3349/1 3014/3351/1 3015/3352/1 
f 3015/3352/1 2727/3051/1 2726/3050/1 3013/3350/1 
f 3015/3352/1 3014/3351/1 3016/3353/1 3017/3354/1 
f 3017/3354/1 2729/3053/1 2727/3051/1 3015/3352/1 
f 3017/3354/1 3016/3353/1 3018/3355/1 3019/3356/1 
f 3019/3356/1 2731/3055/1 2729/3053/1 3017/3354/1 
f 3019/3356/1 3018/3355/1 3020/3357/1 3021/3358/1 
f 3021/3358/1 2733/3057/1 2731/3055/1 3019/3356/1 
f 3021/3358/1 3020/3357/1 3022/3359/1 3023/3360/1 
f 3023/3360/1 2735/3059/1 2733/3057/1 3021/3358/1 
f 3023/3360/1 3022/3359/1 3024/3361/1 3025/3362/1 
f 3025/3362/1 2737/3061/1 2735/3059/1 3023/3360/1 
f 3025/3362/1 3024/3361/1 3026/3363/1 3027/3364/1 
f 3027/3364/1 2739/3063/1 2737/3061/1 3025/3362/1 
f 3027/3364/1 3026/3363/1 3028/3365/1 3029/3366/1 
f 3029/3366/1 2741/3065/1 2739/3063/1 3027/3364/1 
f 3029/3366/1 3028/3365/1 3030/3367/1 3031/3368/1 
f 3031/3368/1 2743/3067/1 2741/3065/1 3029/3366/1 
f 3031/3368/1 3030/3367/1 3032/3369/1 3033/3370/1 
f 3033/3370/1 3034/3371/1 2743/3067/1 3031/3368/1 
f 3034/3371/1 3033/3370/1 3035/3372/1 3036/3373/1 
f 3036/3373/1 3037/3374/1 2746/3070/1 3034/3371/1 
f 3034/3371/1 2746/3070/1 2744/3068/1 2743/3067/1 
f 3037/3374/1 3036/3373/1 3038/3375/1 3039/3376/1 
f 3039/3376/1 3040/3377/1 2749/3073/1 3037/3374/1 
f 2749/3073/1 2747/3071/1 2746/3070/1 3037/3374/1 
f 3040/3377/1 3039/3376/1 3041/3378/1 3042/3379/1 
f 3040/3377/1 3042/3379/1 3043/3380/1 2752/3076/1 
f 2752/3076/1 2750/3074/1 2749/3073/1 3040/3377/1 
f 3042/3379/1 3044/3381/1 3045/3382/1 3043/3380/1 
f 3043/3380/1 3045/3382/1 3046/3383/1 2755/3079/1 
f 2755/3079/1 2753/3077/1 2752/3076/1 3043/3380/1 
f 3045/3382/1 3047/3384/1 3048/3385/1 3046/3383/1 
f 3046/3383/1 3048/3385/1 2764/3088/1 2763/3087/1 
f 2763/3087/1 2756/3080/1 2755/3079/1 3046/3383/1 
f 3047/3384/1 3049/3386/1 2768/3092/1 3048/3385/1 
f 3048/3385/1 2768/3092/1 2765/3089/1 2764/3088/1 
f 3047/3384/1 3050/3387/1 3051/3388/1 3049/3386/1 
f 3051/3388/1 3052/3389/1 2771/3095/1 3049/3386/1 
f 3049/3386/1 2771/3095/1 2769/3093/1 2768/3092/1 
f 3051/3388/1 3053/3390/1 3054/3391/1 3052/3389/1 
f 3054/3391/1 3055/3392/1 2774/3098/1 3052/3389/1 
f 3052/3389/1 2774/3098/1 2772/3096/1 2771/3095/1 
f 3055/3392/1 3054/3391/1 3056/3393/1 3057/3394/1 
f 3057/3394/1 3058/3395/1 3059/3396/1 3055/3392/1 
f 3055/3392/1 3059/3396/1 2775/3099/1 2774/3098/1 
f 3058/3395/1 3060/3397/1 2779/3103/1 3059/3396/1 
f 3059/3396/1 2779/3103/1 2776/3100/1 2775/3099/1 
f 3058/3395/1 3061/3398/1 3062/3399/1 3060/3397/1 
f 3062/3399/1 3063/3400/1 3064/3401/1 3060/3397/1 
f 3064/3401/1 2780/3104/1 2779/3103/1 3060/3397/1 
f 3064/3401/1 3063/3400/1 3065/3402/1 2785/3109/1 
f 2785/3109/1 2781/3105/1 2780/3104/1 3064/3401/1 
f 3063/3400/1 3066/3403/1 3067/3404/1 3065/3402/1 
f 3065/3402/1 3067/3404/1 3068/3405/1 2788/3112/1 
f 2788/3112/1 2786/3110/1 2785/3109/1 3065/3402/1 
f 3067/3404/1 3069/3406/1 3070/3407/1 3068/3405/1 
f 3070/3407/1 3071/3408/1 3072/3409/1 3068/3405/1 
f 3072/3409/1 2789/3113/1 2788/3112/1 3068/3405/1 
f 3071/3408/1 3073/3410/1 3074/3411/1 3072/3409/1 
f 3072/3409/1 3074/3411/1 2790/3114/1 2789/3113/1 
f 3073/3410/1 3075/3412/1 3076/3413/1 3074/3411/1 
f 3076/3413/1 2792/3116/1 2790/3114/1 3074/3411/1 
f 3075/3412/1 3077/3414/1 3078/3415/1 3076/3413/1 
f 3076/3413/1 3078/3415/1 2794/3118/1 2792/3116/1 
f 3077/3414/1 3079/3416/1 3080/3417/1 3078/3415/1 
f 3078/3415/1 3080/3417/1 3081/3418/1 2794/3118/1 
f 3080/3417/1 3082/3419/1 3083/3420/1 3081/3418/1 
f 3081/3418/1 3083/3420/1 2799/3123/1 2797/3121/1 
f 2797/3121/1 2795/3119/1 2794/3118/1 3081/3418/1 
f 3082/3419/1 2807/3131/1 2805/3129/1 3083/3420/1 
f 3083/3420/1 2805/3129/1 2801/3125/1 2799/3123/1 
f 3082/3419/1 3080/3417/1 3079/3416/1 3084/3421/1 
f 3084/3421/1 3085/3422/1 2807/3131/1 3082/3419/1 
f 3085/3422/1 3084/3421/1 3086/3423/1 3087/3424/1 
f 3087/3424/1 3088/3425/1 2810/3134/1 3085/3422/1 
f 3085/3422/1 2810/3134/1 2808/3132/1 2807/3131/1 
f 3087/3424/1 3089/3426/1 3090/3427/1 3088/3425/1 
f 3090/3427/1 2816/3140/1 2814/3138/1 3088/3425/1 
f 3088/3425/1 2814/3138/1 2811/3135/1 2810/3134/1 
f 3089/3426/1 3091/3428/1 3092/3429/1 3090/3427/1 
f 3092/3429/1 3093/3430/1 2816/3140/1 3090/3427/1 
f 3093/3430/1 3092/3429/1 62/68/1 61/67/1 
f 3093/3430/1 61/67/1 64/70/1 2819/3431/1 
f 2819/3431/1 2817/3141/1 2816/3140/1 3093/3430/1 
f 3091/3428/1 3094/3432/1 62/68/1 3092/3429/1 
f 3094/3432/1 3095/3433/1 3096/3434/1 3097/3435/1 
f 3097/3435/1 58/64/1 62/68/1 3094/3432/1 
f 3091/3428/1 3098/3436/1 3095/3433/1 3094/3432/1 
f 3099/3437/1 3100/3438/1 3095/3433/1 3098/3436/1 
f 3091/3428/1 3089/3426/1 3101/3439/1 3098/3436/1 
f 3098/3436/1 3101/3439/1 3102/3440/1 3099/3437/1 
f 3103/3441/1 3104/3442/1 3099/3437/1 3102/3440/1 
f 3101/3439/1 3086/3423/1 3105/3443/1 3102/3440/1 
f 3105/3443/1 3106/3444/1 3103/3441/1 3102/3440/1 
f 3107/3445/1 3108/3446/1 3103/3441/1 3106/3444/1 
f 3106/3444/1 3105/3443/1 3079/3416/1 3077/3414/1 
f 3077/3414/1 3075/3412/1 3107/3445/1 3106/3444/1 
f 3109/3447/1 3110/3448/1 3111/3449/1 3108/3446/1 
f 3108/3446/1 3111/3449/1 3104/3442/1 3103/3441/1 
f 3107/3445/1 3112/3450/1 3109/3447/1 3108/3446/1 
f 3113/3451/1 3114/3452/1 3109/3447/1 3112/3450/1 
f 3107/3445/1 3075/3412/1 3073/3410/1 3112/3450/1 
f 3073/3410/1 3071/3408/1 3113/3451/1 3112/3450/1 
f 3114/3452/1 3115/3453/1 3116/3454/1 3117/3455/1 
f 3117/3455/1 3110/3448/1 3109/3447/1 3114/3452/1 
f 3113/3451/1 3118/3456/1 3115/3453/1 3114/3452/1 
f 3119/3457/1 3120/3458/1 3115/3453/1 3118/3456/1 
f 3113/3451/1 3071/3408/1 3070/3407/1 3118/3456/1 
f 3070/3407/1 3069/3406/1 3119/3457/1 3118/3456/1 
f 3120/3458/1 3121/3459/1 3122/3460/1 3123/3461/1 
f 3123/3461/1 3116/3454/1 3115/3453/1 3120/3458/1 
f 3120/3458/1 3119/3457/1 3124/3462/1 3121/3459/1 
f 3125/3463/1 3126/3464/1 3121/3459/1 3124/3462/1 
f 3119/3457/1 3069/3406/1 3127/3465/1 3124/3462/1 
f 3124/3462/1 3127/3465/1 3128/3466/1 3125/3463/1 
f 3129/3467/1 3130/3468/1 3125/3463/1 3128/3466/1 
f 3128/3466/1 3127/3465/1 3066/3403/1 3131/3469/1 
f 3131/3469/1 3132/3470/1 3129/3467/1 3128/3466/1 
f 3133/3471/1 3134/3472/1 3129/3467/1 3132/3470/1 
f 3131/3469/1 3062/3399/1 3061/3398/1 3132/3470/1 
f 3132/3470/1 3061/3398/1 3135/3473/1 3133/3471/1 
f 3136/3474/1 3137/3475/1 3133/3471/1 3135/3473/1 
f 3135/3473/1 3061/3398/1 3058/3395/1 3057/3394/1 
f 3057/3394/1 3056/3393/1 3136/3474/1 3135/3473/1 
f 3138/3476/1 3139/3477/1 3140/3478/1 3137/3475/1 
f 3137/3475/1 3140/3478/1 3134/3472/1 3133/3471/1 
f 3136/3474/1 3141/3479/1 3138/3476/1 3137/3475/1 
f 3142/3480/1 3143/3481/1 3138/3476/1 3141/3479/1 
f 3141/3479/1 3136/3474/1 3056/3393/1 3144/3482/1 
f 3144/3482/1 3145/3483/1 3142/3480/1 3141/3479/1 
f 3146/3484/1 3147/3485/1 3142/3480/1 3145/3483/1 
f 3144/3482/1 3053/3390/1 3148/3486/1 3145/3483/1 
f 3145/3483/1 3148/3486/1 3149/3487/1 3146/3484/1 
f 3041/3378/1 3150/3488/1 3146/3484/1 3149/3487/1 
f 3148/3486/1 3050/3387/1 3044/3381/1 3149/3487/1 
f 3149/3487/1 3044/3381/1 3042/3379/1 3041/3378/1 
f 3038/3375/1 3151/3489/1 3152/3490/1 3150/3488/1 
f 3150/3488/1 3152/3490/1 3147/3485/1 3146/3484/1 
f 3150/3488/1 3041/3378/1 3039/3376/1 3038/3375/1 
f 3151/3489/1 3153/3491/1 3154/3492/1 3152/3490/1 
f 3152/3490/1 3154/3492/1 3155/3493/1 3147/3485/1 
f 3154/3492/1 3156/3494/1 3157/3495/1 3155/3493/1 
f 3155/3493/1 3157/3495/1 3158/3496/1 3143/3481/1 
f 3143/3481/1 3142/3480/1 3147/3485/1 3155/3493/1 
f 3157/3495/1 3159/3497/1 3160/3498/1 3158/3496/1 
f 3158/3496/1 3160/3498/1 3161/3499/1 3139/3477/1 
f 3139/3477/1 3138/3476/1 3143/3481/1 3158/3496/1 
f 3160/3498/1 3162/3500/1 3163/3501/1 3161/3499/1 
f 3161/3499/1 3163/3501/1 3164/3502/1 3165/3503/1 
f 3165/3503/1 3140/3478/1 3139/3477/1 3161/3499/1 
f 3165/3503/1 3164/3502/1 3166/3504/1 3167/3505/1 
f 3167/3505/1 3134/3472/1 3140/3478/1 3165/3503/1 
f 3167/3505/1 3166/3504/1 3168/3506/1 3130/3468/1 
f 3130/3468/1 3129/3467/1 3134/3472/1 3167/3505/1 
f 3166/3504/1 3169/3507/1 3170/3508/1 3168/3506/1 
f 3170/3508/1 3171/3509/1 3126/3464/1 3168/3506/1 
f 3126/3464/1 3125/3463/1 3130/3468/1 3168/3506/1 
f 3171/3509/1 3170/3508/1 3172/3510/1 3173/3511/1 
f 3173/3511/1 3174/3512/1 3122/3460/1 3171/3509/1 
f 3171/3509/1 3122/3460/1 3121/3459/1 3126/3464/1 
f 3175/3513/1 3174/3512/1 3173/3511/1 3176/3514/1 
f 3177/3515/1 3178/3516/1 3174/3512/1 3175/3513/1 
f 3174/3512/1 3178/3516/1 3123/3461/1 3122/3460/1 
f 3179/3517/1 3180/3518/1 3178/3516/1 3177/3515/1 
f 3178/3516/1 3180/3518/1 3116/3454/1 3123/3461/1 
f 3180/3518/1 3179/3517/1 126/160/1 133/159/1 
f 3180/3518/1 133/159/1 3117/3455/1 3116/3454/1 
f 3181/3519/1 3182/3520/1 3179/3521/1 3177/3522/1 
f 120/143/1 126/149/1 3179/3521/1 3182/3520/1 
f 3182/3520/1 3181/3519/1 3183/3523/1 3184/3524/1 
f 3184/3524/1 117/140/1 120/143/1 3182/3520/1 
f 3184/3524/1 3183/3523/1 3185/3525/1 3186/3526/1 
f 3186/3526/1 3187/3527/1 117/140/1 3184/3524/1 
f 3187/3527/1 3186/3526/1 3188/3528/1 3189/3529/1 
f 3189/3529/1 3190/3530/1 3191/3531/1 3187/3527/1 
f 3187/3527/1 3191/3531/1 118/141/1 117/140/1 
f 3190/3530/1 3192/3532/1 3193/3533/1 3191/3531/1 
f 121/144/1 118/141/1 3191/3531/1 3193/3533/1 
f 3192/3532/1 3194/3534/1 3195/3535/1 3193/3533/1 
f 3193/3533/1 3195/3535/1 132/157/1 121/144/1 
f 3194/3534/1 3196/3536/1 3197/3537/1 3195/3535/1 
f 3195/3535/1 3197/3537/1 3198/3538/1 132/157/1 
f 3197/3537/1 3199/3539/1 3200/3540/1 3198/3538/1 
f 3198/3538/1 3200/3540/1 3201/3541/1 3202/3542/1 
f 3202/3543/1 128/151/1 132/3544/1 3198/3545/1 
f 3202/3543/1 3201/3546/1 3100/3438/1 3203/3547/1 
f 3203/3547/1 129/152/1 128/151/1 3202/3543/1 
f 3100/3438/1 3099/3437/1 3104/3442/1 3203/3547/1 
f 3203/3547/1 3104/3442/1 3111/3449/1 129/152/1 
f 3200/3540/1 3204/3548/1 3096/3549/1 3201/3541/1 
f 3201/3546/1 3096/3434/1 3095/3433/1 3100/3438/1 
f 3204/3548/1 3200/3540/1 3199/3539/1 3205/3550/1 
f 3205/3550/1 3206/3551/1 3207/3552/1 3204/3548/1 
f 3204/3553/1 3207/3554/1 3097/3435/1 3096/3434/1 
f 3206/3551/1 3208/3555/1 59/3556/1 3207/3552/1 
f 3207/3554/1 59/65/1 58/64/1 3097/3435/1 
f 3205/3550/1 3209/3557/1 3210/3558/1 3206/3551/1 
f 3210/3558/1 148/186/1 3208/3555/1 3206/3551/1 
f 3209/3557/1 3211/3559/1 3212/3560/1 3210/3558/1 
f 3210/3558/1 3212/3560/1 149/187/1 148/186/1 
f 3211/3559/1 3213/3561/1 3214/3562/1 3212/3560/1 
f 3212/3560/1 3214/3562/1 3215/3563/1 149/187/1 
f 3214/3562/1 3216/3564/1 3217/3565/1 3215/3563/1 
f 3215/3563/1 3217/3565/1 3218/3566/1 3219/3567/1 
f 3219/3567/1 150/188/1 149/187/1 3215/3563/1 
f 3219/3567/1 3218/3566/1 3220/3568/1 3221/3569/1 
f 3221/3569/1 152/190/1 150/188/1 3219/3567/1 
f 3221/3569/1 3220/3568/1 3222/3570/1 3223/3571/1 
f 3223/3571/1 3224/3572/1 152/190/1 3221/3569/1 
f 3224/3572/1 3223/3571/1 3225/3573/1 3226/3574/1 
f 3224/3572/1 3226/3574/1 3227/3575/1 3228/3576/1 
f 3224/3572/1 3228/3576/1 153/191/1 152/190/1 
f 3226/3574/1 3229/3577/1 3230/3578/1 3227/3575/1 
f 3227/3575/1 3230/3578/1 3231/3579/1 3232/3580/1 
f 3232/3580/1 3233/3581/1 3228/3576/1 3227/3575/1 
f 3232/3580/1 3231/3579/1 2835/3164/1 3234/3582/1 
f 3234/3582/1 60/3583/1 3233/3581/1 3232/3580/1 
f 3234/3582/1 2835/3164/1 2833/3162/1 65/72/1 
f 65/72/1 57/71/1 60/3583/1 3234/3582/1 
f 3231/3579/1 3230/3578/1 3235/3584/1 3236/3585/1 
f 3236/3585/1 2836/3165/1 2835/3164/1 3231/3579/1 
f 3236/3585/1 3235/3584/1 3237/3586/1 3238/3587/1 
f 3238/3587/1 2837/3166/1 2836/3165/1 3236/3585/1 
f 3238/3587/1 3237/3586/1 3239/3588/1 3240/3589/1 
f 3240/3589/1 2839/3168/1 2837/3166/1 3238/3587/1 
f 3240/3589/1 3239/3588/1 3241/3590/1 3242/3591/1 
f 3242/3591/1 2841/3170/1 2839/3168/1 3240/3589/1 
f 3242/3591/1 3241/3590/1 3243/3592/1 3244/3593/1 
f 3244/3593/1 2843/3172/1 2841/3170/1 3242/3591/1 
f 3244/3593/1 3243/3592/1 3245/3594/1 3246/3595/1 
f 3246/3595/1 2845/3174/1 2843/3172/1 3244/3593/1 
f 3245/3594/1 2853/3182/1 2851/3180/1 3246/3595/1 
f 2851/3180/1 2847/3176/1 2845/3174/1 3246/3595/1 
f 3243/3592/1 3247/3596/1 3248/3597/1 3245/3594/1 
f 3245/3594/1 3248/3597/1 2855/3184/1 2853/3182/1 
f 3247/3596/1 3249/3598/1 3250/3599/1 3248/3597/1 
f 3248/3597/1 3250/3599/1 2857/3186/1 2855/3184/1 
f 3249/3598/1 3251/3600/1 3252/3601/1 3250/3599/1 
f 3250/3599/1 3252/3601/1 2859/3188/1 2857/3186/1 
f 3251/3600/1 3253/3602/1 3254/3603/1 3252/3601/1 
f 3252/3601/1 3254/3603/1 3255/3604/1 2859/3188/1 
f 3254/3603/1 3256/3605/1 3257/3606/1 3255/3604/1 
f 3257/3606/1 3258/3607/1 2862/3191/1 3255/3604/1 
f 2862/3191/1 2860/3189/1 2859/3188/1 3255/3604/1 
f 3257/3606/1 3259/3608/1 3260/3609/1 3258/3607/1 
f 3260/3609/1 3261/3610/1 2865/3194/1 3258/3607/1 
f 2865/3194/1 2863/3192/1 2862/3191/1 3258/3607/1 
f 3261/3610/1 3260/3609/1 3262/3611/1 3263/3612/1 
f 3263/3612/1 3264/3613/1 3265/3614/1 3261/3610/1 
f 3265/3614/1 2866/3195/1 2865/3194/1 3261/3610/1 
f 3265/3614/1 3264/3613/1 3266/3615/1 3267/3616/1 
f 3267/3616/1 2867/3196/1 2866/3195/1 3265/3614/1 
f 3267/3616/1 3266/3615/1 3268/3617/1 3269/3618/1 
f 3269/3618/1 2869/3198/1 2867/3196/1 3267/3616/1 
f 3269/3619/1 3268/3620/1 3270/3621/1 3271/3622/1 
f 3271/3622/1 2871/3202/1 2869/3201/1 3269/3619/1 
f 3271/3622/1 3270/3621/1 3272/3623/1 3273/3624/1 
f 3273/3624/1 2873/3204/1 2871/3202/1 3271/3622/1 
f 3273/3624/1 3272/3623/1 3274/3625/1 3275/3626/1 
f 3275/3626/1 2875/3206/1 2873/3204/1 3273/3624/1 
f 3274/3625/1 3276/3627/1 3277/3628/1 3275/3626/1 
f 3277/3628/1 2877/3208/1 2875/3206/1 3275/3626/1 
f 3277/3628/1 3276/3627/1 3278/3629/1 3279/3630/1 
f 3279/3630/1 2879/3210/1 2877/3208/1 3277/3628/1 
f 3279/3630/1 3278/3629/1 3280/3631/1 3281/3632/1 
f 3281/3632/1 2881/3212/1 2879/3210/1 3279/3630/1 
f 3281/3632/1 3280/3631/1 3282/3633/1 3283/3634/1 
f 3283/3634/1 2883/3214/1 2881/3212/1 3281/3632/1 
f 3283/3634/1 3282/3633/1 3284/3635/1 3285/3636/1 
f 3285/3636/1 2885/3216/1 2883/3214/1 3283/3634/1 
f 3285/3636/1 3284/3635/1 3286/3637/1 3287/3638/1 
f 3287/3638/1 2887/3218/1 2885/3216/1 3285/3636/1 
f 3287/3638/1 3286/3637/1 3288/3639/1 3289/3640/1 
f 3289/3640/1 2889/3220/1 2887/3218/1 3287/3638/1 
f 3289/3640/1 3288/3639/1 3290/3641/1 3291/3642/1 
f 3291/3642/1 2891/3222/1 2889/3220/1 3289/3640/1 
f 3290/3641/1 3292/3643/1 3293/3644/1 3291/3642/1 
f 3293/3644/1 2893/3224/1 2891/3222/1 3291/3642/1 
f 3292/3643/1 3294/3645/1 3295/3646/1 3293/3644/1 
f 3295/3646/1 2895/3226/1 2893/3224/1 3293/3644/1 
f 3294/3645/1 3296/3647/1 3297/3648/1 3295/3646/1 
f 3295/3646/1 3297/3648/1 2897/3228/1 2895/3226/1 
f 3296/3647/1 3298/3649/1 3299/3650/1 3297/3648/1 
f 3297/3648/1 3299/3650/1 2899/3230/1 2897/3228/1 
f 3298/3649/1 3300/3651/1 3301/3652/1 3299/3650/1 
f 3299/3650/1 3301/3652/1 2901/3232/1 2899/3230/1 
f 3300/3651/1 3302/3653/1 3303/3654/1 3301/3652/1 
f 3301/3652/1 3303/3654/1 2903/3234/1 2901/3232/1 
f 3302/3653/1 3304/3655/1 3305/3656/1 3303/3654/1 
f 3303/3654/1 3305/3656/1 2905/3236/1 2903/3234/1 
f 3304/3655/1 3306/3657/1 3307/3658/1 3305/3656/1 
f 3305/3656/1 3307/3658/1 2907/3238/1 2905/3236/1 
f 3306/3657/1 3308/3659/1 3309/3660/1 3307/3658/1 
f 3307/3658/1 3309/3660/1 2909/3240/1 2907/3238/1 
f 3308/3659/1 3310/3661/1 3311/3662/1 3309/3660/1 
f 3309/3660/1 3311/3662/1 2911/3242/1 2909/3240/1 
f 3310/3661/1 3312/3663/1 3313/3664/1 3311/3662/1 
f 3311/3662/1 3313/3664/1 2913/3244/1 2911/3242/1 
f 3312/3663/1 3314/3665/1 3315/3666/1 3313/3664/1 
f 3313/3664/1 3315/3666/1 2915/3246/1 2913/3244/1 
f 3314/3667/1 3316/3668/1 3317/3669/1 3315/3670/1 
f 3315/3666/1 3317/3671/1 2917/3248/1 2915/3246/1 
f 3316/3672/1 3318/3673/1 3319/3674/1 3317/3671/1 
f 3317/3671/1 3319/3674/1 2919/3250/1 2917/3248/1 
f 3318/3673/1 3320/3675/1 3321/3676/1 3319/3674/1 
f 3319/3674/1 3321/3676/1 3322/3677/1 2919/3250/1 
f 3321/3676/1 3323/3678/1 3324/3679/1 3322/3677/1 
f 3322/3677/1 3324/3679/1 3325/3680/1 2922/3253/1 
f 2922/3253/1 2920/3251/1 2919/3250/1 3322/3677/1 
f 3324/3679/1 3326/3681/1 3327/3682/1 3325/3680/1 
f 3325/3680/1 3327/3682/1 3328/3683/1 2925/3256/1 
f 2925/3256/1 2923/3254/1 2922/3253/1 3325/3680/1 
f 3327/3682/1 3329/3684/1 3330/3685/1 3328/3683/1 
f 3330/3685/1 3331/3686/1 2928/3259/1 3328/3683/1 
f 3328/3683/1 2928/3259/1 2926/3257/1 2925/3256/1 
f 3330/3685/1 3332/3687/1 3333/3688/1 3331/3686/1 
f 3333/3688/1 3334/3689/1 2931/3262/1 3331/3686/1 
f 3331/3686/1 2931/3262/1 2929/3260/1 2928/3259/1 
f 3334/3689/1 3333/3688/1 3335/3690/1 3336/3691/1 
f 3336/3691/1 3337/3692/1 2934/3265/1 3334/3689/1 
f 3334/3689/1 2934/3265/1 2932/3263/1 2931/3262/1 
f 3337/3692/1 3336/3691/1 3338/3693/1 3339/3694/1 
f 3339/3694/1 3340/3695/1 2937/3268/1 3337/3692/1 
f 3337/3692/1 2937/3268/1 2935/3266/1 2934/3265/1 
f 3340/3695/1 3339/3694/1 3341/3696/1 3342/3697/1 
f 3342/3697/1 2944/3275/1 2940/3271/1 3340/3695/1 
f 3340/3695/1 2940/3271/1 2938/3269/1 2937/3268/1 
f 3342/3697/1 3341/3696/1 3343/3698/1 3344/3699/1 
f 3344/3699/1 2945/3276/1 2944/3275/1 3342/3697/1 
f 3343/3700/1 3345/3701/1 3346/3702/1 3344/3703/1 
f 3346/3702/1 2947/3279/1 2945/3278/1 3344/3703/1 
f 3345/3701/1 3347/3704/1 3348/3705/1 3346/3702/1 
f 3346/3702/1 3348/3705/1 2949/3283/1 2947/3279/1 
f 3348/3705/1 3347/3704/1 3349/3706/1 3350/3707/1 
f 3350/3707/1 2951/3285/1 2949/3283/1 3348/3705/1 
f 3350/3707/1 3349/3706/1 3351/3708/1 3352/3709/1 
f 3352/3709/1 3353/3710/1 2951/3285/1 3350/3707/1 
f 3352/3709/1 3354/3711/1 3355/3712/1 3353/3710/1 
f 3353/3710/1 3355/3712/1 3356/3713/1 2954/3288/1 
f 2954/3288/1 2952/3286/1 2951/3285/1 3353/3710/1 
f 3355/3712/1 3357/3714/1 3358/3715/1 3356/3713/1 
f 3358/3715/1 3359/3716/1 3360/3717/1 3356/3713/1 
f 3356/3713/1 3360/3717/1 2955/3289/1 2954/3288/1 
f 3359/3716/1 3361/3718/1 3362/3719/1 3360/3717/1 
f 3360/3717/1 3362/3719/1 2956/3290/1 2955/3289/1 
f 3361/3718/1 3363/3720/1 3364/3721/1 3362/3719/1 
f 2958/3292/1 2956/3290/1 3362/3719/1 3364/3721/1 
f 3365/3722/1 3366/3723/1 3364/3721/1 3363/3720/1 
f 2960/3294/1 2958/3292/1 3364/3721/1 3366/3723/1 
f 3365/3724/1 3367/3725/1 3368/3726/1 3366/3727/1 
f 2962/3297/1 2960/3300/1 3366/3727/1 3368/3726/1 
f 3367/3725/1 3369/3728/1 3370/3729/1 3368/3726/1 
f 3368/3726/1 3370/3729/1 2964/3301/1 2962/3297/1 
f 3369/3728/1 3371/3730/1 3372/3731/1 3370/3729/1 
f 3370/3729/1 3372/3731/1 2966/3303/1 2964/3301/1 
f 3371/3730/1 3373/3732/1 3374/3733/1 3372/3731/1 
f 3372/3731/1 3374/3733/1 3375/3734/1 2966/3303/1 
f 2969/3306/1 2967/3304/1 2966/3303/1 3375/3734/1 
f 3374/3733/1 2980/3317/1 2978/3315/1 3375/3734/1 
f 3375/3734/1 2978/3315/1 2976/3313/1 2969/3306/1 
f 3373/3732/1 2982/3319/1 2980/3317/1 3374/3733/1 
f 3373/3732/1 3371/3730/1 3376/3735/1 3377/3736/1 
f 3377/3736/1 2988/3325/1 2982/3319/1 3373/3732/1 
f 3377/3736/1 3376/3735/1 3378/3737/1 3379/3738/1 
f 3379/3738/1 2989/3326/1 2988/3325/1 3377/3736/1 
f 3379/3738/1 3378/3737/1 3380/3739/1 3381/3740/1 
f 3381/3740/1 2990/3327/1 2989/3326/1 3379/3738/1 
f 3381/3740/1 3380/3739/1 3382/3741/1 3383/3742/1 
f 3383/3742/1 2992/3329/1 2990/3327/1 3381/3740/1 
f 3383/3742/1 3382/3741/1 3384/3743/1 2997/3334/1 
f 2997/3334/1 2994/3331/1 2992/3329/1 3383/3742/1 
f 3382/3741/1 3385/3744/1 3386/3745/1 3384/3743/1 
f 3384/3743/1 3386/3745/1 3387/3746/1 3388/3747/1 
f 3388/3747/1 2998/3335/1 2997/3334/1 3384/3743/1 
f 3388/3747/1 3387/3746/1 3389/3748/1 3390/3749/1 
f 3390/3749/1 2999/3336/1 2998/3335/1 3388/3747/1 
f 3390/3749/1 3389/3748/1 3391/3750/1 3004/3341/1 
f 3004/3341/1 3001/3338/1 2999/3336/1 3390/3749/1 
f 3389/3748/1 3392/3751/1 3393/3752/1 3391/3750/1 
f 3391/3750/1 3393/3752/1 3394/3753/1 3007/3344/1 
f 3007/3344/1 3005/3342/1 3004/3341/1 3391/3750/1 
f 3393/3752/1 3395/3754/1 3396/3755/1 3394/3753/1 
f 3394/3753/1 3396/3755/1 3397/3756/1 3010/3347/1 
f 3010/3347/1 3008/3345/1 3007/3344/1 3394/3753/1 
f 3396/3755/1 3398/3757/1 3399/3758/1 3397/3756/1 
f 3397/3756/1 3399/3758/1 3400/3759/1 3401/3760/1 
f 3401/3760/1 3011/3348/1 3010/3347/1 3397/3756/1 
f 3401/3760/1 3400/3759/1 247/309/1 3402/3761/1 
f 3402/3761/1 3012/3349/1 3011/3348/1 3401/3760/1 
f 3402/3761/1 247/309/1 244/306/1 3403/3762/1 
f 3403/3762/1 3014/3351/1 3012/3349/1 3402/3761/1 
f 3403/3762/1 244/306/1 243/305/1 3404/3763/1 
f 3404/3763/1 3016/3353/1 3014/3351/1 3403/3762/1 
f 3404/3763/1 243/305/1 3405/3764/1 3406/3765/1 
f 3406/3765/1 3018/3355/1 3016/3353/1 3404/3763/1 
f 3406/3765/1 3405/3764/1 3407/3766/1 3408/3767/1 
f 3408/3767/1 3020/3357/1 3018/3355/1 3406/3765/1 
f 3407/3766/1 3409/3768/1 3410/3769/1 3408/3767/1 
f 3410/3769/1 3022/3359/1 3020/3357/1 3408/3767/1 
f 3409/3768/1 3411/3770/1 3412/3771/1 3410/3769/1 
f 3412/3771/1 3024/3361/1 3022/3359/1 3410/3769/1 
f 3411/3770/1 3413/3772/1 3414/3773/1 3412/3771/1 
f 3414/3773/1 3026/3363/1 3024/3361/1 3412/3771/1 
f 3413/3772/1 3415/3774/1 3416/3775/1 3414/3773/1 
f 3416/3775/1 3028/3365/1 3026/3363/1 3414/3773/1 
f 3415/3774/1 3417/3776/1 3418/3777/1 3416/3775/1 
f 3418/3777/1 3030/3367/1 3028/3365/1 3416/3775/1 
f 3418/3777/1 3417/3776/1 3419/3778/1 3420/3779/1 
f 3420/3779/1 3032/3369/1 3030/3367/1 3418/3777/1 
f 3420/3779/1 3419/3778/1 3421/3780/1 3422/3781/1 
f 3422/3781/1 3423/3782/1 3032/3369/1 3420/3779/1 
f 3423/3782/1 3422/3781/1 3424/3783/1 3153/3491/1 
f 3153/3491/1 3151/3489/1 3035/3372/1 3423/3782/1 
f 3423/3782/1 3035/3372/1 3033/3370/1 3032/3369/1 
f 3422/3781/1 3421/3780/1 3425/3784/1 3424/3783/1 
f 3424/3783/1 3425/3784/1 3426/3785/1 3156/3494/1 
f 3156/3494/1 3154/3492/1 3153/3491/1 3424/3783/1 
f 3425/3784/1 3427/3786/1 3428/3787/1 3426/3785/1 
f 3426/3785/1 3428/3787/1 3429/3788/1 3159/3497/1 
f 3159/3497/1 3157/3495/1 3156/3494/1 3426/3785/1 
f 3429/3788/1 3428/3787/1 3430/3789/1 3431/3790/1 
f 3431/3790/1 3432/3791/1 3162/3500/1 3429/3788/1 
f 3162/3500/1 3160/3498/1 3159/3497/1 3429/3788/1 
f 3432/3791/1 3431/3790/1 3433/3792/1 3434/3793/1 
f 3434/3793/1 3435/3794/1 3436/3795/1 3432/3791/1 
f 3436/3795/1 3163/3501/1 3162/3500/1 3432/3791/1 
f 3435/3794/1 3437/3796/1 3438/3797/1 3436/3795/1 
f 3438/3797/1 3164/3502/1 3163/3501/1 3436/3795/1 
f 3437/3796/1 3439/3798/1 3169/3507/1 3438/3797/1 
f 3169/3507/1 3166/3504/1 3164/3502/1 3438/3797/1 
f 3440/3799/1 3441/3800/1 3439/3798/1 3437/3796/1 
f 3442/3801/1 3172/3510/1 3439/3798/1 3441/3800/1 
f 3439/3798/1 3172/3510/1 3170/3508/1 3169/3507/1 
f 3443/3802/1 3444/3803/1 3442/3804/1 3441/3805/1 
f 3445/3806/1 3176/3807/1 3442/3804/1 3444/3803/1 
f 3173/3511/1 3172/3510/1 3442/3801/1 3176/3514/1 
f 3446/3808/1 3447/3809/1 3445/3806/1 3444/3803/1 
f 3445/3806/1 3447/3809/1 3448/3810/1 3449/3811/1 
f 3175/3812/1 3176/3807/1 3445/3806/1 3449/3811/1 
f 3448/3810/1 3183/3523/1 3181/3519/1 3449/3811/1 
f 3177/3522/1 3175/3812/1 3449/3811/1 3181/3519/1 
f 3448/3810/1 3447/3809/1 3450/3813/1 3451/3814/1 
f 3451/3814/1 3185/3525/1 3183/3523/1 3448/3810/1 
f 3451/3814/1 3450/3813/1 3452/3815/1 3453/3816/1 
f 3453/3816/1 3454/3817/1 3185/3525/1 3451/3814/1 
f 3454/3817/1 3453/3816/1 3455/3818/1 3456/3819/1 
f 3456/3819/1 3457/3820/1 3188/3528/1 3454/3817/1 
f 3454/3817/1 3188/3528/1 3186/3526/1 3185/3525/1 
f 3457/3820/1 3456/3819/1 3458/3821/1 3459/3822/1 
f 3459/3822/1 3460/3823/1 3461/3824/1 3457/3820/1 
f 3457/3820/1 3461/3824/1 3189/3529/1 3188/3528/1 
f 3460/3823/1 3462/3825/1 3463/3826/1 3461/3824/1 
f 3461/3824/1 3463/3826/1 3190/3530/1 3189/3529/1 
f 3462/3825/1 3464/3827/1 3465/3828/1 3463/3826/1 
f 3463/3826/1 3465/3828/1 3192/3532/1 3190/3530/1 
f 3464/3827/1 3466/3829/1 3467/3830/1 3465/3828/1 
f 3465/3828/1 3467/3830/1 3194/3534/1 3192/3532/1 
f 3466/3829/1 3468/3831/1 3469/3832/1 3467/3830/1 
f 3467/3830/1 3469/3832/1 3196/3536/1 3194/3534/1 
f 3469/3832/1 3468/3831/1 3470/3833/1 3471/3834/1 
f 3471/3834/1 3472/3835/1 3196/3536/1 3469/3832/1 
f 3472/3835/1 3471/3834/1 3211/3559/1 3209/3557/1 
f 3209/3557/1 3205/3550/1 3199/3539/1 3472/3835/1 
f 3199/3539/1 3197/3537/1 3196/3536/1 3472/3835/1 
f 3471/3834/1 3470/3833/1 3213/3561/1 3211/3559/1 
f 3468/3831/1 3473/3836/1 3474/3837/1 3470/3833/1 
f 3470/3833/1 3474/3837/1 3475/3838/1 3213/3561/1 
f 3474/3837/1 3476/3839/1 3477/3840/1 3475/3838/1 
f 3475/3838/1 3477/3840/1 3478/3841/1 3216/3564/1 
f 3216/3564/1 3214/3562/1 3213/3561/1 3475/3838/1 
f 3477/3840/1 3479/3842/1 3480/3843/1 3478/3841/1 
f 3478/3841/1 3480/3843/1 3481/3844/1 3482/3845/1 
f 3482/3845/1 3217/3565/1 3216/3564/1 3478/3841/1 
f 3482/3845/1 3481/3844/1 3483/3846/1 3484/3847/1 
f 3484/3847/1 3218/3566/1 3217/3565/1 3482/3845/1 
f 3484/3847/1 3483/3846/1 3485/3848/1 3486/3849/1 
f 3486/3849/1 3220/3568/1 3218/3566/1 3484/3847/1 
f 3486/3849/1 3485/3848/1 3487/3850/1 3488/3851/1 
f 3488/3851/1 3222/3570/1 3220/3568/1 3486/3849/1 
f 3488/3851/1 3487/3850/1 3489/3852/1 3490/3853/1 
f 3490/3853/1 3491/3854/1 3222/3570/1 3488/3851/1 
f 3491/3854/1 3490/3853/1 3492/3855/1 3493/3856/1 
f 3493/3856/1 3494/3857/1 3225/3573/1 3491/3854/1 
f 3491/3854/1 3225/3573/1 3223/3571/1 3222/3570/1 
f 3494/3857/1 3493/3856/1 3495/3858/1 3496/3859/1 
f 3496/3859/1 3497/3860/1 3229/3577/1 3494/3857/1 
f 3494/3857/1 3229/3577/1 3226/3574/1 3225/3573/1 
f 3497/3860/1 3496/3859/1 3498/3861/1 3499/3862/1 
f 3499/3862/1 3237/3586/1 3235/3584/1 3497/3860/1 
f 3497/3860/1 3235/3584/1 3230/3578/1 3229/3577/1 
f 3499/3862/1 3498/3861/1 3500/3863/1 3501/3864/1 
f 3501/3864/1 3239/3588/1 3237/3586/1 3499/3862/1 
f 3501/3864/1 3500/3863/1 3502/3865/1 3503/3866/1 
f 3503/3866/1 3241/3590/1 3239/3588/1 3501/3864/1 
f 3503/3866/1 3502/3865/1 3249/3598/1 3247/3596/1 
f 3247/3596/1 3243/3592/1 3241/3590/1 3503/3866/1 
f 3500/3863/1 3504/3867/1 3505/3868/1 3502/3865/1 
f 3502/3865/1 3505/3868/1 3251/3600/1 3249/3598/1 
f 3504/3867/1 3506/3869/1 3507/3870/1 3505/3868/1 
f 3505/3868/1 3507/3870/1 3253/3602/1 3251/3600/1 
f 3506/3869/1 3508/3871/1 3509/3872/1 3507/3870/1 
f 3507/3870/1 3509/3872/1 3510/3873/1 3253/3602/1 
f 3509/3872/1 3511/3874/1 3512/3875/1 3510/3873/1 
f 3510/3873/1 3512/3875/1 3513/3876/1 3256/3605/1 
f 3256/3605/1 3254/3603/1 3253/3602/1 3510/3873/1 
f 3512/3875/1 3514/3877/1 3515/3878/1 3513/3876/1 
f 3515/3878/1 3516/3879/1 3259/3608/1 3513/3876/1 
f 3259/3608/1 3257/3606/1 3256/3605/1 3513/3876/1 
f 3516/3879/1 3515/3878/1 3517/3880/1 3518/3881/1 
f 3518/3881/1 3519/3882/1 3262/3611/1 3516/3879/1 
f 3516/3879/1 3262/3611/1 3260/3609/1 3259/3608/1 
f 3519/3882/1 3520/3883/1 3263/3612/1 3262/3611/1 
f 3520/3883/1 3521/3884/1 3264/3613/1 3263/3612/1 
f 3522/3885/1 3270/3621/1 3268/3620/1 3523/3886/1 
f 3523/3887/1 3268/3617/1 3266/3615/1 3524/3888/1 
f 3525/3889/1 3272/3623/1 3270/3621/1 3522/3885/1 
f 3526/3890/1 3274/3625/1 3272/3623/1 3525/3889/1 
f 3527/3891/1 3276/3627/1 3274/3625/1 3526/3890/1 
f 3528/3892/1 3278/3629/1 3276/3627/1 3527/3891/1 
f 3529/3893/1 3284/3635/1 3282/3633/1 3530/3894/1 
f 3282/3633/1 3280/3631/1 3531/3895/1 3530/3894/1 
f 3532/3896/1 3286/3637/1 3284/3635/1 3529/3893/1 
f 3533/3897/1 3288/3639/1 3286/3637/1 3532/3896/1 
f 3534/3898/1 3290/3641/1 3288/3639/1 3533/3897/1 
f 3534/3898/1 3535/3899/1 3292/3643/1 3290/3641/1 
f 3536/3900/1 3537/3901/1 3298/3649/1 3296/3647/1 
f 3296/3647/1 3294/3645/1 3538/3902/1 3536/3900/1 
f 3537/3901/1 3539/3903/1 3300/3651/1 3298/3649/1 
f 3539/3903/1 3540/3904/1 3302/3653/1 3300/3651/1 
f 3540/3904/1 3541/3905/1 3304/3655/1 3302/3653/1 
f 3541/3905/1 3542/3906/1 3306/3657/1 3304/3655/1 
f 3543/3907/1 3544/3908/1 3312/3663/1 3310/3661/1 
f 3310/3661/1 3308/3659/1 3545/3909/1 3543/3907/1 
f 3544/3908/1 3546/3910/1 3314/3665/1 3312/3663/1 
f 3546/3911/1 3547/3912/1 3316/3668/1 3314/3667/1 
f 3547/3912/1 3548/3913/1 3318/3914/1 3316/3668/1 
f 3548/3913/1 3549/3915/1 3320/3916/1 3318/3914/1 
f 3550/3917/1 3551/3918/1 3552/3919/1 3553/3920/1 
f 3553/3920/1 3554/3921/1 3555/3922/1 3550/3917/1 
f 3554/3921/1 3320/3916/1 3549/3915/1 3555/3922/1 
f 3554/3921/1 3553/3920/1 3556/3923/1 3323/3924/1 
f 3323/3678/1 3321/3676/1 3320/3675/1 3554/3925/1 
f 3553/3920/1 3552/3919/1 3557/3926/1 3556/3923/1 
f 3556/3927/1 3557/3928/1 3558/3929/1 3326/3681/1 
f 3326/3681/1 3324/3679/1 3323/3678/1 3556/3927/1 
f 3557/3928/1 3559/3930/1 3560/3931/1 3558/3929/1 
f 3558/3929/1 3560/3931/1 3561/3932/1 3329/3684/1 
f 3329/3684/1 3327/3682/1 3326/3681/1 3558/3929/1 
f 3560/3931/1 3562/3933/1 3563/3934/1 3561/3932/1 
f 3561/3932/1 3563/3934/1 3564/3935/1 3332/3687/1 
f 3332/3687/1 3330/3685/1 3329/3684/1 3561/3932/1 
f 3563/3934/1 3565/3936/1 3566/3937/1 3564/3935/1 
f 3564/3935/1 3566/3937/1 3567/3938/1 3335/3690/1 
f 3335/3690/1 3333/3688/1 3332/3687/1 3564/3935/1 
f 3566/3937/1 3568/3939/1 3569/3940/1 3567/3938/1 
f 3569/3940/1 3570/3941/1 3338/3693/1 3567/3938/1 
f 3567/3938/1 3338/3693/1 3336/3691/1 3335/3690/1 
f 3570/3941/1 3569/3940/1 3571/3942/1 3572/3943/1 
f 3572/3943/1 3343/3698/1 3341/3696/1 3570/3941/1 
f 3570/3941/1 3341/3696/1 3339/3694/1 3338/3693/1 
f 3571/3944/1 3573/3945/1 3574/3946/1 3572/3947/1 
f 3574/3946/1 3345/3701/1 3343/3700/1 3572/3947/1 
f 3574/3946/1 3573/3945/1 3575/3948/1 3576/3949/1 
f 3576/3949/1 3347/3704/1 3345/3701/1 3574/3946/1 
f 3576/3949/1 3575/3948/1 3577/3950/1 3578/3951/1 
f 3578/3951/1 3349/3706/1 3347/3704/1 3576/3949/1 
f 3578/3951/1 3577/3950/1 3579/3952/1 3580/3953/1 
f 3580/3953/1 3351/3708/1 3349/3706/1 3578/3951/1 
f 3580/3953/1 3579/3952/1 3581/3954/1 3582/3955/1 
f 3582/3955/1 3583/3956/1 3351/3708/1 3580/3953/1 
f 3583/3956/1 3582/3955/1 3584/3957/1 3585/3958/1 
f 3585/3958/1 3586/3959/1 3354/3711/1 3583/3956/1 
f 3583/3956/1 3354/3711/1 3352/3709/1 3351/3708/1 
f 3586/3959/1 3585/3958/1 3587/3960/1 3588/3961/1 
f 3588/3961/1 3589/3962/1 3357/3714/1 3586/3959/1 
f 3357/3714/1 3355/3712/1 3354/3711/1 3586/3959/1 
f 3589/3962/1 3588/3961/1 3590/3963/1 3591/3964/1 
f 3589/3962/1 3591/3964/1 3592/3965/1 3593/3966/1 
f 3589/3962/1 3593/3966/1 3358/3715/1 3357/3714/1 
f 3592/3965/1 3594/3967/1 3595/3968/1 3593/3966/1 
f 3593/3966/1 3595/3968/1 3359/3716/1 3358/3715/1 
f 3594/3967/1 3596/3969/1 3597/3970/1 3595/3968/1 
f 3595/3968/1 3597/3970/1 3361/3718/1 3359/3716/1 
f 3597/3970/1 3596/3969/1 3598/3971/1 3599/3972/1 
f 3597/3970/1 3599/3972/1 3363/3720/1 3361/3718/1 
f 3600/3973/1 3601/3974/1 3599/3972/1 3598/3971/1 
f 3365/3722/1 3363/3720/1 3599/3972/1 3601/3974/1 
f 3601/3975/1 3600/3976/1 3602/3977/1 3603/3978/1 
f 3603/3978/1 3367/3725/1 3365/3724/1 3601/3975/1 
f 3602/3977/1 3604/3979/1 3605/3980/1 3603/3978/1 
f 3603/3978/1 3605/3980/1 3369/3728/1 3367/3725/1 
f 3604/3979/1 3378/3737/1 3376/3735/1 3605/3980/1 
f 3605/3980/1 3376/3735/1 3371/3730/1 3369/3728/1 
f 3604/3979/1 3602/3977/1 3606/3981/1 3607/3982/1 
f 3607/3982/1 3380/3739/1 3378/3737/1 3604/3979/1 
f 3607/3982/1 3606/3981/1 3608/3983/1 3385/3744/1 
f 3385/3744/1 3382/3741/1 3380/3739/1 3607/3982/1 
f 3609/3984/1 3608/3983/1 3606/3981/1 3610/3985/1 
f 3611/3986/1 3612/3987/1 3608/3983/1 3609/3984/1 
f 3612/3987/1 3386/3745/1 3385/3744/1 3608/3983/1 
f 3612/3987/1 3611/3986/1 3613/3988/1 3614/3989/1 
f 3614/3989/1 3387/3746/1 3386/3745/1 3612/3987/1 
f 3614/3989/1 3613/3988/1 3615/3990/1 3392/3751/1 
f 3392/3751/1 3389/3748/1 3387/3746/1 3614/3989/1 
f 3613/3988/1 3616/3991/1 3617/3992/1 3615/3990/1 
f 3615/3990/1 3617/3992/1 3618/3993/1 3395/3754/1 
f 3395/3754/1 3393/3752/1 3392/3751/1 3615/3990/1 
f 3617/3992/1 3619/3994/1 3620/3995/1 3618/3993/1 
f 3618/3993/1 3620/3995/1 3621/3996/1 3398/3757/1 
f 3398/3757/1 3396/3755/1 3395/3754/1 3618/3993/1 
f 3620/3997/1 3622/3998/1 3623/3999/1 3621/4000/1 
f 3621/4000/1 3623/3999/1 3624/4001/1 3625/4002/1 
f 3625/4003/1 3399/3758/1 3398/3757/1 3621/3996/1 
f 3625/4003/1 3624/4004/1 3626/4005/1 3627/4006/1 
f 3627/4006/1 3400/3759/1 3399/3758/1 3625/4003/1 
f 3627/4006/1 3626/4005/1 246/308/1 245/307/1 
f 245/307/1 247/309/1 3400/3759/1 3627/4006/1 
f 3626/4007/1 3624/4001/1 3628/4008/1 3629/4009/1 
f 3629/4009/1 3630/4010/1 246/4011/1 3626/4007/1 
f 3630/4010/1 3629/4009/1 3631/4012/1 3632/4013/1 
f 3632/4013/1 3633/4014/1 3634/4015/1 3630/4010/1 
f 3630/4010/1 3634/4015/1 237/4016/1 246/4011/1 
f 3633/4014/1 3635/4017/1 3636/4018/1 3634/4015/1 
f 3634/4015/1 3636/4018/1 238/4019/1 237/4016/1 
f 3635/4017/1 3637/4020/1 3638/4021/1 3636/4018/1 
f 3636/4018/1 3638/4021/1 3639/4022/1 238/4019/1 
f 3639/4022/1 3638/4021/1 208/262/1 223/281/1 
f 224/284/1 3640/4023/1 3639/4022/1 223/281/1 
f 3639/4022/1 3640/4023/1 239/4024/1 238/4019/1 
f 3641/4025/1 3642/4026/1 3640/4023/1 224/284/1 
f 3640/4027/1 3642/4028/1 241/303/1 239/301/1 
f 3643/4029/1 3644/4030/1 3642/4028/1 3641/4031/1 
f 3645/4032/1 241/303/1 3642/4028/1 3644/4030/1 
f 3646/4033/1 3647/4034/1 3645/4032/1 3644/4030/1 
f 3645/4032/1 3647/4034/1 3648/4035/1 3649/4036/1 
f 3649/4036/1 242/304/1 241/303/1 3645/4032/1 
f 3649/4036/1 3648/4035/1 3407/3766/1 3405/3764/1 
f 3405/3764/1 243/305/1 242/304/1 3649/4036/1 
f 3647/4034/1 3650/4037/1 3651/4038/1 3648/4035/1 
f 3648/4035/1 3651/4038/1 3409/3768/1 3407/3766/1 
f 3650/4037/1 3652/4039/1 3653/4040/1 3651/4038/1 
f 3651/4038/1 3653/4040/1 3411/3770/1 3409/3768/1 
f 3652/4039/1 3654/4041/1 3655/4042/1 3653/4040/1 
f 3653/4040/1 3655/4042/1 3413/3772/1 3411/3770/1 
f 3654/4041/1 3656/4043/1 3657/4044/1 3655/4042/1 
f 3655/4042/1 3657/4044/1 3415/3774/1 3413/3772/1 
f 3656/4043/1 3658/4045/1 3659/4046/1 3657/4044/1 
f 3657/4044/1 3659/4046/1 3417/3776/1 3415/3774/1 
f 3658/4045/1 3660/4047/1 3661/4048/1 3659/4046/1 
f 3661/4048/1 3419/3778/1 3417/3776/1 3659/4046/1 
f 3660/4047/1 3662/4049/1 3663/4050/1 3661/4048/1 
f 3663/4050/1 3421/3780/1 3419/3778/1 3661/4048/1 
f 3662/4049/1 3664/4051/1 3427/3786/1 3663/4050/1 
f 3427/3786/1 3425/3784/1 3421/3780/1 3663/4050/1 
f 3664/4051/1 3662/4049/1 3665/4052/1 3666/4053/1 
f 3666/4053/1 3667/4054/1 3430/3789/1 3664/4051/1 
f 3664/4051/1 3430/3789/1 3428/3787/1 3427/3786/1 
f 3666/4053/1 3668/4055/1 3669/4056/1 3667/4054/1 
f 3670/4057/1 3433/3792/1 3667/4054/1 3669/4056/1 
f 3667/4054/1 3433/3792/1 3431/3790/1 3430/3789/1 
f 3671/4058/1 3672/4059/1 3670/4060/1 3669/4061/1 
f 3673/4062/1 3674/4063/1 3670/4060/1 3672/4059/1 
f 3434/3793/1 3433/3792/1 3670/4057/1 3674/4064/1 
f 3675/4065/1 3676/4066/1 3674/4063/1 3673/4062/1 
f 3435/3794/1 3434/3793/1 3674/4064/1 3676/4067/1 
f 3677/4068/1 3440/4069/1 3676/4066/1 3675/4065/1 
f 3437/3796/1 3435/3794/1 3676/4067/1 3440/3799/1 
f 3677/4068/1 3675/4065/1 3678/4070/1 3679/4071/1 
f 3443/3802/1 3677/4068/1 3679/4071/1 3680/4072/1 
f 3441/3805/1 3440/4069/1 3677/4068/1 3443/3802/1 
f 3680/4072/1 3679/4071/1 3681/4073/1 3682/4074/1 
f 3682/4074/1 3683/4075/1 3446/3808/1 3680/4072/1 
f 3443/3802/1 3680/4072/1 3446/3808/1 3444/3803/1 
f 3683/4075/1 3682/4074/1 3684/4076/1 3685/4077/1 
f 3685/4077/1 3452/3815/1 3450/3813/1 3683/4075/1 
f 3683/4075/1 3450/3813/1 3447/3809/1 3446/3808/1 
f 3685/4077/1 3684/4076/1 3686/4078/1 3687/4079/1 
f 3687/4079/1 3688/4080/1 3452/3815/1 3685/4077/1 
f 3688/4080/1 3687/4079/1 3689/4081/1 3690/4082/1 
f 3690/4082/1 3691/4083/1 3455/3818/1 3688/4080/1 
f 3688/4080/1 3455/3818/1 3453/3816/1 3452/3815/1 
f 3691/4083/1 3690/4082/1 3692/4084/1 3693/4085/1 
f 3693/4085/1 3694/4086/1 3458/3821/1 3691/4083/1 
f 3691/4083/1 3458/3821/1 3456/3819/1 3455/3818/1 
f 3693/4085/1 3695/4087/1 3696/4088/1 3694/4086/1 
f 3694/4086/1 3696/4088/1 3697/4089/1 3698/4090/1 
f 3698/4090/1 3459/3822/1 3458/3821/1 3694/4086/1 
f 3698/4090/1 3697/4089/1 3699/4091/1 3700/4092/1 
f 3700/4092/1 3460/3823/1 3459/3822/1 3698/4090/1 
f 3700/4092/1 3699/4091/1 3701/4093/1 3702/4094/1 
f 3702/4094/1 3462/3825/1 3460/3823/1 3700/4092/1 
f 3702/4094/1 3701/4093/1 3703/4095/1 3704/4096/1 
f 3704/4096/1 3464/3827/1 3462/3825/1 3702/4094/1 
f 3703/4095/1 3705/4097/1 3706/4098/1 3704/4096/1 
f 3706/4098/1 3466/3829/1 3464/3827/1 3704/4096/1 
f 3706/4098/1 3705/4097/1 3707/4099/1 3473/3836/1 
f 3473/3836/1 3468/3831/1 3466/3829/1 3706/4098/1 
f 3705/4097/1 3708/4100/1 3709/4101/1 3707/4099/1 
f 3707/4099/1 3709/4101/1 3710/4102/1 3476/3839/1 
f 3476/3839/1 3474/3837/1 3473/3836/1 3707/4099/1 
f 3709/4101/1 3711/4103/1 3712/4104/1 3710/4102/1 
f 3710/4102/1 3712/4104/1 3713/4105/1 3479/3842/1 
f 3479/3842/1 3477/3840/1 3476/3839/1 3710/4102/1 
f 3712/4104/1 3714/4106/1 3715/4107/1 3713/4105/1 
f 3713/4105/1 3715/4107/1 3716/4108/1 3717/4109/1 
f 3717/4109/1 3480/3843/1 3479/3842/1 3713/4105/1 
f 3717/4109/1 3716/4108/1 3718/4110/1 3719/4111/1 
f 3719/4111/1 3481/3844/1 3480/3843/1 3717/4109/1 
f 3719/4111/1 3718/4110/1 3720/4112/1 3721/4113/1 
f 3721/4113/1 3483/3846/1 3481/3844/1 3719/4111/1 
f 3721/4113/1 3720/4112/1 3722/4114/1 3723/4115/1 
f 3723/4115/1 3485/3848/1 3483/3846/1 3721/4113/1 
f 3723/4115/1 3722/4114/1 3724/4116/1 3725/4117/1 
f 3725/4117/1 3487/3850/1 3485/3848/1 3723/4115/1 
f 3725/4117/1 3724/4116/1 3726/4118/1 3727/4119/1 
f 3727/4119/1 3489/3852/1 3487/3850/1 3725/4117/1 
f 3727/4119/1 3726/4118/1 3728/4120/1 3729/4121/1 
f 3729/4121/1 3730/4122/1 3489/3852/1 3727/4119/1 
f 3730/4122/1 3729/4121/1 3731/4123/1 3732/4124/1 
f 3732/4124/1 3733/4125/1 3492/3855/1 3730/4122/1 
f 3730/4122/1 3492/3855/1 3490/3853/1 3489/3852/1 
f 3733/4125/1 3732/4124/1 3734/4126/1 3735/4127/1 
f 3735/4127/1 3736/4128/1 3495/3858/1 3733/4125/1 
f 3733/4125/1 3495/3858/1 3493/3856/1 3492/3855/1 
f 3736/4128/1 3735/4127/1 3506/3869/1 3504/3867/1 
f 3504/3867/1 3500/3863/1 3498/3861/1 3736/4128/1 
f 3736/4128/1 3498/3861/1 3496/3859/1 3495/3858/1 
f 3735/4127/1 3734/4126/1 3508/3871/1 3506/3869/1 
f 3732/4124/1 3731/4123/1 3737/4129/1 3734/4126/1 
f 3734/4126/1 3737/4129/1 3738/4130/1 3508/3871/1 
f 3737/4129/1 3739/4131/1 3740/4132/1 3738/4130/1 
f 3738/4130/1 3740/4132/1 3741/4133/1 3511/3874/1 
f 3511/3874/1 3509/3872/1 3508/3871/1 3738/4130/1 
f 3740/4132/1 3742/4134/1 3743/4135/1 3741/4133/1 
f 3743/4135/1 3744/4136/1 3514/3877/1 3741/4133/1 
f 3514/3877/1 3512/3875/1 3511/3874/1 3741/4133/1 
f 3517/3880/1 3515/3878/1 3514/3877/1 3744/4136/1 
f 3745/4137/1 3746/4138/1 3747/4139/1 3748/4140/1 
f 3748/4140/1 3749/4141/1 3750/4142/1 3745/4137/1 
f 3749/4143/1 3552/3919/1 3551/3918/1 3750/4144/1 
f 3749/4141/1 3748/4140/1 3751/4145/1 3559/3930/1 
f 3559/3930/1 3557/3928/1 3552/4146/1 3749/4141/1 
f 3748/4140/1 3747/4139/1 3752/4147/1 3751/4145/1 
f 3751/4145/1 3752/4147/1 3753/4148/1 3562/3933/1 
f 3562/3933/1 3560/3931/1 3559/3930/1 3751/4145/1 
f 3752/4147/1 3754/4149/1 3755/4150/1 3753/4148/1 
f 3753/4148/1 3755/4150/1 3756/4151/1 3565/3936/1 
f 3565/3936/1 3563/3934/1 3562/3933/1 3753/4148/1 
f 3755/4150/1 3757/4152/1 3758/4153/1 3756/4151/1 
f 3758/4153/1 3759/4154/1 3568/3939/1 3756/4151/1 
f 3568/3939/1 3566/3937/1 3565/3936/1 3756/4151/1 
f 3759/4155/1 3758/4156/1 3760/4157/1 3761/4158/1 
f 3761/4158/1 3573/3945/1 3571/3944/1 3759/4155/1 
f 3571/3942/1 3569/3940/1 3568/3939/1 3759/4154/1 
f 3761/4158/1 3760/4157/1 3762/4159/1 3763/4160/1 
f 3763/4160/1 3575/3948/1 3573/3945/1 3761/4158/1 
f 3763/4160/1 3762/4159/1 3764/4161/1 3765/4162/1 
f 3765/4162/1 3577/3950/1 3575/3948/1 3763/4160/1 
f 3765/4162/1 3764/4161/1 3766/4163/1 3767/4164/1 
f 3767/4164/1 3579/3952/1 3577/3950/1 3765/4162/1 
f 3767/4164/1 3766/4163/1 3768/4165/1 3769/4166/1 
f 3769/4166/1 3581/3954/1 3579/3952/1 3767/4164/1 
f 3769/4166/1 3768/4165/1 3770/4167/1 3771/4168/1 
f 3771/4168/1 3772/4169/1 3581/3954/1 3769/4166/1 
f 3772/4169/1 3771/4168/1 3773/4170/1 3774/4171/1 
f 3774/4171/1 3775/4172/1 3584/3957/1 3772/4169/1 
f 3772/4169/1 3584/3957/1 3582/3955/1 3581/3954/1 
f 3775/4172/1 3774/4171/1 3776/4173/1 3777/4174/1 
f 3777/4174/1 3778/4175/1 3587/3960/1 3775/4172/1 
f 3775/4172/1 3587/3960/1 3585/3958/1 3584/3957/1 
f 3778/4175/1 3777/4174/1 3779/4176/1 3780/4177/1 
f 3780/4177/1 3781/4178/1 3590/3963/1 3778/4175/1 
f 3778/4175/1 3590/3963/1 3588/3961/1 3587/3960/1 
f 3781/4178/1 3780/4177/1 3782/4179/1 3783/4180/1 
f 3783/4180/1 3784/4181/1 3785/4182/1 3781/4178/1 
f 3781/4178/1 3785/4182/1 3591/3964/1 3590/3963/1 
f 3784/4181/1 3786/4183/1 3787/4184/1 3785/4182/1 
f 3785/4182/1 3787/4184/1 3592/3965/1 3591/3964/1 
f 3786/4183/1 3788/4185/1 3789/4186/1 3787/4184/1 
f 3787/4184/1 3789/4186/1 3594/3967/1 3592/3965/1 
f 3788/4185/1 3790/4187/1 3791/4188/1 3789/4186/1 
f 3789/4186/1 3791/4188/1 3596/3969/1 3594/3967/1 
f 3792/4189/1 3793/4190/1 3791/4188/1 3790/4187/1 
f 3598/3971/1 3596/3969/1 3791/4188/1 3793/4190/1 
f 3609/3984/1 3610/3985/1 3793/4191/1 3792/4192/1 
f 3600/3973/1 3598/3971/1 3793/4190/1 3610/4193/1 
f 3794/4194/1 3795/4195/1 3792/4189/1 3790/4187/1 
f 3611/3986/1 3609/3984/1 3792/4192/1 3795/4196/1 
f 3794/4194/1 3796/4197/1 3616/4198/1 3795/4195/1 
f 3616/3991/1 3613/3988/1 3611/3986/1 3795/4196/1 
f 3794/4194/1 3797/4199/1 3798/4200/1 3796/4197/1 
f 3796/4197/1 3798/4200/1 3799/4201/1 3619/4202/1 
f 3619/3994/1 3617/3992/1 3616/3991/1 3796/4203/1 
f 3798/4200/1 3800/4204/1 3801/4205/1 3799/4201/1 
f 3799/4201/1 3801/4205/1 3802/4206/1 3622/3998/1 
f 3622/3998/1 3620/3997/1 3619/4202/1 3799/4201/1 
f 3801/4205/1 3803/4207/1 3804/4208/1 3802/4206/1 
f 3802/4206/1 3804/4208/1 3805/4209/1 3806/4210/1 
f 3806/4210/1 3623/3999/1 3622/3998/1 3802/4206/1 
f 3805/4209/1 3807/4211/1 3628/4008/1 3806/4210/1 
f 3628/4008/1 3624/4001/1 3623/3999/1 3806/4210/1 
f 3807/4211/1 3805/4209/1 3808/4212/1 3809/4213/1 
f 3809/4213/1 3810/4214/1 3631/4012/1 3807/4211/1 
f 3807/4211/1 3631/4012/1 3629/4009/1 3628/4008/1 
f 3810/4214/1 3809/4213/1 3811/4215/1 3812/4216/1 
f 3812/4216/1 3813/4217/1 3814/4218/1 3810/4214/1 
f 3810/4214/1 3814/4218/1 3632/4013/1 3631/4012/1 
f 3813/4217/1 3815/4219/1 3816/4220/1 3814/4218/1 
f 3814/4218/1 3816/4220/1 3633/4014/1 3632/4013/1 
f 3815/4219/1 3817/4221/1 3818/4222/1 3816/4220/1 
f 3816/4220/1 3818/4222/1 3635/4017/1 3633/4014/1 
f 3817/4221/1 3819/4223/1 3820/4224/1 3818/4222/1 
f 3818/4222/1 3820/4224/1 3637/4020/1 3635/4017/1 
f 3819/4223/1 3821/4225/1 3822/4226/1 3820/4224/1 
f 3820/4224/1 3822/4226/1 209/263/1 3637/4020/1 
f 3821/4225/1 3823/4227/1 3824/4228/1 3822/4226/1 
f 3822/4226/1 3824/4228/1 207/261/1 209/263/1 
f 3823/4227/1 3825/4229/1 3826/4230/1 3824/4228/1 
f 191/239/1 207/261/1 3824/4228/1 3826/4230/1 
f 3825/4231/1 3827/4232/1 3828/4233/1 3826/4234/1 
f 191/4235/1 3826/4234/1 3828/4233/1 189/237/1 
f 3827/4232/1 3829/4236/1 3830/4237/1 3828/4233/1 
f 3828/4233/1 3830/4237/1 190/238/1 189/237/1 
f 3829/4236/1 3831/4238/1 3832/4239/1 3830/4237/1 
f 3830/4237/1 3832/4239/1 3833/4240/1 190/238/1 
f 3832/4239/1 3834/4241/1 3835/4242/1 3833/4240/1 
f 3833/4240/1 3835/4242/1 3836/4243/1 3837/4244/1 
f 3837/4244/1 188/236/1 190/238/1 3833/4240/1 
f 3837/4244/1 3836/4243/1 3838/4245/1 3839/4246/1 
f 185/233/1 188/236/1 3837/4244/1 3839/4246/1 
f 3839/4247/1 3838/4248/1 3840/4249/1 3841/4250/1 
f 3842/4251/1 185/4252/1 3839/4247/1 3841/4250/1 
f 3843/4253/1 186/250/1 185/4252/1 3842/4251/1 
f 3842/4251/1 3841/4250/1 3654/4041/1 3652/4039/1 
f 3652/4039/1 3650/4037/1 3843/4253/1 3842/4251/1 
f 196/248/1 186/250/1 3843/4253/1 3646/4033/1 
f 3650/4037/1 3647/4034/1 3646/4033/1 3843/4253/1 
f 3841/4250/1 3840/4249/1 3656/4043/1 3654/4041/1 
f 3838/4248/1 3844/4254/1 3845/4255/1 3840/4249/1 
f 3840/4249/1 3845/4255/1 3658/4045/1 3656/4043/1 
f 3844/4254/1 3846/4256/1 3847/4257/1 3845/4255/1 
f 3845/4255/1 3847/4257/1 3660/4047/1 3658/4045/1 
f 3846/4256/1 3848/4258/1 3665/4052/1 3847/4257/1 
f 3847/4257/1 3665/4052/1 3662/4049/1 3660/4047/1 
f 3846/4259/1 3849/4260/1 3850/4261/1 3848/4262/1 
f 3848/4262/1 3850/4261/1 3851/4263/1 3668/4264/1 
f 3848/4258/1 3668/4055/1 3666/4053/1 3665/4052/1 
f 3850/4261/1 3852/4265/1 3853/4266/1 3851/4263/1 
f 3851/4263/1 3853/4266/1 3854/4267/1 3671/4058/1 
f 3671/4058/1 3669/4061/1 3668/4264/1 3851/4263/1 
f 3853/4266/1 3855/4268/1 3856/4269/1 3854/4267/1 
f 3854/4267/1 3856/4269/1 3857/4270/1 3858/4271/1 
f 3858/4271/1 3672/4059/1 3671/4058/1 3854/4267/1 
f 3857/4270/1 3859/4272/1 3860/4273/1 3858/4271/1 
f 3860/4273/1 3673/4062/1 3672/4059/1 3858/4271/1 
f 3859/4272/1 3861/4274/1 3678/4070/1 3860/4273/1 
f 3860/4273/1 3678/4070/1 3675/4065/1 3673/4062/1 
f 3861/4274/1 3859/4272/1 3862/4275/1 3863/4276/1 
f 3863/4276/1 3864/4277/1 3681/4073/1 3861/4274/1 
f 3861/4274/1 3681/4073/1 3679/4071/1 3678/4070/1 
f 3864/4277/1 3863/4276/1 3865/4278/1 3866/4279/1 
f 3866/4279/1 3686/4078/1 3684/4076/1 3864/4277/1 
f 3864/4277/1 3684/4076/1 3682/4074/1 3681/4073/1 
f 3866/4279/1 3865/4278/1 3867/4280/1 3868/4281/1 
f 3868/4281/1 3869/4282/1 3686/4078/1 3866/4279/1 
f 3869/4282/1 3868/4281/1 3870/4283/1 3871/4284/1 
f 3871/4284/1 3872/4285/1 3689/4081/1 3869/4282/1 
f 3869/4282/1 3689/4081/1 3687/4079/1 3686/4078/1 
f 3871/4284/1 3873/4286/1 3874/4287/1 3872/4285/1 
f 3874/4287/1 3875/4288/1 3692/4084/1 3872/4285/1 
f 3872/4285/1 3692/4084/1 3690/4082/1 3689/4081/1 
f 3874/4287/1 3876/4289/1 3877/4290/1 3875/4288/1 
f 3877/4290/1 3878/4291/1 3695/4087/1 3875/4288/1 
f 3875/4288/1 3695/4087/1 3693/4085/1 3692/4084/1 
f 3878/4291/1 3877/4290/1 3879/4292/1 3880/4293/1 
f 3880/4293/1 3881/4294/1 3882/4295/1 3878/4291/1 
f 3878/4291/1 3882/4295/1 3696/4088/1 3695/4087/1 
f 3881/4294/1 3883/4296/1 3884/4297/1 3882/4295/1 
f 3882/4295/1 3884/4297/1 3697/4089/1 3696/4088/1 
f 3883/4296/1 3885/4298/1 3886/4299/1 3884/4297/1 
f 3886/4299/1 3699/4091/1 3697/4089/1 3884/4297/1 
f 3886/4299/1 3885/4298/1 3887/4300/1 3888/4301/1 
f 3888/4301/1 3701/4093/1 3699/4091/1 3886/4299/1 
f 3888/4301/1 3887/4300/1 3889/4302/1 3890/4303/1 
f 3890/4303/1 3703/4095/1 3701/4093/1 3888/4301/1 
f 3890/4303/1 3889/4302/1 3891/4304/1 3708/4100/1 
f 3708/4100/1 3705/4097/1 3703/4095/1 3890/4303/1 
f 3889/4302/1 3892/4305/1 3893/4306/1 3891/4304/1 
f 3891/4304/1 3893/4306/1 3894/4307/1 3711/4103/1 
f 3711/4103/1 3709/4101/1 3708/4100/1 3891/4304/1 
f 3893/4306/1 3895/4308/1 3896/4309/1 3894/4307/1 
f 3894/4307/1 3896/4309/1 3897/4310/1 3714/4106/1 
f 3714/4106/1 3712/4104/1 3711/4103/1 3894/4307/1 
f 3898/4311/1 3715/4107/1 3714/4106/1 3897/4310/1 
f 3899/4312/1 3716/4108/1 3715/4107/1 3898/4311/1 
f 3900/4313/1 3722/4114/1 3720/4112/1 3901/4314/1 
f 3720/4112/1 3718/4110/1 3902/4315/1 3901/4314/1 
f 3903/4316/1 3724/4116/1 3722/4114/1 3900/4313/1 
f 3904/4317/1 3726/4118/1 3724/4116/1 3903/4316/1 
f 3905/4318/1 3728/4120/1 3726/4118/1 3904/4317/1 
f 3906/4319/1 3907/4320/1 3728/4120/1 3905/4318/1 
f 3742/4134/1 3740/4132/1 3739/4131/1 3908/4321/1 
f 3908/4321/1 3739/4131/1 3907/4320/1 3906/4319/1 
f 3739/4131/1 3737/4129/1 3731/4123/1 3907/4320/1 
f 3907/4320/1 3731/4123/1 3729/4121/1 3728/4120/1 
f 3909/4322/1 3910/4323/1 3911/4324/1 3912/4325/1 
f 306/387/1 305/386/1 3911/4324/1 3910/4323/1 
f 3909/4322/1 3913/4326/1 3914/4327/1 3910/4323/1 
f 307/388/1 306/387/1 3910/4323/1 3914/4327/1 
f 3913/4326/1 3915/4328/1 3916/4329/1 3914/4327/1 
f 3914/4327/1 3916/4329/1 309/390/1 307/388/1 
f 3915/4328/1 3917/4330/1 3918/4331/1 3916/4329/1 
f 3916/4329/1 3918/4331/1 3919/4332/1 309/390/1 
f 3920/4333/1 310/391/1 309/390/1 3919/4332/1 
f 3918/4331/1 3921/4334/1 3922/4335/1 3919/4332/1 
f 3919/4332/1 3922/4335/1 3923/4336/1 3920/4333/1 
f 3924/4337/1 3925/4338/1 3920/4333/1 3923/4336/1 
f 3922/4335/1 3768/4165/1 3766/4163/1 3923/4336/1 
f 3923/4336/1 3766/4163/1 3764/4161/1 3924/4337/1 
f 347/433/1 342/428/1 311/392/1 3925/4338/1 
f 3925/4338/1 311/392/1 310/391/1 3920/4333/1 
f 3925/4338/1 3924/4337/1 3926/4339/1 347/433/1 
f 3927/4340/1 348/434/1 347/433/1 3926/4339/1 
f 3924/4337/1 3764/4161/1 3762/4159/1 3926/4339/1 
f 3926/4339/1 3762/4159/1 3760/4157/1 3927/4340/1 
f 3757/4341/1 352/439/1 348/434/1 3927/4340/1 
f 3927/4340/1 3760/4157/1 3758/4156/1 3757/4341/1 
f 3921/4334/1 3770/4167/1 3768/4165/1 3922/4335/1 
f 3921/4334/1 3918/4331/1 3917/4330/1 3928/4342/1 
f 3928/4342/1 3929/4343/1 3770/4167/1 3921/4334/1 
f 3929/4343/1 3928/4342/1 3930/4344/1 3931/4345/1 
f 3931/4345/1 3932/4346/1 3773/4170/1 3929/4343/1 
f 3929/4343/1 3773/4170/1 3771/4168/1 3770/4167/1 
f 3932/4346/1 3931/4345/1 3933/4347/1 3934/4348/1 
f 3934/4348/1 3935/4349/1 3776/4173/1 3932/4346/1 
f 3932/4346/1 3776/4173/1 3774/4171/1 3773/4170/1 
f 3935/4349/1 3934/4348/1 3936/4350/1 3937/4351/1 
f 3937/4351/1 3938/4352/1 3779/4176/1 3935/4349/1 
f 3935/4349/1 3779/4176/1 3777/4174/1 3776/4173/1 
f 3938/4352/1 3937/4351/1 3939/4353/1 3940/4354/1 
f 3940/4354/1 3941/4355/1 3782/4179/1 3938/4352/1 
f 3938/4352/1 3782/4179/1 3780/4177/1 3779/4176/1 
f 3941/4355/1 3940/4354/1 3942/4356/1 3943/4357/1 
f 3943/4357/1 3944/4358/1 3945/4359/1 3941/4355/1 
f 3941/4355/1 3945/4359/1 3783/4180/1 3782/4179/1 
f 3944/4358/1 3946/4360/1 3947/4361/1 3945/4359/1 
f 3945/4359/1 3947/4361/1 3784/4181/1 3783/4180/1 
f 3946/4360/1 3800/4204/1 3948/4362/1 3947/4361/1 
f 3947/4361/1 3948/4362/1 3786/4183/1 3784/4181/1 
f 3800/4204/1 3798/4200/1 3797/4199/1 3948/4362/1 
f 3948/4362/1 3797/4199/1 3788/4185/1 3786/4183/1 
f 3946/4360/1 3944/4358/1 3949/4363/1 3803/4207/1 
f 3803/4207/1 3801/4205/1 3800/4204/1 3946/4360/1 
f 3944/4358/1 3943/4357/1 3950/4364/1 3949/4363/1 
f 3949/4363/1 3950/4364/1 3951/4365/1 3952/4366/1 
f 3952/4366/1 3804/4208/1 3803/4207/1 3949/4363/1 
f 3951/4365/1 3953/4367/1 3808/4212/1 3952/4366/1 
f 3808/4212/1 3805/4209/1 3804/4208/1 3952/4366/1 
f 3953/4367/1 3951/4365/1 3954/4368/1 3955/4369/1 
f 3955/4369/1 3956/4370/1 3811/4215/1 3953/4367/1 
f 3953/4367/1 3811/4215/1 3809/4213/1 3808/4212/1 
f 3956/4370/1 3955/4369/1 3957/4371/1 3958/4372/1 
f 3958/4372/1 3959/4373/1 3960/4374/1 3956/4370/1 
f 3956/4370/1 3960/4374/1 3812/4216/1 3811/4215/1 
f 3959/4373/1 3961/4375/1 3962/4376/1 3960/4374/1 
f 3960/4374/1 3962/4376/1 3813/4217/1 3812/4216/1 
f 3961/4375/1 3963/4377/1 3964/4378/1 3962/4376/1 
f 3962/4376/1 3964/4378/1 3815/4219/1 3813/4217/1 
f 3963/4377/1 3965/4379/1 3966/4380/1 3964/4378/1 
f 3966/4380/1 3817/4221/1 3815/4219/1 3964/4378/1 
f 3965/4379/1 3967/4381/1 3968/4382/1 3966/4380/1 
f 3968/4382/1 3819/4223/1 3817/4221/1 3966/4380/1 
f 3967/4381/1 3969/4383/1 3970/4384/1 3968/4382/1 
f 3970/4384/1 3821/4225/1 3819/4223/1 3968/4382/1 
f 3969/4383/1 3971/4385/1 3972/4386/1 3970/4384/1 
f 3972/4386/1 3823/4227/1 3821/4225/1 3970/4384/1 
f 3971/4385/1 3973/4387/1 3974/4388/1 3972/4386/1 
f 3972/4386/1 3974/4388/1 3825/4229/1 3823/4227/1 
f 3973/4389/1 3975/4390/1 3976/4391/1 3974/4392/1 
f 3974/4392/1 3976/4391/1 3827/4232/1 3825/4231/1 
f 3975/4390/1 3977/4393/1 3978/4394/1 3976/4391/1 
f 3976/4391/1 3978/4394/1 3829/4236/1 3827/4232/1 
f 3977/4393/1 3979/4395/1 3980/4396/1 3978/4394/1 
f 3978/4394/1 3980/4396/1 3831/4238/1 3829/4236/1 
f 3979/4395/1 3981/4397/1 3982/4398/1 3980/4396/1 
f 3980/4396/1 3982/4398/1 3983/4399/1 3831/4238/1 
f 3982/4398/1 3984/4400/1 3985/4401/1 3983/4399/1 
f 3983/4399/1 3985/4401/1 3986/4402/1 3834/4241/1 
f 3834/4241/1 3832/4239/1 3831/4238/1 3983/4399/1 
f 3985/4401/1 3987/4403/1 3988/4404/1 3986/4402/1 
f 3988/4404/1 3989/4405/1 3990/4406/1 3986/4402/1 
f 3990/4406/1 3835/4242/1 3834/4241/1 3986/4402/1 
f 3989/4405/1 3849/4260/1 3991/4407/1 3990/4406/1 
f 3991/4407/1 3836/4243/1 3835/4242/1 3990/4406/1 
f 3849/4260/1 3846/4259/1 3844/4408/1 3991/4407/1 
f 3844/4408/1 3838/4245/1 3836/4243/1 3991/4407/1 
f 3988/4404/1 3992/4409/1 3852/4265/1 3989/4405/1 
f 3852/4265/1 3850/4261/1 3849/4260/1 3989/4405/1 
f 3992/4409/1 3988/4404/1 3987/4403/1 3993/4410/1 
f 3993/4410/1 3994/4411/1 3855/4268/1 3992/4409/1 
f 3855/4268/1 3853/4266/1 3852/4265/1 3992/4409/1 
f 3994/4411/1 3993/4410/1 3995/4412/1 3996/4413/1 
f 3996/4413/1 3997/4414/1 3998/4415/1 3994/4411/1 
f 3994/4411/1 3998/4415/1 3856/4269/1 3855/4268/1 
f 3997/4414/1 3999/4416/1 4000/4417/1 3998/4415/1 
f 3998/4415/1 4000/4417/1 3857/4270/1 3856/4269/1 
f 3999/4416/1 4001/4418/1 3862/4275/1 4000/4417/1 
f 4000/4417/1 3862/4275/1 3859/4272/1 3857/4270/1 
f 4001/4418/1 3999/4416/1 4002/4419/1 4003/4420/1 
f 4003/4420/1 3867/4280/1 3865/4278/1 4001/4418/1 
f 4001/4418/1 3865/4278/1 3863/4276/1 3862/4275/1 
f 4003/4420/1 4002/4419/1 4004/4421/1 4005/4422/1 
f 4005/4422/1 4006/4423/1 3867/4280/1 4003/4420/1 
f 4005/4422/1 4007/4424/1 4008/4425/1 4006/4423/1 
f 4008/4425/1 4009/4426/1 3870/4283/1 4006/4423/1 
f 4006/4423/1 3870/4283/1 3868/4281/1 3867/4280/1 
f 4008/4425/1 4010/4427/1 4011/4428/1 4009/4426/1 
f 4009/4426/1 4011/4428/1 4012/4429/1 3873/4286/1 
f 3873/4286/1 3871/4284/1 3870/4283/1 4009/4426/1 
f 4011/4428/1 4013/4430/1 4014/4431/1 4012/4429/1 
f 4014/4431/1 4015/4432/1 3876/4289/1 4012/4429/1 
f 3876/4289/1 3874/4287/1 3873/4286/1 4012/4429/1 
f 4015/4432/1 4014/4431/1 4016/4433/1 4017/4434/1 
f 4017/4434/1 4018/4435/1 3879/4292/1 4015/4432/1 
f 4015/4432/1 3879/4292/1 3877/4290/1 3876/4289/1 
f 4018/4435/1 4017/4434/1 4019/4436/1 4020/4437/1 
f 4020/4437/1 4021/4438/1 4022/4439/1 4018/4435/1 
f 4018/4435/1 4022/4439/1 3880/4293/1 3879/4292/1 
f 4021/4438/1 4023/4440/1 4024/4441/1 4022/4439/1 
f 4022/4439/1 4024/4441/1 3881/4294/1 3880/4293/1 
f 4023/4440/1 4025/4442/1 4026/4443/1 4024/4441/1 
f 4024/4441/1 4026/4443/1 3883/4296/1 3881/4294/1 
f 4023/4440/1 4021/4438/1 4/4/1 4027/4444/1 
f 4021/4438/1 4020/4437/1 1/1/1 4/4/1 
f 4019/4436/1 4028/4445/1 1/1/1 4020/4437/1 
f 4029/4446/1 4030/4447/1 4028/4445/1 4031/4448/1 
f 2/2/1 1/1/1 4028/4445/1 4030/4447/1 
f 4028/4445/1 4019/4436/1 4032/4449/1 4031/4448/1 
f 4033/4450/1 4034/4451/1 4031/4448/1 4032/4449/1 
f 4019/4436/1 4017/4434/1 4016/4433/1 4032/4449/1 
f 4032/4449/1 4016/4433/1 4035/4452/1 4033/4450/1 
f 4036/4453/1 4037/4454/1 4033/4450/1 4035/4452/1 
f 4035/4452/1 4016/4433/1 4014/4431/1 4013/4430/1 
f 4035/4452/1 4013/4430/1 4038/4455/1 4036/4453/1 
f 4039/4456/1 4040/4457/1 4036/4453/1 4038/4455/1 
f 4013/4430/1 4011/4428/1 4010/4427/1 4038/4455/1 
f 4038/4455/1 4010/4427/1 4041/4458/1 4039/4456/1 
f 4042/4459/1 4043/4460/1 4039/4456/1 4041/4458/1 
f 4010/4427/1 4008/4425/1 4007/4424/1 4041/4458/1 
f 4041/4458/1 4007/4424/1 4044/4461/1 4042/4459/1 
f 4045/4462/1 4046/4463/1 4042/4459/1 4044/4461/1 
f 4007/4424/1 4005/4422/1 4004/4421/1 4044/4461/1 
f 4004/4421/1 4047/4464/1 4045/4462/1 4044/4461/1 
f 4048/4465/1 4049/4466/1 4045/4462/1 4047/4464/1 
f 4047/4464/1 4004/4421/1 4002/4419/1 4050/4467/1 
f 4050/4467/1 4051/4468/1 4048/4465/1 4047/4464/1 
f 4051/4468/1 4052/4469/1 4053/4470/1 4048/4465/1 
f 4051/4468/1 4050/4467/1 3997/4414/1 3996/4413/1 
f 3996/4413/1 3995/4412/1 4052/4469/1 4051/4468/1 
f 4053/4470/1 4054/4471/1 4055/4472/1 4056/4473/1 
f 4056/4473/1 4049/4466/1 4048/4465/1 4053/4470/1 
f 4052/4469/1 4057/4474/1 4054/4471/1 4053/4470/1 
f 4057/4474/1 4058/4475/1 4059/4476/1 4054/4471/1 
f 4057/4474/1 4052/4469/1 3995/4412/1 4060/4477/1 
f 4060/4477/1 3984/4400/1 4058/4475/1 4057/4474/1 
f 4060/4477/1 3995/4412/1 3993/4410/1 3987/4403/1 
f 3987/4403/1 3985/4401/1 3984/4400/1 4060/4477/1 
f 4059/4476/1 4061/4478/1 4062/4479/1 4063/4480/1 
f 4063/4480/1 4055/4472/1 4054/4471/1 4059/4476/1 
f 4058/4475/1 3981/4397/1 4061/4478/1 4059/4476/1 
f 4062/4479/1 4064/4481/1 4065/4482/1 4063/4480/1 
f 4063/4480/1 4065/4482/1 4066/4483/1 4055/4472/1 
f 4065/4482/1 4067/4484/1 4068/4485/1 4066/4483/1 
f 4066/4483/1 4068/4485/1 4069/4486/1 4070/4487/1 
f 4070/4487/1 4056/4473/1 4055/4472/1 4066/4483/1 
f 4070/4487/1 4069/4486/1 4071/4488/1 4072/4489/1 
f 4072/4489/1 4049/4466/1 4056/4473/1 4070/4487/1 
f 4072/4489/1 4071/4488/1 4073/4490/1 4046/4463/1 
f 4046/4463/1 4045/4462/1 4049/4466/1 4072/4489/1 
f 4073/4490/1 4071/4488/1 4074/4491/1 4075/4492/1 
f 4073/4490/1 4075/4492/1 4076/4493/1 4043/4460/1 
f 4043/4460/1 4042/4459/1 4046/4463/1 4073/4490/1 
f 4076/4493/1 4075/4492/1 4077/4494/1 4078/4495/1 
f 4078/4495/1 4079/4496/1 4040/4457/1 4076/4493/1 
f 4040/4457/1 4039/4456/1 4043/4460/1 4076/4493/1 
f 4080/4497/1 4081/4498/1 4079/4496/1 4078/4495/1 
f 4082/4499/1 4037/4454/1 4079/4496/1 4081/4498/1 
f 4079/4496/1 4037/4454/1 4036/4453/1 4040/4457/1 
f 4083/4500/1 4084/4501/1 4082/4499/1 4081/4498/1 
f 4085/4502/1 4034/4451/1 4082/4499/1 4084/4501/1 
f 4034/4451/1 4033/4450/1 4037/4454/1 4082/4499/1 
f 4031/4448/1 4034/4451/1 4085/4502/1 4029/4446/1 
f 4086/4503/1 4087/4504/1 4088/4505/1 4089/4506/1 
f 4087/4504/1 3909/4322/1 3912/4325/1 4088/4505/1 
f 4086/4503/1 4090/4507/1 4091/4508/1 4087/4504/1 
f 4087/4504/1 4091/4508/1 3913/4326/1 3909/4322/1 
f 4090/4507/1 4092/4509/1 4093/4510/1 4091/4508/1 
f 4091/4508/1 4093/4510/1 3915/4328/1 3913/4326/1 
f 4092/4509/1 4094/4511/1 4095/4512/1 4093/4510/1 
f 4093/4510/1 4095/4512/1 3917/4330/1 3915/4328/1 
f 4094/4511/1 4096/4513/1 3930/4344/1 4095/4512/1 
f 4095/4512/1 3930/4344/1 3928/4342/1 3917/4330/1 
f 4096/4513/1 4094/4511/1 4097/4514/1 4098/4515/1 
f 4098/4515/1 4099/4516/1 3933/4347/1 4096/4513/1 
f 4096/4513/1 3933/4347/1 3931/4345/1 3930/4344/1 
f 4099/4516/1 4098/4515/1 4100/4517/1 4101/4518/1 
f 4101/4518/1 4102/4519/1 3936/4350/1 4099/4516/1 
f 4099/4516/1 3936/4350/1 3934/4348/1 3933/4347/1 
f 4102/4519/1 4101/4518/1 4103/4520/1 4104/4521/1 
f 4104/4521/1 4105/4522/1 3939/4353/1 4102/4519/1 
f 4102/4519/1 3939/4353/1 3937/4351/1 3936/4350/1 
f 4105/4522/1 4104/4521/1 4106/4523/1 4107/4524/1 
f 4107/4524/1 4108/4525/1 3942/4356/1 4105/4522/1 
f 4105/4522/1 3942/4356/1 3940/4354/1 3939/4353/1 
f 4108/4525/1 4107/4524/1 4109/4526/1 3954/4368/1 
f 3954/4368/1 3951/4365/1 3950/4364/1 4108/4525/1 
f 4108/4525/1 3950/4364/1 3943/4357/1 3942/4356/1 
f 4107/4524/1 4106/4523/1 4110/4527/1 4109/4526/1 
f 4110/4527/1 4111/4528/1 3957/4371/1 4109/4526/1 
f 4109/4526/1 3957/4371/1 3955/4369/1 3954/4368/1 
f 4110/4527/1 4112/4529/1 4113/4530/1 4111/4528/1 
f 4113/4530/1 4114/4531/1 4115/4532/1 4111/4528/1 
f 4111/4528/1 4115/4532/1 3958/4372/1 3957/4371/1 
f 4114/4531/1 4116/4533/1 4117/4534/1 4115/4532/1 
f 4115/4532/1 4117/4534/1 3959/4373/1 3958/4372/1 
f 4116/4533/1 4118/4535/1 4119/4536/1 4117/4534/1 
f 4117/4534/1 4119/4536/1 3961/4375/1 3959/4373/1 
f 4118/4535/1 4120/4537/1 4121/4538/1 4119/4536/1 
f 4119/4536/1 4121/4538/1 3963/4377/1 3961/4375/1 
f 4120/4537/1 4122/4539/1 4123/4540/1 4121/4538/1 
f 4121/4538/1 4123/4540/1 3965/4379/1 3963/4377/1 
f 4122/4539/1 4124/4541/1 4125/4542/1 4123/4540/1 
f 4123/4540/1 4125/4542/1 3967/4381/1 3965/4379/1 
f 4124/4541/1 4126/4543/1 4127/4544/1 4125/4542/1 
f 4125/4542/1 4127/4544/1 3969/4383/1 3967/4381/1 
f 4126/4543/1 4128/4545/1 4129/4546/1 4127/4544/1 
f 4127/4544/1 4129/4546/1 3971/4385/1 3969/4383/1 
f 4128/4545/1 4130/4547/1 4131/4548/1 4129/4546/1 
f 4129/4546/1 4131/4548/1 3973/4387/1 3971/4385/1 
f 4130/4549/1 4132/4550/1 4133/4551/1 4131/4552/1 
f 4133/4551/1 3975/4390/1 3973/4389/1 4131/4552/1 
f 4132/4550/1 4134/4553/1 4135/4554/1 4133/4551/1 
f 4135/4554/1 3977/4393/1 3975/4390/1 4133/4551/1 
f 4134/4553/1 4136/4555/1 4137/4556/1 4135/4554/1 
f 4135/4554/1 4137/4556/1 3979/4395/1 3977/4393/1 
f 4136/4555/1 4062/4479/1 4061/4478/1 4137/4556/1 
f 4137/4556/1 4061/4478/1 3981/4397/1 3979/4395/1 
f 4134/4553/1 4138/4557/1 4139/4558/1 4136/4555/1 
f 4139/4558/1 4064/4481/1 4062/4479/1 4136/4555/1 
f 4138/4557/1 4140/4559/1 4141/4560/1 4139/4558/1 
f 4139/4558/1 4141/4560/1 4142/4561/1 4064/4481/1 
f 4141/4560/1 4143/4562/1 4144/4563/1 4142/4561/1 
f 4142/4561/1 4144/4563/1 4145/4564/1 4067/4484/1 
f 4067/4484/1 4065/4482/1 4064/4481/1 4142/4561/1 
f 4144/4563/1 4146/4565/1 4147/4566/1 4145/4564/1 
f 4147/4566/1 4148/4567/1 4149/4568/1 4145/4564/1 
f 4149/4568/1 4068/4485/1 4067/4484/1 4145/4564/1 
f 4148/4567/1 4150/4569/1 4151/4570/1 4149/4568/1 
f 4151/4570/1 4069/4486/1 4068/4485/1 4149/4568/1 
f 4150/4569/1 4152/4571/1 4074/4491/1 4151/4570/1 
f 4151/4570/1 4074/4491/1 4071/4488/1 4069/4486/1 
f 4152/4571/1 4150/4569/1 4153/4572/1 4154/4573/1 
f 4154/4573/1 4155/4574/1 4077/4494/1 4152/4571/1 
f 4152/4571/1 4077/4494/1 4075/4492/1 4074/4491/1 
f 4155/4574/1 4154/4573/1 4156/4575/1 4157/4576/1 
f 4158/4577/1 4080/4497/1 4155/4574/1 4157/4576/1 
f 4155/4574/1 4080/4497/1 4078/4495/1 4077/4494/1 
f 4081/4498/1 4080/4497/1 4158/4577/1 4083/4500/1 
f 4159/4578/1 4160/4579/1 4161/4580/1 4162/4581/1 
f 4086/4503/1 4089/4506/1 4161/4580/1 4160/4579/1 
f 4163/4582/1 4164/4583/1 4160/4579/1 4159/4578/1 
f 4164/4583/1 4090/4507/1 4086/4503/1 4160/4579/1 
f 4164/4583/1 4163/4582/1 4165/4584/1 4166/4585/1 
f 4166/4585/1 4092/4509/1 4090/4507/1 4164/4583/1 
f 4165/4584/1 4167/4586/1 4097/4514/1 4166/4585/1 
f 4166/4585/1 4097/4514/1 4094/4511/1 4092/4509/1 
f 4165/4584/1 4168/4587/1 4169/4588/1 4167/4586/1 
f 4169/4588/1 4170/4589/1 4100/4517/1 4167/4586/1 
f 4167/4586/1 4100/4517/1 4098/4515/1 4097/4514/1 
f 4169/4588/1 4171/4590/1 4172/4591/1 4170/4589/1 
f 4172/4591/1 4173/4592/1 4103/4520/1 4170/4589/1 
f 4170/4589/1 4103/4520/1 4101/4518/1 4100/4517/1 
f 4173/4592/1 4172/4591/1 4174/4593/1 4112/4529/1 
f 4112/4529/1 4110/4527/1 4106/4523/1 4173/4592/1 
f 4173/4592/1 4106/4523/1 4104/4521/1 4103/4520/1 
f 4174/4593/1 4172/4591/1 4171/4590/1 4175/4594/1 
f 4174/4593/1 4175/4594/1 4176/4595/1 4177/4596/1 
f 4177/4596/1 4113/4530/1 4112/4529/1 4174/4593/1 
f 4177/4596/1 4176/4595/1 4178/4597/1 4179/4598/1 
f 4179/4598/1 4114/4531/1 4113/4530/1 4177/4596/1 
f 4178/4597/1 4180/4599/1 4181/4600/1 4179/4598/1 
f 4179/4598/1 4181/4600/1 4116/4533/1 4114/4531/1 
f 4180/4599/1 4182/4601/1 4183/4602/1 4181/4600/1 
f 4181/4600/1 4183/4602/1 4118/4535/1 4116/4533/1 
f 4182/4601/1 4184/4603/1 4185/4604/1 4183/4602/1 
f 4183/4602/1 4185/4604/1 4120/4537/1 4118/4535/1 
f 4184/4603/1 4186/4605/1 4187/4606/1 4185/4604/1 
f 4185/4604/1 4187/4606/1 4122/4539/1 4120/4537/1 
f 4186/4605/1 4188/4607/1 4189/4608/1 4187/4606/1 
f 4187/4606/1 4189/4608/1 4124/4541/1 4122/4539/1 
f 4188/4607/1 4190/4609/1 4191/4610/1 4189/4608/1 
f 4191/4610/1 4126/4543/1 4124/4541/1 4189/4608/1 
f 4190/4609/1 4192/4611/1 4193/4612/1 4191/4610/1 
f 4193/4612/1 4128/4545/1 4126/4543/1 4191/4610/1 
f 4192/4611/1 4194/4613/1 4195/4614/1 4193/4612/1 
f 4195/4614/1 4130/4547/1 4128/4545/1 4193/4612/1 
f 4194/4615/1 4196/4616/1 4197/4617/1 4195/4618/1 
f 4197/4617/1 4132/4550/1 4130/4549/1 4195/4618/1 
f 4197/4617/1 4196/4616/1 4140/4559/1 4138/4557/1 
f 4138/4557/1 4134/4553/1 4132/4550/1 4197/4617/1 
f 4194/4615/1 4198/4619/1 4199/4620/1 4196/4616/1 
f 4196/4616/1 4199/4620/1 4200/4621/1 4140/4559/1 
f 4199/4620/1 4201/4622/1 4202/4623/1 4200/4621/1 
f 4200/4621/1 4202/4623/1 4203/4624/1 4143/4562/1 
f 4143/4562/1 4141/4560/1 4140/4559/1 4200/4621/1 
f 4202/4623/1 9/9/1 4204/4625/1 4203/4624/1 
f 4204/4625/1 4205/4626/1 4146/4565/1 4203/4624/1 
f 4146/4565/1 4144/4563/1 4143/4562/1 4203/4624/1 
f 4205/4626/1 4204/4625/1 4206/4627/1 4207/4628/1 
f 4207/4628/1 4208/4629/1 4209/4630/1 4205/4626/1 
f 4209/4630/1 4147/4566/1 4146/4565/1 4205/4626/1 
f 4208/4629/1 4210/4631/1 4211/4632/1 4209/4630/1 
f 4209/4630/1 4211/4632/1 4148/4567/1 4147/4566/1 
f 4210/4631/1 4212/4633/1 4153/4572/1 4211/4632/1 
f 4153/4572/1 4150/4569/1 4148/4567/1 4211/4632/1 
f 4212/4633/1 4156/4575/1 4154/4573/1 4153/4572/1 
f 4213/4634/1 4214/4635/1 4215/4636/1 4216/4637/1 
f 4159/4578/1 4162/4581/1 4213/4634/1 4216/4637/1 
f 4216/4637/1 4215/4636/1 4217/4638/1 4218/4639/1 
f 4216/4637/1 4218/4639/1 4163/4582/1 4159/4578/1 
f 4218/4639/1 4217/4638/1 4219/4640/1 4168/4587/1 
f 4168/4587/1 4165/4584/1 4163/4582/1 4218/4639/1 
f 4217/4638/1 4220/4641/1 4221/4642/1 4219/4640/1 
f 4219/4640/1 4221/4642/1 4175/4594/1 4171/4590/1 
f 4171/4590/1 4169/4588/1 4168/4587/1 4219/4640/1 
f 4220/4641/1 4222/4643/1 4223/4644/1 4221/4642/1 
f 4221/4642/1 4223/4644/1 4176/4595/1 4175/4594/1 
f 4223/4644/1 4222/4643/1 4224/4645/1 4225/4646/1 
f 4225/4646/1 4178/4597/1 4176/4595/1 4223/4644/1 
f 4225/4646/1 4224/4645/1 4226/4647/1 4227/4648/1 
f 4227/4648/1 4180/4599/1 4178/4597/1 4225/4646/1 
f 4227/4648/1 4226/4647/1 4228/4649/1 4229/4650/1 
f 4229/4650/1 4182/4601/1 4180/4599/1 4227/4648/1 
f 4228/4649/1 4230/4651/1 4231/4652/1 4229/4650/1 
f 4229/4650/1 4231/4652/1 4184/4603/1 4182/4601/1 
f 4230/4651/1 4232/4653/1 4233/4654/1 4231/4652/1 
f 4231/4652/1 4233/4654/1 4186/4605/1 4184/4603/1 
f 4232/4653/1 4234/4655/1 4235/4656/1 4233/4654/1 
f 4233/4654/1 4235/4656/1 4188/4607/1 4186/4605/1 
f 4234/4655/1 184/231/1 4236/4657/1 4235/4656/1 
f 4235/4656/1 4236/4657/1 4190/4609/1 4188/4607/1 
f 184/231/1 183/232/1 4237/4658/1 4236/4657/1 
f 4236/4657/1 4237/4658/1 4192/4611/1 4190/4609/1 
f 182/228/1 4198/4619/1 4237/4659/1 183/229/1 
f 4198/4619/1 4194/4615/1 4192/4660/1 4237/4659/1 
f 4234/4655/1 4232/4653/1 4238/4661/1 4239/4662/1 
f 145/183/1 184/231/1 4234/4655/1 4239/4662/1 
f 4238/4661/1 4240/4663/1 4241/4664/1 4239/4662/1 
f 4241/4664/1 146/184/1 145/183/1 4239/4662/1 
f 4242/4665/1 4243/4666/1 4244/4667/1 4245/4668/1 
f 4245/4668/1 4215/4636/1 4214/4635/1 4242/4665/1 
f 4245/4668/1 4244/4667/1 4222/4643/1 4220/4641/1 
f 4220/4641/1 4217/4638/1 4215/4636/1 4245/4668/1 
f 4243/4666/1 4246/4669/1 4247/4670/1 4244/4667/1 
f 4247/4670/1 4224/4645/1 4222/4643/1 4244/4667/1 
f 4246/4669/1 4248/4671/1 4249/4672/1 4247/4670/1 
f 4249/4672/1 4226/4647/1 4224/4645/1 4247/4670/1 
f 4249/4672/1 4248/4671/1 4250/4673/1 4251/4674/1 
f 4251/4674/1 4228/4649/1 4226/4647/1 4249/4672/1 
f 4251/4674/1 4250/4673/1 4252/4675/1 4253/4676/1 
f 4253/4676/1 4230/4651/1 4228/4649/1 4251/4674/1 
f 4252/4675/1 4240/4663/1 4238/4661/1 4253/4676/1 
f 4253/4676/1 4238/4661/1 4232/4653/1 4230/4651/1 
f 4206/4627/1 4204/4625/1 9/9/1 11/12/1 
f 10/10/1 9/9/1 4202/4623/1 4201/4622/1 
f 12/13/1 10/10/1 4201/4622/1 182/228/1 
f 4199/4620/1 4198/4619/1 182/228/1 4201/4622/1 
f 4254/4677/1 3892/4305/1 4255/4678/1 4256/4679/1 
f 4257/4680/1 4258/4681/1 4256/4679/1 4255/4678/1 
f 3892/4305/1 3889/4302/1 3887/4300/1 4255/4678/1 
f 3887/4300/1 3885/4298/1 4257/4680/1 4255/4678/1 
f 3895/4308/1 3893/4306/1 3892/4305/1 4254/4677/1 
f 4259/4682/1 4260/4683/1 4261/4684/1 4025/4685/1 
f 4260/4683/1 4262/4686/1 4263/4687/1 4261/4684/1 
f 4262/4686/1 4264/4688/1 4265/4689/1 4263/4687/1 
f 4266/4690/1 4265/4689/1 4267/4691/1 4268/4692/1 
f 4267/4691/1 4269/4693/1 4270/4694/1 4268/4692/1 
f 4267/4691/1 4271/4695/1 4272/4696/1 4269/4693/1 
f 4272/4696/1 4273/4697/1 4274/4698/1 4269/4693/1 
f 4269/4693/1 4274/4698/1 4275/4699/1 4270/4694/1 
f 4276/4700/1 4277/4701/1 4275/4699/1 4274/4698/1 
f 115/137/1 116/4702/1 4277/4701/1 4276/4700/1 
f 4265/4689/1 4264/4688/1 4271/4695/1 4267/4691/1 
f 4278/4703/1 4263/4687/1 4265/4689/1 4266/4690/1 
f 3984/4400/1 3982/4398/1 3981/4397/1 4058/4475/1 
f 4050/4467/1 4002/4419/1 3999/4416/1 3997/4414/1 
f 3718/4110/1 3716/4108/1 3899/4312/1 3902/4315/1 
f 3885/4298/1 3883/4296/1 4026/4443/1 4257/4680/1 
f 3797/4199/1 3794/4194/1 3790/4187/1 3788/4185/1 
f 3757/4152/1 3755/4150/1 3754/4149/1 352/4704/1 
f 3754/4149/1 3752/4147/1 3747/4139/1 4279/4705/1 
f 4279/4705/1 351/4706/1 352/4704/1 3754/4149/1 
f 4279/4705/1 3747/4139/1 3746/4138/1 4280/4707/1 
f 4280/4708/1 349/435/1 351/438/1 4279/4709/1 
f 3643/4029/1 196/248/1 3646/4033/1 3644/4030/1 
f 209/263/1 208/262/1 3638/4021/1 3637/4020/1 
f 3610/3985/1 3606/3981/1 3602/3977/1 3600/3976/1 
f 3308/3659/1 3306/3657/1 3542/3906/1 3545/3909/1 
f 3294/3645/1 3292/3643/1 3535/3899/1 3538/3902/1 
f 3280/3631/1 3278/3629/1 3528/3892/1 3531/3895/1 
f 3266/3615/1 3264/3613/1 3521/3884/1 3524/3888/1 
f 3151/3489/1 3038/3375/1 3036/3373/1 3035/3372/1 
f 3053/3390/1 3051/3388/1 3050/3387/1 3148/3486/1 
f 3056/3393/1 3054/3391/1 3053/3390/1 3144/3482/1 
f 3066/3403/1 3063/3400/1 3062/3399/1 3131/3469/1 
f 3127/3465/1 3069/3406/1 3067/3404/1 3066/3403/1 
f 133/159/1 130/153/1 3110/3448/1 3117/3455/1 
f 3110/3448/1 130/153/1 129/152/1 3111/3449/1 
f 3105/3443/1 3086/3423/1 3084/3421/1 3079/3416/1 
f 3089/3426/1 3087/3424/1 3086/3423/1 3101/3439/1 
f 3047/3384/1 3045/3382/1 3044/3381/1 3050/3387/1 
f 2988/3325/1 2985/3322/1 2983/3320/1 2982/3319/1 
f 2972/3309/1 2970/3307/1 2969/3306/1 2976/3313/1 
f 2826/3157/1 127/4710/1 124/164/1 134/163/1 
f 131/170/1 127/4711/1 2826/3153/1 139/171/1 
f 2819/3146/1 64/178/1 142/177/1 2820/3147/1 
f 2760/3084/1 2757/3081/1 2756/3080/1 2763/3087/1 
f 2697/3021/1 2695/3019/1 2694/3018/1 2700/3024/1 
f 2673/2995/1 414/515/1 411/510/1 2675/2999/1 
f 2670/2990/1 412/512/1 414/2993/1 2671/2991/1 
f 216/272/1 215/271/1 2502/2802/1 2505/2805/1 
f 2479/2772/1 2476/2769/1 2474/2767/1 178/220/1 
f 2472/2765/1 174/216/1 178/220/1 2474/2767/1 
f 2470/2763/1 175/217/1 174/216/1 2472/2765/1 
f 2431/2724/1 2429/2722/1 2428/2721/1 2434/2727/1 
f 2362/2655/1 2360/2653/1 2359/2652/1 2368/2661/1 
f 2269/2559/1 2267/2557/1 2266/2556/1 339/423/1 
f 2248/2536/1 2247/2535/1 266/333/1 265/332/1 
f 2073/2361/1 2066/2354/1 2064/2352/1 2075/2363/1 
f 1896/2174/1 1894/2170/1 1893/2169/1 1900/2183/1 
f 1827/2091/1 1825/2088/1 380/473/1 381/474/1 
f 1821/2084/1 383/476/1 378/471/1 1822/2085/1 
f 1792/2055/1 1790/2053/1 1782/2045/1 1780/2043/1 
f 1671/1928/1 1668/1925/1 1666/1923/1 1665/1922/1 
f 268/337/1 267/336/1 1618/1873/1 1616/1876/1 
f 273/2181/1 268/4712/1 1616/1871/1 1614/1869/1 
f 1611/1866/1 273/2181/1 1614/1869/1 1612/1867/1 
f 1587/1836/1 1585/1834/1 361/449/1 356/444/1 
f 1572/1821/1 44/50/1 43/49/1 1574/1823/1 
f 320/401/1 45/51/1 47/53/1 1569/1817/1 
f 1569/1817/1 1565/1816/1 1563/4713/1 320/401/1 
f 1561/4714/1 318/399/1 320/401/1 1563/4713/1 
f 1561/4714/1 1560/2097/1 319/400/1 318/399/1 
f 1521/1764/1 1236/1441/1 1234/1439/1 1233/1438/1 
f 1397/1629/1 1378/1605/1 1377/1604/1 1399/1631/1 
f 285/360/1 284/359/1 1339/1565/1 1338/1564/1 
f 290/365/1 285/368/1 1338/1562/1 1337/1561/1 
f 1243/1448/1 1239/1444/1 1237/1442/1 1236/1441/1 
f 1231/1436/1 446/553/1 447/554/1 1233/1438/1 
f 1081/1260/1 416/523/1 422/526/1 1082/1261/1 
f 449/556/1 461/571/1 1051/1226/1 454/561/1 
f 1040/1215/1 1036/1211/1 1034/1209/1 1033/1208/1 
f 831/985/1 828/982/1 826/980/1 825/979/1 
f 439/546/1 406/534/1 424/4715/1 708/852/1 
f 686/817/1 490/607/1 489/606/1 688/819/1 
f 621/752/1 617/748/1 515/634/1 514/633/1 
f 615/746/1 518/637/1 515/634/1 617/748/1 
f 613/744/1 612/743/1 519/638/1 518/637/1 
f 583/704/1 508/627/1 507/713/1 584/705/1 
f 479/591/1 482/599/1 502/619/1 481/4716/1 
f 22/24/1 479/4717/1 481/597/1 27/29/1 
f 24/26/1 25/27/1 478/590/1 473/589/1 
f 384/477/1 389/482/1 395/3296/1 397/4718/1 
f 385/478/1 384/477/1 397/4718/1 4281/4719/1 
f 397/492/1 391/491/1 390/4720/1 4281/4721/1 
f 4282/4722/1 4283/4723/1 385/478/1 4281/4719/1 
f 390/4720/1 4284/4724/1 4282/4725/1 4281/4721/1 
f 375/465/1 369/464/1 4282/4725/1 4284/4724/1 
f 4284/4726/1 390/483/1 386/479/1 4285/4727/1 
f 4285/4727/1 373/462/1 375/469/1 4284/4726/1 
f 386/479/1 385/478/1 4283/4723/1 4285/4727/1 
f 4283/4723/1 372/461/1 373/462/1 4285/4727/1 
f 4283/4723/1 4282/4722/1 369/458/1 372/461/1 
f 4286/4728/1 4287/4729/1 346/432/1 364/452/1 
f 4288/4730/1 4289/4731/1 4287/4729/1 4290/4732/1 
f 345/431/1 346/432/1 4287/4729/1 4289/4731/1 
f 4291/4733/1 4290/4732/1 4287/4729/1 4286/4728/1 
f 4292/4734/1 4290/4732/1 4291/4733/1 4293/4735/1 
f 4288/4730/1 4294/4736/1 4295/4737/1 4296/4738/1 
f 18/4739/1 17/4740/1 4295/4737/1 4294/4736/1 
f 4290/4732/1 4292/4734/1 4294/4736/1 4288/4730/1 
f 4297/4741/1 18/4739/1 4294/4736/1 4292/4734/1 
f 4289/4731/1 4288/4730/1 4296/4738/1 4298/4742/1 
f 4299/4743/1 344/430/1 345/431/1 4300/4744/1 
f 345/431/1 4289/4731/1 4298/4742/1 4300/4744/1 
f 304/385/1 344/430/1 4299/4743/1 301/382/1 
f 4301/4745/1 4297/4741/1 4292/4734/1 4293/4735/1 
f 363/451/1 362/450/1 331/413/1 330/412/1 
f 342/428/1 304/385/1 303/384/1 311/392/1 
f 340/426/1 316/397/1 313/394/1 341/427/1 
f 324/406/1 323/405/1 283/404/1 282/355/1 
f 275/344/1 274/343/1 281/354/1 278/353/1 
f 276/346/1 275/345/1 278/350/1 277/349/1 
f 4302/4746/1 255/319/1 232/293/1 231/292/1 
f 228/4747/1 227/316/1 255/319/1 4302/4746/1 
f 4302/4746/1 231/292/1 236/298/1 4303/4748/1 
f 4302/4746/1 4303/4748/1 234/4749/1 228/4747/1 
f 236/298/1 4304/4750/1 4305/4751/1 4303/4748/1 
f 4303/4748/1 4305/4751/1 4306/4752/1 234/4749/1 
f 4307/4753/1 235/297/1 234/296/1 4306/4754/1 
f 4305/4751/1 4308/4755/1 4309/4756/1 4306/4752/1 
f 4309/4757/1 4310/4758/1 4307/4753/1 4306/4754/1 
f 4311/4759/1 4304/4750/1 4307/4753/1 4310/4758/1 
f 4309/4757/1 4312/4760/1 4313/4761/1 4310/4758/1 
f 4313/4761/1 4314/4762/1 4311/4759/1 4310/4758/1 
f 4315/4763/1 4308/4755/1 4311/4759/1 4314/4762/1 
f 4313/4761/1 4316/4764/1 4317/4765/1 4314/4762/1 
f 4317/4765/1 4318/4766/1 4315/4763/1 4314/4762/1 
f 4319/4767/1 4312/4768/1 4315/4763/1 4318/4766/1 
f 4320/4769/1 4321/4770/1 4318/4771/1 4317/4772/1 
f 4322/4773/1 4319/4774/1 4318/4775/1 4321/4776/1 
f 4319/4774/1 4316/4764/1 4313/4761/1 4312/4760/1 
f 4323/4777/1 4316/4764/1 4319/4774/1 4322/4773/1 
f 4323/4777/1 4320/4778/1 4317/4765/1 4316/4764/1 
f 4312/4768/1 4309/4756/1 4308/4755/1 4315/4763/1 
f 4308/4755/1 4305/4751/1 4304/4750/1 4311/4759/1 
f 4304/4750/1 236/298/1 235/297/1 4307/4753/1 
f 233/2801/1 2501/2800/1 229/4779/1 225/4780/1 
f 229/289/1 4324/4781/1 204/257/1 230/290/1 
f 223/281/1 208/262/1 206/260/1 222/282/1 
f 197/249/1 196/248/1 3643/4029/1 221/279/1 
f 198/277/1 222/282/1 206/260/1 205/259/1 
f 193/258/1 4325/4782/1 220/278/1 205/259/1 
f 180/4783/1 220/278/1 4325/4782/1 4326/4784/1 
f 220/278/1 180/4783/1 179/4785/1 219/276/1 
f 181/4786/1 4326/4787/1 4325/4788/1 218/274/1 
f 181/223/1 158/196/1 154/199/1 4326/4789/1 
f 157/195/1 180/222/1 4326/4790/1 154/192/1 
f 194/246/1 218/274/1 4325/4788/1 193/243/1 
f 181/4786/1 218/274/1 219/275/1 179/4791/1 
f 217/273/1 195/247/1 164/204/1 214/270/1 
f 201/254/1 199/252/1 204/257/1 4324/4781/1 
f 4324/4792/1 229/4779/1 2501/2800/1 215/271/1 
f 215/271/1 214/270/1 201/4793/1 4324/4792/1 
f 3208/3555/1 3233/3581/1 60/3583/1 59/3556/1 
f 151/189/1 3233/3581/1 3208/3555/1 148/186/1 
f 3233/3581/1 151/189/1 153/191/1 3228/3576/1 
f 147/185/1 13/15/1 4327/4794/1 4328/4795/1 
f 4328/4796/1 6/6/1 5/5/1 147/227/1 
f 4327/4794/1 4329/4797/1 4330/4798/1 4328/4795/1 
f 4330/4799/1 4331/4800/1 6/6/1 4328/4796/1 
f 4332/4801/1 4333/4802/1 4331/4800/1 4330/4799/1 
f 4334/4803/1 4335/4804/1 4331/4800/1 4333/4802/1 
f 4331/4800/1 4335/4804/1 7/7/1 6/6/1 
f 4336/4805/1 4337/4806/1 4329/4797/1 4327/4794/1 
f 16/18/1 4336/4805/1 4327/4794/1 13/15/1 
f 4329/4797/1 4337/4806/1 83/93/1 84/96/1 
f 103/121/1 112/132/1 4338/4807/1 105/123/1 
f 4339/4808/1 105/123/1 4338/4807/1 4340/4809/1 
f 93/107/1 105/123/1 4339/4808/1 94/108/1 
f 4334/4803/1 4333/4802/1 4339/4808/1 4340/4809/1 
f 4332/4801/1 94/108/1 4339/4808/1 4333/4802/1 
f 79/95/1 94/4810/1 4332/4811/1 84/96/1 
f 4329/4797/1 84/96/1 4332/4811/1 4330/4798/1 
f 106/4812/1 98/126/1 107/125/1 4341/4813/1 
f 107/125/1 102/130/1 101/4814/1 4341/4813/1 
f 85/101/1 106/4812/1 4341/4813/1 89/102/1 
f 91/105/1 89/102/1 4341/4813/1 101/4814/1 
f 81/89/1 4342/4815/1 111/131/1 82/90/1 
f 4343/4816/1 4344/4817/1 4342/4815/1 81/89/1 
f 4345/4818/1 4346/4819/1 4344/4817/1 4343/4816/1 
f 4343/4816/1 81/89/1 78/92/1 4347/4820/1 
f 4346/4821/1 4345/4822/1 4348/4823/1 4349/4824/1 
f 4350/4825/1 4349/4824/1 4348/4823/1 4351/4826/1 
f 4345/4822/1 4352/4827/1 4353/4828/1 4348/4823/1 
f 4354/4829/1 4351/4826/1 4348/4823/1 4353/4828/1 
f 4351/4826/1 4354/4829/1 72/80/1 71/79/1 
f 71/79/1 76/84/1 4350/4825/1 4351/4826/1 
f 88/100/1 100/118/1 106/124/1 85/97/1 
f 88/100/1 91/4830/1 101/119/1 100/118/1 
f 87/99/1 92/4831/1 91/4830/1 88/100/1 
f 4355/4832/1 4356/4833/1 70/78/1 74/82/1 
f 73/81/1 4357/4834/1 4358/4835/1 74/82/1 
f 4355/4832/1 74/82/1 4358/4835/1 4359/4836/1 
f 4358/4835/1 4360/4837/1 4361/4838/1 4359/4836/1 
f 4362/4839/1 4363/4840/1 4360/4837/1 4364/4841/1 
f 4365/4842/1 4366/4843/1 4363/4840/1 4362/4839/1 
f 4367/4844/1 4368/4845/1 4363/4840/1 4366/4843/1 
f 4365/4846/1 4369/4847/1 4370/4848/1 4366/4849/1 
f 4370/4850/1 4371/4851/1 4367/4852/1 4366/4853/1 
f 4370/4850/1 4372/4854/1 4373/4855/1 4371/4851/1 
f 4372/4854/1 4370/4850/1 4369/4856/1 4374/4857/1 
f 4375/4858/1 4372/4859/1 4374/4860/1 4376/4861/1 
f 4375/4862/1 4377/4863/1 4373/4855/1 4372/4854/1 
f 4368/4845/1 4361/4838/1 4360/4837/1 4363/4840/1 
f 4360/4837/1 4358/4835/1 4357/4834/1 4364/4841/1 
f 67/75/1 70/78/1 4356/4833/1 4378/4864/1 
f 90/103/1 92/106/1 87/4865/1 86/104/1 
f 169/269/1 168/209/1 167/208/1 200/253/1 
f 162/202/1 202/255/1 199/252/1 163/203/1 
f 3641/4031/1 224/4866/1 221/279/1 3643/4029/1 
f 376/468/1 374/463/1 371/460/1 370/459/1 
f 4322/4867/1 4321/4770/1 4320/4769/1 4323/4868/1 
f 4027/4444/1 4259/4869/1 4025/4442/1 4023/4440/1 
f 115/139/1 104/4870/1 102/130/1 108/127/1 
f 430/537/1 429/536/1 434/541/1 435/542/1 
f 4263/4687/1 4278/4703/1 4258/4871/1 4261/4684/1 
f 4301/4745/1 4379/4872/1 18/4739/1 4297/4741/1 
f 4274/4698/1 4273/4697/1 114/134/1 4276/4700/1 
f 78/92/1 4380/4873/1 4381/4874/1 4347/4820/1 
f 67/75/1 4378/4864/1 75/83/1 68/76/1 
f 4382/4875/1 3/4876/1 2/4877/1 4383/4878/1 
f 7/7/1 4384/4879/1 4385/4880/1 8/8/1 
f 11/12/1 8/11/1 4386/4881/1 4387/4882/1 
f 4385/4883/1 4388/4884/1 4386/4881/1 8/11/1 
f 16/18/1 15/17/1 4389/4885/1 4390/4886/1 
f 4391/4887/1 19/4888/1 4392/4889/1 17/4890/1 
f 4393/4891/1 4394/4892/1 4395/4893/1 4396/4894/1 
f 4397/4895/1 4394/4896/1 4393/4897/1 4398/4898/1 
f 4395/4899/1 4394/4896/1 4397/4895/1 4399/4900/1 
f 4399/4900/1 4397/4895/1 4398/4898/1 4400/4901/1 
f 4401/4902/1 4402/4903/1 4403/4904/1 4404/4905/1 
f 4405/4906/1 4402/4907/1 4401/4908/1 4406/4909/1 
f 4403/4910/1 4402/4907/1 4405/4906/1 4407/4911/1 
f 4404/4905/1 4403/4904/1 4407/4912/1 4408/4913/1 
f 4406/4914/1 4401/4902/1 4404/4905/1 4408/4913/1 
f 4409/4915/1 4410/4916/1 4411/4917/1 4412/4918/1 
f 4413/4919/1 4414/4920/1 4409/4921/1 4412/4922/1 
f 4415/4923/1 4416/4924/1 4413/4919/1 4412/4922/1 
f 4417/4925/1 4418/4926/1 4412/4918/1 4411/4917/1 
f 4418/4926/1 4419/4927/1 4415/4928/1 4412/4918/1 
f 4420/4929/1 4421/4930/1 4422/4931/1 4423/4932/1 
f 4424/4933/1 4425/4934/1 4422/4931/1 4421/4930/1 
f 4426/4935/1 4424/4933/1 4421/4930/1 4427/4936/1 
f 4428/4937/1 4427/4936/1 4421/4930/1 4420/4929/1 
f 4429/4938/1 4430/4939/1 4431/4940/1 4432/4941/1 
f 4430/4939/1 4433/4942/1 4434/4943/1 4431/4940/1 
f 4434/4943/1 4435/4944/1 4436/4945/1 4431/4940/1 
f 4437/4946/1 4438/4947/1 4431/4948/1 4436/4949/1 
f 4439/4950/1 4440/4951/1 4441/4952/1 4442/4953/1 
f 4440/4951/1 72/4954/1 4443/4955/1 4441/4952/1 
f 4444/4956/1 73/4957/1 4440/4951/1 4439/4950/1 
f 76/84/1 4445/4958/1 4441/4952/1 4443/4955/1 
f 80/88/1 4446/4959/1 4447/4960/1 77/85/1 
f 4447/4960/1 4446/4959/1 4448/4961/1 4449/4962/1 
f 4450/4963/1 4446/4964/1 80/94/1 83/93/1 
f 4451/4965/1 4452/4966/1 4453/4967/1 4454/4968/1 
f 4453/4967/1 4455/4969/1 4456/4970/1 4454/4968/1 
f 4456/4970/1 4455/4969/1 4457/4971/1 4458/4972/1 
f 4459/4973/1 4460/4974/1 4461/4975/1 4462/4976/1 
f 4463/4977/1 4448/4961/1 4460/4974/1 4459/4973/1 
f 4460/4974/1 4448/4961/1 4446/4959/1 4461/4975/1 
f 4462/4976/1 4464/4978/1 4465/4979/1 4459/4973/1 
f 4466/4980/1 4467/4981/1 4464/4982/1 4468/4983/1 
f 4468/4983/1 4464/4982/1 4469/4984/1 4470/4985/1 
f 4469/4984/1 4464/4982/1 4462/4986/1 4471/4987/1 
f 4465/4979/1 4464/4978/1 4467/4988/1 4472/4989/1 
f 4473/4990/1 4463/4977/1 4459/4973/1 4465/4979/1 
f 109/4991/1 4463/4977/1 4474/4992/1 110/4993/1 
f 4474/4992/1 4463/4977/1 4473/4990/1 4468/4994/1 
f 4448/4961/1 4463/4977/1 109/4991/1 111/4995/1 
f 113/133/1 4470/4985/1 4469/4984/1 112/132/1 
f 4475/4996/1 4470/4997/1 113/135/1 114/134/1 
f 110/4993/1 4474/4992/1 4475/4996/1 116/4998/1 
f 4476/4999/1 4477/5000/1 4478/5001/1 4479/5002/1 
f 4478/5001/1 4477/5000/1 4480/5003/1 4481/5004/1 
f 4480/5003/1 4477/5000/1 4482/5005/1 4483/5006/1 
f 4484/5007/1 4477/5000/1 4476/4999/1 4485/5008/1 
f 4482/5005/1 4477/5000/1 4484/5007/1 4486/5009/1 
f 4487/5010/1 4488/5011/1 4489/5012/1 4480/5013/1 
f 4487/5010/1 4480/5013/1 4483/5014/1 4490/5015/1 
f 4489/5016/1 4491/5017/1 4481/5004/1 4480/5003/1 
f 4484/5018/1 4485/5019/1 4492/5020/1 4487/5010/1 
f 4484/5018/1 4487/5010/1 4490/5015/1 4486/5021/1 
f 4493/5022/1 4494/5023/1 4482/5005/1 4495/5024/1 
f 4496/5025/1 4497/5026/1 4494/5023/1 4493/5022/1 
f 4482/5005/1 4494/5023/1 4497/5026/1 4483/5006/1 
f 4483/5027/1 4497/5028/1 4498/5029/1 4490/5030/1 
f 4497/5028/1 4496/5031/1 4499/5032/1 4500/5033/1 
f 4435/4944/1 4501/5034/1 4499/5032/1 4436/4945/1 
f 4499/5032/1 4501/5034/1 4502/5035/1 4500/5033/1 
f 146/5036/1 4503/5037/1 4504/5038/1 4389/5039/1 
f 4390/4886/1 4389/4885/1 4504/5040/1 4505/5041/1 
f 4506/5042/1 4507/5043/1 4508/5044/1 4509/5045/1 
f 4510/5046/1 4511/5047/1 4506/5048/1 4509/5049/1 
f 4512/5050/1 4513/5051/1 4514/5052/1 4515/5053/1 
f 4514/5052/1 4513/5051/1 4516/5054/1 4517/5055/1 
f 4518/5056/1 4519/5057/1 4520/5058/1 4513/5059/1 
f 4518/5060/1 4513/5051/1 4512/5050/1 4521/5061/1 
f 4522/5062/1 4516/5054/1 4513/5051/1 4523/5063/1 
f 4520/5064/1 4524/5065/1 4523/5066/1 4513/5067/1 
f 4525/5068/1 4512/5050/1 4515/5053/1 4526/5069/1 
f 4517/5055/1 4516/5054/1 4527/5070/1 4526/5071/1 
f 4528/5072/1 4529/5073/1 4530/5074/1 4531/5075/1 
f 4529/5073/1 4532/5076/1 4533/5077/1 4530/5074/1 
f 4534/5078/1 4531/5075/1 4530/5074/1 4535/5079/1 
f 4533/5077/1 4536/5080/1 4535/5079/1 4530/5074/1 
f 4515/5053/1 4537/5081/1 4538/5082/1 4526/5069/1 
f 4517/5055/1 4526/5071/1 4538/5083/1 4539/5084/1 
f 4505/5085/1 4504/5086/1 4388/4884/1 4385/4883/1 
f 4388/4884/1 4504/5086/1 4540/5087/1 4541/5088/1 
f 4540/5089/1 4504/5038/1 4503/5037/1 4542/5090/1 
f 4543/5091/1 4544/5092/1 4545/5093/1 4546/5094/1 
f 4543/5091/1 4547/5095/1 4548/5096/1 4544/5092/1 
f 4549/5097/1 4544/5092/1 4548/5096/1 4550/5098/1 
f 4551/5099/1 4544/5092/1 4549/5097/1 4552/5100/1 
f 4553/5101/1 4522/5102/1 4523/5066/1 4524/5065/1 
f 4545/5103/1 4544/5104/1 4554/5105/1 4555/5106/1 
f 4554/5107/1 4544/5092/1 4551/5099/1 4556/5108/1 
f 4525/5068/1 4557/5109/1 4521/5061/1 4512/5050/1 
f 4558/5110/1 4557/5111/1 4525/5112/1 4559/5113/1 
f 4560/5114/1 4561/5115/1 4557/5111/1 4562/5116/1 
f 4549/5097/1 4563/5117/1 4564/5118/1 4552/5100/1 
f 4565/5119/1 4563/5117/1 4549/5097/1 4550/5098/1 
f 4566/5120/1 4563/5117/1 4565/5119/1 4567/5121/1 
f 4568/5122/1 4569/5123/1 4561/5124/1 4560/5125/1 
f 4570/5126/1 4519/5057/1 4518/5056/1 4561/5124/1 
f 4569/5123/1 4571/5127/1 4570/5126/1 4561/5124/1 
f 4527/5128/1 4572/5129/1 4558/5110/1 4559/5113/1 
f 4572/5130/1 4527/5070/1 4516/5054/1 4522/5062/1 
f 4573/5131/1 4574/5132/1 4572/5129/1 4575/5133/1 
f 4576/5134/1 4556/5108/1 4551/5099/1 4577/5135/1 
f 4564/5118/1 4556/5136/1 4576/5137/1 4578/5138/1 
f 4554/5139/1 4556/5136/1 4579/5140/1 4580/5141/1 
f 4581/5142/1 4580/5141/1 4579/5140/1 4582/5143/1 
f 4583/5144/1 4584/5145/1 4585/5146/1 4586/5147/1 
f 4584/5145/1 4587/5148/1 4588/5149/1 4585/5146/1 
f 4589/5150/1 4590/5151/1 4585/5152/1 4591/5153/1 
f 4592/5154/1 4593/5155/1 4586/5156/1 4585/5152/1 
f 4590/5151/1 4594/5157/1 4592/5154/1 4585/5152/1 
f 4595/5158/1 4596/5159/1 4597/5160/1 4598/5161/1 
f 4599/5162/1 4600/5163/1 4595/5158/1 4598/5161/1 
f 4601/5164/1 4602/5165/1 4599/5162/1 4598/5161/1 
f 4603/5166/1 4604/5167/1 4598/5161/1 4597/5160/1 
f 4604/5167/1 4605/5168/1 4601/5164/1 4598/5161/1 
f 4606/5169/1 4607/5170/1 4608/5171/1 4609/5172/1 
f 4610/5173/1 4606/5174/1 4609/5175/1 4611/5176/1 
f 4584/5145/1 4583/5144/1 4609/5172/1 4608/5171/1 
f 4612/5177/1 4609/5175/1 4583/5178/1 4613/5179/1 
f 4614/5180/1 4615/5181/1 4616/5182/1 4617/5183/1 
f 4616/5182/1 4615/5181/1 4618/5184/1 4619/5185/1 
f 4615/5181/1 4614/5180/1 4620/5186/1 4621/5187/1 
f 4613/5188/1 4589/5189/1 4622/5190/1 4612/5191/1 
f 4622/5190/1 4623/5192/1 4624/5193/1 4612/5191/1 
f 4625/5194/1 4626/5195/1 4627/5196/1 4628/5197/1 
f 4629/5198/1 4626/5195/1 4625/5194/1 4630/5199/1 
f 4627/5196/1 4626/5195/1 4629/5198/1 4631/5200/1 
f 4632/5201/1 4633/5202/1 4616/5182/1 4619/5185/1 
f 4618/5184/1 4634/5203/1 4632/5201/1 4619/5185/1 
f 4635/5204/1 4636/5205/1 4637/5206/1 4638/5207/1 
f 4639/5208/1 4640/5209/1 4637/5206/1 4636/5205/1 
f 4636/5205/1 4635/5204/1 4641/5210/1 4639/5208/1 
f 4642/5211/1 4643/5212/1 4644/5213/1 4645/5214/1 
f 4646/5215/1 4643/5212/1 4642/5211/1 4647/5216/1 
f 4644/5213/1 4643/5212/1 4646/5215/1 4648/5217/1 
f 4649/5218/1 4650/5219/1 4651/5220/1 4621/5187/1 
f 4649/5218/1 4652/5221/1 4653/5222/1 4650/5219/1 
f 4653/5222/1 4654/5223/1 4655/5224/1 4650/5219/1 
f 4655/5225/1 4656/5226/1 4657/5227/1 4650/5228/1 
f 4657/5227/1 4658/5229/1 4651/5230/1 4650/5228/1 
f 4659/5231/1 4660/5232/1 302/5233/1 301/5234/1 
f 302/5233/1 4660/5232/1 4661/5235/1 305/5236/1 
f 4661/5235/1 4660/5232/1 4662/5237/1 4663/5238/1 
f 4663/5238/1 4662/5237/1 4664/5239/1 4665/5240/1 
f 4664/5239/1 4662/5237/1 4660/5232/1 4666/5241/1 
f 4667/5242/1 4668/5243/1 4669/5244/1 4670/5245/1 
f 4667/5242/1 4671/5246/1 4672/5247/1 4668/5243/1 
f 4411/4917/1 4673/5248/1 4674/5249/1 4417/4925/1 
f 4675/5250/1 4418/4926/1 4417/4925/1 4674/5249/1 
f 4676/5251/1 4677/5252/1 4678/5253/1 4641/5210/1 
f 4679/5254/1 4680/5255/1 4678/5253/1 4681/5256/1 
f 4682/5257/1 4678/5253/1 4677/5252/1 4683/5258/1 
f 4682/5257/1 4684/5259/1 4681/5256/1 4678/5253/1 
f 4685/5260/1 4686/5261/1 4687/5262/1 4688/5263/1 
f 4689/5264/1 4690/5265/1 4691/5266/1 4692/5267/1 
f 4693/5268/1 4692/5267/1 4691/5266/1 4694/5269/1 
f 4695/5270/1 4691/5266/1 4690/5265/1 4696/5271/1 
f 4697/5272/1 4698/5273/1 4699/5274/1 4659/5231/1 
f 4700/5275/1 4698/5276/1 4697/5277/1 4701/5278/1 
f 4702/5279/1 4703/5280/1 4699/5274/1 4698/5273/1 
f 4704/5281/1 4698/5273/1 350/436/1 349/435/1 
f 4704/5281/1 4705/5282/1 4702/5279/1 4698/5273/1 
f 4706/5283/1 4707/5284/1 4708/5285/1 4709/5286/1 
f 4707/5284/1 4710/5287/1 4711/5288/1 4708/5285/1 
f 4712/5289/1 4713/5290/1 4708/5285/1 4711/5288/1 
f 4713/5290/1 4714/5291/1 4709/5286/1 4708/5285/1 
f 4689/5264/1 4692/5267/1 4715/5292/1 4716/5293/1 
f 350/453/1 4698/5276/1 4700/5275/1 364/452/1 
f 4682/5257/1 4717/5294/1 4718/5295/1 4684/5259/1 
f 4719/5296/1 4717/5294/1 4682/5257/1 4683/5258/1 
f 4719/5296/1 4720/5297/1 4718/5295/1 4717/5294/1 
f 4721/5298/1 4722/5299/1 4723/5300/1 4724/5301/1 
f 4725/5302/1 4722/5299/1 4721/5298/1 4726/5303/1 
f 4723/5304/1 4727/5305/1 4728/5306/1 4724/5307/1 
f 4728/5308/1 4727/5309/1 4725/5310/1 4726/5311/1 
f 4729/5312/1 4730/5313/1 4731/5314/1 4732/5315/1 
f 4729/5312/1 4732/5315/1 4733/5316/1 4734/5317/1 
f 4735/5318/1 4730/5313/1 4729/5312/1 4734/5317/1 
f 4736/5319/1 4737/5320/1 4738/5321/1 4739/5322/1 
f 4740/5323/1 4738/5321/1 4737/5320/1 4741/5324/1 
f 4742/5325/1 4739/5326/1 4738/5327/1 4743/5328/1 
f 4744/5329/1 4738/5327/1 4745/5330/1 4746/5331/1 
f 4747/5332/1 4743/5333/1 4748/5334/1 4749/5335/1 
f 4748/5334/1 4743/5333/1 4750/5336/1 4751/5337/1 
f 4744/5329/1 4750/5338/1 4743/5328/1 4738/5327/1 
f 4745/5339/1 4738/5321/1 4740/5323/1 4752/5340/1 
f 4753/5341/1 4754/5342/1 4755/5343/1 4756/5344/1 
f 4757/5345/1 4758/5346/1 4753/5341/1 4756/5344/1 
f 4757/5345/1 4756/5344/1 4759/5347/1 4760/5348/1 
f 4759/5347/1 4756/5344/1 4755/5343/1 4761/5349/1 
f 4750/5336/1 4744/5350/1 4762/5351/1 4763/5352/1 
f 4764/5353/1 4765/5354/1 4744/5329/1 4746/5331/1 
f 4765/5354/1 4766/5355/1 4762/5356/1 4744/5329/1 
f 4767/5357/1 4768/5358/1 4769/5359/1 4770/5360/1 
f 4771/5361/1 4772/5362/1 4768/5363/1 4767/5364/1 
f 4773/5365/1 4769/5366/1 4768/5363/1 4774/5367/1 
f 4775/5368/1 4758/5346/1 4757/5345/1 4776/5369/1 
f 4777/5370/1 4760/5348/1 4408/4913/1 4407/4912/1 
f 4778/5371/1 4760/5372/1 4777/5373/1 4779/5374/1 
f 4780/5375/1 4757/5345/1 4760/5348/1 4778/5376/1 
f 4408/4913/1 4760/5348/1 4759/5347/1 4406/4914/1 
f 4781/5377/1 4782/5378/1 4783/5379/1 4784/5380/1 
f 4785/5381/1 4784/5382/1 4783/5383/1 4786/5384/1 
f 4787/5385/1 4788/5386/1 4789/5387/1 4782/5388/1 
f 4790/5389/1 4786/5384/1 4789/5387/1 4788/5386/1 
f 4780/5390/1 4791/5391/1 4792/5392/1 4757/5393/1 
f 4793/5394/1 4794/5395/1 4795/5396/1 4796/5397/1 
f 4797/5398/1 4794/5399/1 4793/5400/1 4798/5401/1 
f 4795/5402/1 4794/5399/1 4797/5398/1 4799/5403/1 
f 4800/5404/1 4801/5405/1 4802/5406/1 4803/5407/1 
f 4804/5408/1 4801/5405/1 4800/5404/1 4805/5409/1 
f 4802/5406/1 4801/5405/1 4804/5408/1 4806/5410/1 
f 4800/5411/1 4803/5412/1 4807/5413/1 4808/5414/1 
f 4807/5413/1 4803/5412/1 4809/5415/1 4810/5416/1 
f 4809/5417/1 4803/5407/1 4811/5418/1 4812/5419/1 
f 4811/5418/1 4803/5407/1 4802/5406/1 4813/5420/1 
f 4814/5421/1 4815/5422/1 4816/5423/1 4817/5424/1 
f 4818/5425/1 4819/5426/1 4817/5424/1 4816/5423/1 
f 4819/5427/1 4820/5428/1 4821/5429/1 4817/5430/1 
f 4822/5431/1 4814/5432/1 4817/5430/1 4821/5429/1 
f 4823/5433/1 4824/5434/1 4825/5435/1 4826/5436/1 
f 4827/5437/1 4824/5438/1 4823/5439/1 4828/5440/1 
f 4829/5441/1 4824/5434/1 4827/5442/1 4830/5443/1 
f 4825/5435/1 4396/4894/1 4395/4893/1 4831/5444/1 
f 4393/4891/1 4396/4894/1 4825/5435/1 4824/5434/1 
f 4832/5445/1 4400/5446/1 4398/5447/1 4829/5441/1 
f 4399/4900/1 4400/4901/1 4832/5448/1 4833/5449/1 
f 4831/5444/1 4834/5450/1 4826/5436/1 4825/5435/1 
f 4826/5451/1 4834/5452/1 4835/5453/1 4836/5454/1 
f 4834/5452/1 4837/5455/1 4838/5456/1 4835/5453/1 
f 4814/5432/1 4822/5431/1 4839/5457/1 4840/5458/1 
f 4841/5459/1 4842/5460/1 4840/5458/1 4839/5457/1 
f 4815/5422/1 4814/5421/1 4840/5461/1 4843/5462/1 
f 4842/5463/1 4844/5464/1 4843/5462/1 4840/5461/1 
f 4845/5465/1 4846/5466/1 4847/5467/1 4848/5468/1 
f 4849/5469/1 4850/5470/1 4846/5466/1 4845/5465/1 
f 4851/5471/1 4852/5472/1 4853/5473/1 4837/5474/1 
f 4854/5475/1 4837/5455/1 4834/5452/1 4855/5476/1 
f 4851/5477/1 4837/5478/1 4854/5479/1 4856/5480/1 
f 4857/5481/1 4858/5482/1 4859/5483/1 4860/5484/1 
f 4837/5455/1 4853/5485/1 4859/5486/1 4838/5456/1 
f 4853/5473/1 4861/5487/1 4860/5484/1 4859/5483/1 
f 4862/5488/1 4863/5489/1 4864/5490/1 4865/5491/1 
f 4866/5492/1 4867/5493/1 4868/5494/1 4869/5495/1 
f 4866/5492/1 4870/5496/1 4871/5497/1 4867/5493/1 
f 4866/5492/1 4869/5495/1 4872/5498/1 4870/5496/1 
f 4873/5499/1 4874/5500/1 4875/5501/1 4876/5502/1 
f 4877/5503/1 4878/5504/1 4876/5502/1 4875/5501/1 
f 4879/5505/1 4877/5503/1 4875/5501/1 4880/5506/1 
f 4848/5468/1 4847/5467/1 4881/5507/1 4882/5508/1 
f 4883/5509/1 4884/5510/1 4881/5507/1 4885/5511/1 
f 4886/5512/1 4887/5513/1 4884/5510/1 4883/5509/1 
f 4888/5514/1 4886/5512/1 4883/5509/1 4889/5515/1 
f 4890/5516/1 4889/5515/1 4883/5509/1 4885/5511/1 
f 4891/5517/1 4889/5515/1 4890/5516/1 4892/5518/1 
f 4893/5519/1 4894/5520/1 4892/5518/1 4890/5516/1 
f 4885/5511/1 4850/5470/1 4893/5519/1 4890/5516/1 
f 4895/5521/1 4896/5522/1 4894/5520/1 4893/5519/1 
f 4850/5470/1 4849/5469/1 4895/5521/1 4893/5519/1 
f 4897/5523/1 4896/5522/1 4895/5521/1 4898/5524/1 
f 4899/5525/1 4898/5524/1 4895/5521/1 4849/5469/1 
f 4845/5465/1 4900/5526/1 4899/5525/1 4849/5469/1 
f 4901/5527/1 4898/5524/1 4899/5525/1 4902/5528/1 
f 4903/5529/1 4902/5528/1 4899/5525/1 4900/5526/1 
f 4904/5530/1 4903/5529/1 4900/5526/1 4905/5531/1 
f 4906/5532/1 4907/5533/1 4902/5528/1 4903/5529/1 
f 4908/5534/1 4906/5532/1 4903/5529/1 4904/5530/1 
f 4909/5535/1 4910/5536/1 4908/5534/1 4904/5530/1 
f 4911/5537/1 4912/5538/1 4906/5532/1 4908/5534/1 
f 4910/5536/1 4913/5539/1 4911/5537/1 4908/5534/1 
f 4914/5540/1 4915/5541/1 4913/5539/1 4910/5536/1 
f 4916/5542/1 4911/5537/1 4913/5539/1 4917/5543/1 
f 4915/5541/1 4918/5544/1 4917/5543/1 4913/5539/1 
f 4919/5545/1 4920/5546/1 4918/5544/1 4915/5541/1 
f 4921/5547/1 4917/5543/1 4918/5544/1 4922/5548/1 
f 4920/5546/1 4923/5549/1 4922/5548/1 4918/5544/1 
f 4924/5550/1 4925/5551/1 4923/5549/1 4920/5546/1 
f 4926/5552/1 4922/5548/1 4923/5549/1 4927/5553/1 
f 4928/5554/1 4927/5553/1 4923/5549/1 4925/5551/1 
f 4925/5551/1 4873/5499/1 4876/5502/1 4928/5554/1 
f 4929/5555/1 4930/5556/1 4927/5553/1 4928/5554/1 
f 4878/5504/1 4929/5555/1 4928/5554/1 4876/5502/1 
f 4931/5557/1 4932/5558/1 4930/5556/1 4929/5555/1 
f 4933/5559/1 4931/5557/1 4929/5555/1 4878/5504/1 
f 4878/5504/1 4877/5503/1 4934/5560/1 4933/5559/1 
f 4935/5561/1 4936/5562/1 4931/5557/1 4933/5559/1 
f 4937/5563/1 4935/5561/1 4933/5559/1 4934/5560/1 
f 4938/5564/1 4939/5565/1 4937/5563/1 4940/5566/1 
f 4934/5560/1 4941/5567/1 4940/5566/1 4937/5563/1 
f 4939/5565/1 4857/5481/1 4935/5561/1 4937/5563/1 
f 4942/5568/1 4940/5566/1 4941/5567/1 4943/5569/1 
f 4943/5569/1 4941/5567/1 4879/5505/1 4944/5570/1 
f 4877/5503/1 4879/5505/1 4941/5567/1 4934/5560/1 
f 4943/5569/1 4944/5570/1 4862/5488/1 4945/5571/1 
f 4862/5488/1 4944/5570/1 4946/5572/1 4863/5489/1 
f 4946/5572/1 4944/5570/1 4879/5505/1 4880/5506/1 
f 4946/5572/1 4947/5573/1 4948/5574/1 4863/5489/1 
f 4946/5572/1 4880/5506/1 4949/5575/1 4947/5573/1 
f 4950/5576/1 4951/5577/1 4947/5573/1 4949/5575/1 
f 4952/5578/1 4950/5576/1 4949/5575/1 4953/5579/1 
f 4953/5579/1 4949/5575/1 4880/5506/1 4875/5501/1 
f 4954/5580/1 4952/5578/1 4953/5579/1 4955/5581/1 
f 4874/5500/1 4955/5581/1 4953/5579/1 4875/5501/1 
f 4956/5582/1 4954/5580/1 4955/5581/1 4957/5583/1 
f 4958/5584/1 4957/5583/1 4955/5581/1 4874/5500/1 
f 4959/5585/1 4960/5586/1 4957/5583/1 4958/5584/1 
f 4961/5587/1 4959/5585/1 4958/5584/1 4962/5588/1 
f 4874/5500/1 4873/5499/1 4962/5588/1 4958/5584/1 
f 4924/5550/1 4963/5589/1 4961/5587/1 4962/5588/1 
f 4925/5551/1 4924/5550/1 4962/5588/1 4873/5499/1 
f 4964/5590/1 4961/5587/1 4963/5589/1 4965/5591/1 
f 4919/5545/1 4966/5592/1 4965/5591/1 4963/5589/1 
f 4920/5546/1 4919/5545/1 4963/5589/1 4924/5550/1 
f 4871/5497/1 4965/5591/1 4966/5592/1 4967/5593/1 
f 4914/5540/1 4968/5594/1 4967/5593/1 4966/5592/1 
f 4915/5541/1 4914/5540/1 4966/5592/1 4919/5545/1 
f 4969/5595/1 4970/5596/1 4967/5593/1 4968/5594/1 
f 4909/5535/1 4971/5597/1 4969/5595/1 4968/5594/1 
f 4910/5536/1 4909/5535/1 4968/5594/1 4914/5540/1 
f 4972/5598/1 4969/5595/1 4971/5597/1 4882/5508/1 
f 4882/5508/1 4971/5597/1 4905/5531/1 4848/5468/1 
f 4904/5530/1 4905/5531/1 4971/5597/1 4909/5535/1 
f 4973/5599/1 4974/5600/1 4975/5601/1 4972/5598/1 
f 4882/5508/1 4881/5507/1 4973/5599/1 4972/5598/1 
f 4970/5596/1 4969/5595/1 4972/5598/1 4975/5601/1 
f 4976/5602/1 4977/5603/1 4974/5600/1 4973/5599/1 
f 4884/5510/1 4976/5602/1 4973/5599/1 4881/5507/1 
f 4978/5604/1 4979/5605/1 4977/5603/1 4976/5602/1 
f 4887/5513/1 4978/5604/1 4976/5602/1 4884/5510/1 
f 4980/5606/1 4981/5607/1 4979/5605/1 4978/5604/1 
f 4982/5608/1 4980/5606/1 4978/5604/1 4887/5513/1 
f 4983/5609/1 4984/5610/1 4980/5606/1 4982/5608/1 
f 4985/5611/1 4986/5612/1 4983/5609/1 4982/5608/1 
f 4887/5513/1 4886/5512/1 4985/5611/1 4982/5608/1 
f 4987/5613/1 4988/5614/1 4986/5612/1 4985/5611/1 
f 4888/5514/1 4987/5613/1 4985/5611/1 4886/5512/1 
f 4989/5615/1 4990/5616/1 4988/5614/1 4987/5613/1 
f 4991/5617/1 4989/5615/1 4987/5613/1 4888/5514/1 
f 4992/5618/1 4989/5615/1 4991/5617/1 4993/5619/1 
f 4891/5517/1 4994/5620/1 4993/5619/1 4991/5617/1 
f 4889/5515/1 4891/5517/1 4991/5617/1 4888/5514/1 
f 4995/5621/1 4993/5619/1 4994/5620/1 4996/5622/1 
f 4997/5623/1 4998/5624/1 4996/5622/1 4994/5620/1 
f 4892/5518/1 4997/5623/1 4994/5620/1 4891/5517/1 
f 4999/5625/1 5000/5626/1 4998/5624/1 4997/5623/1 
f 4894/5520/1 4999/5625/1 4997/5623/1 4892/5518/1 
f 5001/5627/1 5002/5628/1 5000/5626/1 4999/5625/1 
f 4896/5522/1 5001/5627/1 4999/5625/1 4894/5520/1 
f 5003/5629/1 5004/5630/1 5002/5628/1 5001/5627/1 
f 4897/5523/1 5003/5629/1 5001/5627/1 4896/5522/1 
f 5005/5631/1 5006/5632/1 5004/5630/1 5003/5629/1 
f 4897/5523/1 5007/5633/1 5005/5631/1 5003/5629/1 
f 4898/5524/1 4901/5527/1 5007/5633/1 4897/5523/1 
f 5008/5634/1 5005/5631/1 5007/5633/1 5009/5635/1 
f 4901/5527/1 5010/5636/1 5009/5635/1 5007/5633/1 
f 4902/5528/1 4907/5533/1 5010/5636/1 4901/5527/1 
f 5011/5637/1 5009/5635/1 5010/5636/1 5012/5638/1 
f 4907/5533/1 5013/5639/1 5012/5638/1 5010/5636/1 
f 4907/5533/1 4906/5532/1 4912/5538/1 5013/5639/1 
f 5014/5640/1 5012/5638/1 5013/5639/1 5015/5641/1 
f 5016/5642/1 5015/5641/1 5013/5639/1 4912/5538/1 
f 4912/5538/1 4911/5537/1 4916/5542/1 5016/5642/1 
f 5017/5643/1 5015/5641/1 5016/5642/1 5018/5644/1 
f 5019/5645/1 5018/5644/1 5016/5642/1 4916/5542/1 
f 4917/5543/1 4921/5547/1 5019/5645/1 4916/5542/1 
f 5020/5646/1 5018/5644/1 5019/5645/1 5021/5647/1 
f 4921/5547/1 5022/5648/1 5021/5647/1 5019/5645/1 
f 4922/5548/1 4926/5552/1 5022/5648/1 4921/5547/1 
f 5023/5649/1 5021/5647/1 5022/5648/1 5024/5650/1 
f 4926/5552/1 5025/5651/1 5024/5650/1 5022/5648/1 
f 4927/5553/1 4930/5556/1 5025/5651/1 4926/5552/1 
f 5026/5652/1 5024/5650/1 5025/5651/1 5027/5653/1 
f 4932/5558/1 5027/5653/1 5025/5651/1 4930/5556/1 
f 5028/5654/1 5026/5652/1 5027/5653/1 5029/5655/1 
f 5030/5656/1 5029/5655/1 5027/5653/1 4932/5558/1 
f 4932/5558/1 4931/5557/1 4936/5562/1 5030/5656/1 
f 5031/5657/1 5029/5655/1 5030/5656/1 4861/5487/1 
f 4936/5562/1 4860/5484/1 4861/5487/1 5030/5656/1 
f 5032/5658/1 5028/5654/1 5029/5655/1 5031/5657/1 
f 5033/5659/1 5032/5658/1 5031/5657/1 4852/5472/1 
f 4861/5487/1 4853/5473/1 4852/5472/1 5031/5657/1 
f 5034/5660/1 5035/5661/1 5032/5658/1 5033/5659/1 
f 5036/5662/1 5034/5660/1 5033/5659/1 5037/5663/1 
f 4852/5472/1 4851/5471/1 5037/5663/1 5033/5659/1 
f 5038/5664/1 5036/5662/1 5037/5663/1 5039/5665/1 
f 4856/5480/1 5039/5666/1 5037/5667/1 4851/5477/1 
f 5040/5668/1 5038/5669/1 5039/5666/1 5041/5670/1 
f 4856/5480/1 5042/5671/1 5041/5670/1 5039/5666/1 
f 5043/5672/1 5041/5670/1 5042/5671/1 5044/5673/1 
f 5044/5673/1 5042/5671/1 5045/5674/1 5046/5675/1 
f 5045/5674/1 5042/5671/1 4856/5480/1 4854/5479/1 
f 5046/5676/1 5045/5677/1 5047/5678/1 4830/5443/1 
f 5047/5679/1 5045/5680/1 4854/5475/1 4855/5476/1 
f 4830/5443/1 5047/5678/1 4832/5445/1 4829/5441/1 
f 4832/5448/1 5047/5679/1 4855/5476/1 4833/5449/1 
f 5048/5681/1 5049/5682/1 5044/5673/1 5046/5675/1 
f 5048/5683/1 5046/5676/1 4830/5443/1 4827/5442/1 
f 5050/5684/1 5051/5685/1 5049/5682/1 5048/5681/1 
f 5050/5686/1 5048/5687/1 4827/5437/1 4828/5440/1 
f 5052/5688/1 5053/5689/1 5051/5685/1 5050/5684/1 
f 5054/5690/1 5052/5691/1 5050/5686/1 4828/5440/1 
f 5055/5692/1 5056/5693/1 5052/5691/1 5054/5690/1 
f 5057/5694/1 5055/5692/1 5054/5690/1 5058/5695/1 
f 5054/5690/1 4828/5440/1 4823/5439/1 5058/5695/1 
f 5059/5696/1 5057/5694/1 5058/5695/1 4836/5454/1 
f 4836/5454/1 5058/5695/1 4823/5439/1 4826/5451/1 
f 4791/5391/1 5057/5694/1 5059/5696/1 4792/5392/1 
f 5060/5697/1 4792/5392/1 5059/5696/1 5061/5698/1 
f 5061/5698/1 5059/5696/1 4836/5454/1 4835/5453/1 
f 5062/5699/1 5060/5697/1 5061/5698/1 5063/5700/1 
f 5063/5700/1 5061/5698/1 4835/5453/1 4838/5456/1 
f 5064/5701/1 5062/5699/1 5063/5700/1 5065/5702/1 
f 4838/5456/1 4859/5486/1 5065/5702/1 5063/5700/1 
f 5066/5703/1 5064/5701/1 5065/5702/1 5067/5704/1 
f 4858/5482/1 5067/5705/1 5065/5706/1 4859/5483/1 
f 5068/5707/1 5069/5708/1 5066/5709/1 5067/5705/1 
f 5070/5710/1 5068/5707/1 5067/5705/1 4858/5482/1 
f 5071/5711/1 5072/5712/1 5068/5707/1 5070/5710/1 
f 4938/5564/1 5071/5711/1 5070/5710/1 4939/5565/1 
f 4858/5482/1 4857/5481/1 4939/5565/1 5070/5710/1 
f 5073/5713/1 5074/5714/1 5072/5712/1 5071/5711/1 
f 5075/5715/1 5073/5713/1 5071/5711/1 4938/5564/1 
f 5076/5716/1 5073/5713/1 5075/5715/1 5077/5717/1 
f 4942/5568/1 5078/5718/1 5077/5717/1 5075/5715/1 
f 4940/5566/1 4942/5568/1 5075/5715/1 4938/5564/1 
f 5079/5719/1 5077/5717/1 5078/5718/1 5080/5720/1 
f 4945/5571/1 5081/5721/1 5080/5720/1 5078/5718/1 
f 4943/5569/1 4945/5571/1 5078/5718/1 4942/5568/1 
f 5082/5722/1 5083/5723/1 5080/5720/1 5081/5721/1 
f 4865/5491/1 4864/5490/1 5082/5722/1 5081/5721/1 
f 4865/5491/1 5081/5721/1 4945/5571/1 4862/5488/1 
f 5084/5724/1 5085/5725/1 5083/5723/1 5082/5722/1 
f 5086/5726/1 5084/5724/1 5082/5722/1 4864/5490/1 
f 5087/5727/1 5088/5728/1 5084/5724/1 5086/5726/1 
f 5089/5729/1 5087/5727/1 5086/5726/1 4948/5574/1 
f 4864/5490/1 4863/5489/1 4948/5574/1 5086/5726/1 
f 5090/5730/1 5091/5731/1 5087/5727/1 5089/5729/1 
f 5092/5732/1 5090/5730/1 5089/5729/1 4951/5577/1 
f 4948/5574/1 4947/5573/1 4951/5577/1 5089/5729/1 
f 5093/5733/1 5094/5734/1 5090/5730/1 5092/5732/1 
f 5095/5735/1 5093/5733/1 5092/5732/1 5096/5736/1 
f 4951/5577/1 4950/5576/1 5096/5736/1 5092/5732/1 
f 5097/5737/1 5095/5735/1 5096/5736/1 5098/5738/1 
f 4950/5576/1 4952/5578/1 5098/5738/1 5096/5736/1 
f 5099/5739/1 5097/5737/1 5098/5738/1 5100/5740/1 
f 4952/5578/1 4954/5580/1 5100/5740/1 5098/5738/1 
f 5101/5741/1 5099/5739/1 5100/5740/1 5102/5742/1 
f 4954/5580/1 4956/5582/1 5102/5742/1 5100/5740/1 
f 5103/5743/1 5101/5741/1 5102/5742/1 5104/5744/1 
f 4956/5582/1 5105/5745/1 5104/5744/1 5102/5742/1 
f 5106/5746/1 5104/5744/1 5105/5745/1 5107/5747/1 
f 4960/5586/1 5108/5748/1 5107/5747/1 5105/5745/1 
f 4957/5583/1 4960/5586/1 5105/5745/1 4956/5582/1 
f 5109/5749/1 5107/5747/1 5108/5748/1 5110/5750/1 
f 4872/5498/1 5110/5750/1 5108/5748/1 5111/5751/1 
f 4960/5586/1 4959/5585/1 5111/5751/1 5108/5748/1 
f 4870/5496/1 4872/5498/1 5111/5751/1 4964/5590/1 
f 4959/5585/1 4961/5587/1 4964/5590/1 5111/5751/1 
f 5112/5752/1 5109/5749/1 5110/5750/1 5113/5753/1 
f 4872/5498/1 4869/5495/1 5113/5753/1 5110/5750/1 
f 5114/5754/1 5112/5752/1 5113/5753/1 5115/5755/1 
f 4869/5495/1 4868/5494/1 5115/5755/1 5113/5753/1 
f 4977/5603/1 5114/5754/1 5115/5755/1 4974/5600/1 
f 4868/5494/1 4975/5601/1 4974/5600/1 5115/5755/1 
f 5116/5756/1 5117/5757/1 5112/5752/1 5114/5754/1 
f 4979/5605/1 5116/5756/1 5114/5754/1 4977/5603/1 
f 5118/5758/1 5119/5759/1 5117/5757/1 5116/5756/1 
f 4981/5607/1 5118/5758/1 5116/5756/1 4979/5605/1 
f 5120/5760/1 5121/5761/1 5119/5759/1 5118/5758/1 
f 5122/5762/1 5120/5760/1 5118/5758/1 4981/5607/1 
f 5123/5763/1 5124/5764/1 5120/5760/1 5122/5762/1 
f 5125/5765/1 5123/5763/1 5122/5762/1 4984/5610/1 
f 4981/5607/1 4980/5606/1 4984/5610/1 5122/5762/1 
f 5126/5766/1 5127/5767/1 5123/5763/1 5125/5765/1 
f 5128/5768/1 5126/5766/1 5125/5765/1 5129/5769/1 
f 4984/5610/1 4983/5609/1 5129/5769/1 5125/5765/1 
f 5130/5770/1 5128/5768/1 5129/5769/1 5131/5771/1 
f 4986/5612/1 5131/5771/1 5129/5769/1 4983/5609/1 
f 5132/5772/1 5130/5770/1 5131/5771/1 5133/5773/1 
f 4988/5614/1 5133/5773/1 5131/5771/1 4986/5612/1 
f 5134/5774/1 5132/5772/1 5133/5773/1 5135/5775/1 
f 4990/5616/1 5135/5775/1 5133/5773/1 4988/5614/1 
f 5136/5776/1 5134/5774/1 5135/5775/1 5137/5777/1 
f 4990/5616/1 5138/5778/1 5137/5777/1 5135/5775/1 
f 5139/5779/1 5137/5780/1 5138/5781/1 5140/5782/1 
f 4992/5618/1 5141/5783/1 5140/5784/1 5138/5778/1 
f 4989/5615/1 4992/5618/1 5138/5778/1 4990/5616/1 
f 5142/5785/1 5140/5782/1 5141/5786/1 5143/5787/1 
f 4995/5621/1 5144/5788/1 5143/5789/1 5141/5783/1 
f 4993/5619/1 4995/5621/1 5141/5783/1 4992/5618/1 
f 5145/5790/1 5143/5787/1 5144/5791/1 5146/5792/1 
f 5147/5793/1 5148/5794/1 5146/5795/1 5144/5788/1 
f 4996/5622/1 5147/5793/1 5144/5788/1 4995/5621/1 
f 5149/5796/1 5150/5797/1 5148/5794/1 5147/5793/1 
f 4998/5624/1 5149/5796/1 5147/5793/1 4996/5622/1 
f 5151/5798/1 5152/5799/1 5150/5797/1 5149/5796/1 
f 5000/5626/1 5151/5798/1 5149/5796/1 4998/5624/1 
f 5153/5800/1 5154/5801/1 5152/5799/1 5151/5798/1 
f 5002/5628/1 5153/5800/1 5151/5798/1 5000/5626/1 
f 5155/5802/1 5156/5803/1 5154/5801/1 5153/5800/1 
f 5004/5630/1 5155/5802/1 5153/5800/1 5002/5628/1 
f 5157/5804/1 5158/5805/1 5156/5803/1 5155/5802/1 
f 5006/5632/1 5157/5804/1 5155/5802/1 5004/5630/1 
f 5159/5806/1 5160/5807/1 5158/5805/1 5157/5804/1 
f 5161/5808/1 5159/5806/1 5157/5804/1 5006/5632/1 
f 5005/5631/1 5008/5634/1 5161/5808/1 5006/5632/1 
f 5162/5809/1 5159/5806/1 5161/5808/1 5163/5810/1 
f 5008/5634/1 5164/5811/1 5163/5810/1 5161/5808/1 
f 5009/5635/1 5011/5637/1 5164/5811/1 5008/5634/1 
f 5165/5812/1 5163/5810/1 5164/5811/1 5166/5813/1 
f 5011/5637/1 5167/5814/1 5166/5813/1 5164/5811/1 
f 5012/5638/1 5014/5640/1 5167/5814/1 5011/5637/1 
f 5168/5815/1 5166/5813/1 5167/5814/1 5169/5816/1 
f 5014/5640/1 5170/5817/1 5169/5816/1 5167/5814/1 
f 5015/5641/1 5017/5643/1 5170/5817/1 5014/5640/1 
f 5171/5818/1 5169/5816/1 5170/5817/1 5172/5819/1 
f 5017/5643/1 5173/5820/1 5172/5819/1 5170/5817/1 
f 5018/5644/1 5020/5646/1 5173/5820/1 5017/5643/1 
f 5174/5821/1 5172/5819/1 5173/5820/1 5175/5822/1 
f 5020/5646/1 5176/5823/1 5175/5822/1 5173/5820/1 
f 5021/5647/1 5023/5649/1 5176/5823/1 5020/5646/1 
f 5177/5824/1 5175/5822/1 5176/5823/1 5178/5825/1 
f 5023/5649/1 5179/5826/1 5178/5825/1 5176/5823/1 
f 5024/5650/1 5026/5652/1 5179/5826/1 5023/5649/1 
f 5180/5827/1 5178/5825/1 5179/5826/1 5181/5828/1 
f 5026/5652/1 5028/5654/1 5181/5828/1 5179/5826/1 
f 5182/5829/1 5180/5827/1 5181/5828/1 5035/5661/1 
f 5028/5654/1 5032/5658/1 5035/5661/1 5181/5828/1 
f 5183/5830/1 5184/5831/1 5180/5827/1 5182/5829/1 
f 5185/5832/1 5183/5830/1 5182/5829/1 5186/5833/1 
f 5035/5661/1 5034/5660/1 5186/5833/1 5182/5829/1 
f 5187/5834/1 5185/5832/1 5186/5833/1 5188/5835/1 
f 5034/5660/1 5036/5662/1 5188/5835/1 5186/5833/1 
f 4839/5457/1 5187/5834/1 5188/5835/1 4841/5459/1 
f 5038/5664/1 4841/5459/1 5188/5835/1 5036/5662/1 
f 5189/5836/1 5190/5837/1 5185/5832/1 5187/5834/1 
f 4822/5431/1 5189/5836/1 5187/5834/1 4839/5457/1 
f 5191/5838/1 5192/5839/1 5190/5837/1 5189/5836/1 
f 4821/5429/1 5191/5838/1 5189/5836/1 4822/5431/1 
f 5193/5840/1 5194/5841/1 5192/5839/1 5191/5838/1 
f 4820/5428/1 5193/5840/1 5191/5838/1 4821/5429/1 
f 5195/5842/1 5196/5843/1 5194/5841/1 5193/5840/1 
f 5197/5844/1 5195/5842/1 5193/5840/1 4820/5428/1 
f 5198/5845/1 5199/5846/1 5195/5842/1 5197/5844/1 
f 5200/5847/1 5198/5845/1 5197/5844/1 5201/5848/1 
f 4820/5428/1 4819/5427/1 5201/5848/1 5197/5844/1 
f 5202/5849/1 5203/5850/1 5200/5851/1 5201/5852/1 
f 4818/5425/1 5202/5849/1 5201/5852/1 4819/5426/1 
f 5204/5853/1 5203/5850/1 5202/5849/1 5205/5854/1 
f 5206/5855/1 5205/5854/1 5202/5849/1 4818/5425/1 
f 5207/5856/1 5208/5857/1 5205/5854/1 5206/5855/1 
f 5209/5858/1 5207/5856/1 5206/5855/1 5210/5859/1 
f 4818/5425/1 4816/5423/1 5210/5859/1 5206/5855/1 
f 5211/5860/1 5212/5861/1 5209/5858/1 5210/5859/1 
f 4816/5423/1 4815/5422/1 5211/5860/1 5210/5859/1 
f 5213/5862/1 5214/5863/1 5212/5861/1 5211/5860/1 
f 4843/5462/1 5213/5862/1 5211/5860/1 4815/5422/1 
f 5215/5864/1 5216/5865/1 5214/5863/1 5213/5862/1 
f 4844/5464/1 5215/5864/1 5213/5862/1 4843/5462/1 
f 5217/5866/1 5218/5867/1 5216/5865/1 5215/5864/1 
f 5219/5868/1 5217/5866/1 5215/5864/1 4844/5464/1 
f 5043/5672/1 5220/5869/1 5217/5866/1 5219/5868/1 
f 5041/5670/1 5043/5672/1 5219/5868/1 5040/5668/1 
f 4844/5464/1 4842/5463/1 5040/5668/1 5219/5868/1 
f 5218/5867/1 5217/5866/1 5220/5869/1 5221/5870/1 
f 5051/5685/1 5221/5870/1 5220/5869/1 5049/5682/1 
f 5044/5673/1 5049/5682/1 5220/5869/1 5043/5672/1 
f 5222/5871/1 5223/5872/1 5218/5867/1 5221/5870/1 
f 5053/5689/1 5222/5871/1 5221/5870/1 5051/5685/1 
f 5224/5873/1 5225/5874/1 5223/5872/1 5222/5871/1 
f 5226/5875/1 5224/5873/1 5222/5871/1 5053/5689/1 
f 5227/5876/1 5228/5877/1 5224/5873/1 5226/5875/1 
f 5229/5878/1 5227/5879/1 5226/5880/1 5056/5693/1 
f 5053/5689/1 5052/5688/1 5056/5881/1 5226/5875/1 
f 5230/5882/1 5231/5883/1 5227/5879/1 5229/5878/1 
f 5232/5884/1 5233/5885/1 5230/5882/1 5229/5878/1 
f 5056/5693/1 5055/5692/1 5232/5884/1 5229/5878/1 
f 4791/5391/1 4780/5390/1 5233/5885/1 5232/5884/1 
f 5055/5692/1 5057/5694/1 4791/5391/1 5232/5884/1 
f 5234/5886/1 5230/5882/1 5233/5885/1 5235/5887/1 
f 5235/5887/1 5233/5885/1 4780/5390/1 4778/5371/1 
f 5234/5886/1 5235/5887/1 5236/5888/1 5237/5889/1 
f 5236/5888/1 5235/5887/1 4778/5371/1 4779/5374/1 
f 5237/5889/1 5236/5888/1 5238/5890/1 5239/5891/1 
f 5238/5890/1 5236/5888/1 4779/5374/1 5240/5892/1 
f 5238/5893/1 5240/5894/1 4761/5349/1 5241/5895/1 
f 4761/5349/1 5240/5894/1 5242/5896/1 4759/5347/1 
f 5242/5897/1 5240/5892/1 4779/5374/1 4777/5373/1 
f 4759/5898/1 5242/5897/1 4405/4906/1 4406/4909/1 
f 4405/4906/1 5242/5897/1 4777/5373/1 4407/4911/1 
f 5238/5893/1 5241/5895/1 5243/5899/1 5239/5900/1 
f 5244/5901/1 5245/5902/1 5243/5899/1 5241/5895/1 
f 5244/5901/1 5241/5895/1 4761/5349/1 4755/5343/1 
f 5246/5903/1 5247/5904/1 5245/5902/1 5244/5901/1 
f 4754/5342/1 5246/5903/1 5244/5901/1 4755/5343/1 
f 5248/5905/1 5249/5906/1 5247/5904/1 5246/5903/1 
f 5250/5907/1 5248/5905/1 5246/5903/1 4754/5342/1 
f 5251/5908/1 5252/5909/1 5248/5905/1 5250/5907/1 
f 5253/5910/1 5251/5908/1 5250/5907/1 5254/5911/1 
f 4754/5342/1 4753/5341/1 5254/5911/1 5250/5907/1 
f 5255/5912/1 5256/5913/1 5253/5910/1 5254/5911/1 
f 5255/5912/1 5254/5911/1 4753/5341/1 4758/5346/1 
f 5257/5914/1 5258/5915/1 5256/5913/1 5255/5912/1 
f 4758/5346/1 4775/5368/1 5257/5914/1 5255/5912/1 
f 5259/5916/1 5260/5917/1 5258/5918/1 5257/5919/1 
f 5261/5920/1 5259/5921/1 5257/5914/1 4775/5368/1 
f 5262/5922/1 5259/5916/1 5261/5923/1 5263/5924/1 
f 5264/5925/1 5265/5926/1 5263/5927/1 5261/5920/1 
f 4776/5369/1 5264/5925/1 5261/5920/1 4775/5368/1 
f 5062/5699/1 5064/5701/1 5265/5928/1 5264/5929/1 
f 5060/5697/1 5062/5699/1 5264/5929/1 4776/5930/1 
f 5266/5931/1 5263/5924/1 5265/5932/1 5267/5933/1 
f 5064/5701/1 5066/5703/1 5267/5934/1 5265/5928/1 
f 5268/5935/1 5266/5931/1 5267/5933/1 5269/5936/1 
f 5066/5709/1 5069/5708/1 5269/5936/1 5267/5933/1 
f 5270/5937/1 5268/5935/1 5269/5936/1 5271/5938/1 
f 5069/5708/1 5272/5939/1 5271/5938/1 5269/5936/1 
f 5273/5940/1 5271/5938/1 5272/5939/1 5274/5941/1 
f 5074/5714/1 5274/5941/1 5272/5939/1 5072/5712/1 
f 5068/5707/1 5072/5712/1 5272/5939/1 5069/5708/1 
f 5275/5942/1 5273/5940/1 5274/5941/1 5276/5943/1 
f 5074/5714/1 5277/5944/1 5276/5943/1 5274/5941/1 
f 5278/5945/1 5276/5943/1 5277/5944/1 5279/5946/1 
f 5076/5716/1 5280/5947/1 5279/5946/1 5277/5944/1 
f 5073/5713/1 5076/5716/1 5277/5944/1 5074/5714/1 
f 5281/5948/1 5279/5946/1 5280/5947/1 5282/5949/1 
f 5079/5719/1 5283/5950/1 5282/5949/1 5280/5947/1 
f 5077/5717/1 5079/5719/1 5280/5947/1 5076/5716/1 
f 5284/5951/1 5282/5949/1 5283/5950/1 5285/5952/1 
f 5083/5723/1 5085/5725/1 5285/5952/1 5283/5950/1 
f 5080/5720/1 5083/5723/1 5283/5950/1 5079/5719/1 
f 5286/5953/1 5284/5951/1 5285/5952/1 5287/5954/1 
f 5288/5955/1 5287/5954/1 5285/5952/1 5085/5725/1 
f 5289/5956/1 5290/5957/1 5287/5954/1 5288/5955/1 
f 5291/5958/1 5289/5956/1 5288/5955/1 5088/5728/1 
f 5085/5725/1 5084/5724/1 5088/5728/1 5288/5955/1 
f 5292/5959/1 5293/5960/1 5289/5956/1 5291/5958/1 
f 5294/5961/1 5292/5959/1 5291/5958/1 5091/5731/1 
f 5088/5728/1 5087/5727/1 5091/5731/1 5291/5958/1 
f 5295/5962/1 5296/5963/1 5292/5959/1 5294/5961/1 
f 5297/5964/1 5295/5962/1 5294/5961/1 5094/5734/1 
f 5091/5731/1 5090/5730/1 5094/5734/1 5294/5961/1 
f 5298/5965/1 5295/5962/1 5297/5964/1 5299/5966/1 
f 5300/5967/1 5299/5966/1 5297/5964/1 5301/5968/1 
f 5094/5734/1 5093/5733/1 5301/5968/1 5297/5964/1 
f 5302/5969/1 5300/5967/1 5301/5968/1 5303/5970/1 
f 5093/5733/1 5095/5735/1 5303/5970/1 5301/5968/1 
f 5304/5971/1 5302/5969/1 5303/5970/1 5305/5972/1 
f 5095/5735/1 5097/5737/1 5305/5972/1 5303/5970/1 
f 5306/5973/1 5304/5971/1 5305/5972/1 5307/5974/1 
f 5097/5737/1 5099/5739/1 5307/5974/1 5305/5972/1 
f 5308/5975/1 5306/5973/1 5307/5974/1 5309/5976/1 
f 5099/5739/1 5101/5741/1 5309/5976/1 5307/5974/1 
f 5310/5977/1 5308/5975/1 5309/5976/1 5311/5978/1 
f 5101/5741/1 5103/5743/1 5311/5978/1 5309/5976/1 
f 5312/5979/1 5310/5977/1 5311/5978/1 5313/5980/1 
f 5103/5743/1 5314/5981/1 5313/5980/1 5311/5978/1 
f 5315/5982/1 5313/5980/1 5314/5981/1 5316/5983/1 
f 5106/5746/1 5317/5984/1 5316/5983/1 5314/5981/1 
f 5104/5744/1 5106/5746/1 5314/5981/1 5103/5743/1 
f 5119/5759/1 5316/5983/1 5317/5984/1 5117/5757/1 
f 5109/5749/1 5112/5752/1 5117/5757/1 5317/5984/1 
f 5107/5747/1 5109/5749/1 5317/5984/1 5106/5746/1 
f 5121/5761/1 5315/5982/1 5316/5983/1 5119/5759/1 
f 5318/5985/1 5312/5979/1 5313/5980/1 5315/5982/1 
f 5319/5986/1 5318/5985/1 5315/5982/1 5121/5761/1 
f 5320/5987/1 5321/5988/1 5318/5985/1 5319/5986/1 
f 5322/5989/1 5320/5987/1 5319/5986/1 5124/5764/1 
f 5121/5761/1 5120/5760/1 5124/5764/1 5319/5986/1 
f 5323/5990/1 5324/5991/1 5320/5987/1 5322/5989/1 
f 5325/5992/1 5323/5990/1 5322/5989/1 5127/5767/1 
f 5124/5764/1 5123/5763/1 5127/5767/1 5322/5989/1 
f 5326/5993/1 5327/5994/1 5323/5990/1 5325/5992/1 
f 5328/5995/1 5326/5993/1 5325/5992/1 5329/5996/1 
f 5127/5767/1 5126/5766/1 5329/5996/1 5325/5992/1 
f 5330/5997/1 5328/5995/1 5329/5996/1 5331/5998/1 
f 5126/5766/1 5128/5768/1 5331/5998/1 5329/5996/1 
f 5332/5999/1 5330/6000/1 5331/6001/1 5333/6002/1 
f 5128/6003/1 5130/6004/1 5333/6002/1 5331/6001/1 
f 5334/6005/1 5332/5999/1 5333/6002/1 5335/6006/1 
f 5130/6004/1 5132/6007/1 5335/6006/1 5333/6002/1 
f 5336/6008/1 5334/6005/1 5335/6006/1 5337/6009/1 
f 5132/6007/1 5134/6010/1 5337/6009/1 5335/6006/1 
f 5338/6011/1 5336/6008/1 5337/6009/1 5339/6012/1 
f 5134/6010/1 5136/6013/1 5339/6012/1 5337/6009/1 
f 5340/6014/1 5338/6011/1 5339/6012/1 5341/6015/1 
f 5136/6013/1 5342/6016/1 5341/6015/1 5339/6012/1 
f 5343/6017/1 5341/6015/1 5342/6016/1 5344/6018/1 
f 5139/5779/1 5345/6019/1 5344/6018/1 5342/6016/1 
f 5137/5780/1 5139/5779/1 5342/6016/1 5136/6013/1 
f 5346/6020/1 5344/6018/1 5345/6019/1 5347/6021/1 
f 5142/5785/1 5348/6022/1 5347/6021/1 5345/6019/1 
f 5140/5782/1 5142/5785/1 5345/6019/1 5139/5779/1 
f 5349/6023/1 5347/6021/1 5348/6022/1 5350/6024/1 
f 5145/5790/1 5351/6025/1 5350/6024/1 5348/6022/1 
f 5143/5787/1 5145/5790/1 5348/6022/1 5142/5785/1 
f 5352/6026/1 5350/6024/1 5351/6025/1 5353/6027/1 
f 5354/6028/1 5355/6029/1 5353/6027/1 5351/6025/1 
f 5146/5792/1 5354/6028/1 5351/6025/1 5145/5790/1 
f 5356/6030/1 5357/6031/1 5355/6029/1 5354/6028/1 
f 5148/5794/1 5356/6032/1 5354/6033/1 5146/5795/1 
f 5358/6034/1 5359/6035/1 5357/6036/1 5356/6032/1 
f 5150/5797/1 5358/6034/1 5356/6032/1 5148/5794/1 
f 5360/6037/1 5361/6038/1 5359/6035/1 5358/6034/1 
f 5152/5799/1 5360/6037/1 5358/6034/1 5150/5797/1 
f 5362/6039/1 5361/6038/1 5360/6037/1 5363/6040/1 
f 5154/5801/1 5363/6040/1 5360/6037/1 5152/5799/1 
f 5364/6041/1 5365/6042/1 5362/6039/1 5363/6040/1 
f 5156/5803/1 5364/6041/1 5363/6040/1 5154/5801/1 
f 5366/6043/1 5367/6044/1 5365/6042/1 5364/6041/1 
f 5158/5805/1 5366/6043/1 5364/6041/1 5156/5803/1 
f 5368/6045/1 5369/6046/1 5367/6044/1 5366/6043/1 
f 5160/5807/1 5368/6045/1 5366/6043/1 5158/5805/1 
f 5370/6047/1 5371/6048/1 5369/6046/1 5368/6045/1 
f 5372/6049/1 5370/6047/1 5368/6045/1 5160/5807/1 
f 5160/5807/1 5159/5806/1 5162/5809/1 5372/6049/1 
f 5373/6050/1 5370/6047/1 5372/6049/1 5374/6051/1 
f 5162/5809/1 5375/6052/1 5374/6051/1 5372/6049/1 
f 5163/5810/1 5165/5812/1 5375/6052/1 5162/5809/1 
f 5376/6053/1 5374/6051/1 5375/6052/1 5377/6054/1 
f 5165/5812/1 5378/6055/1 5377/6054/1 5375/6052/1 
f 5166/5813/1 5168/5815/1 5378/6055/1 5165/5812/1 
f 5379/6056/1 5377/6054/1 5378/6055/1 5380/6057/1 
f 5168/5815/1 5381/6058/1 5380/6057/1 5378/6055/1 
f 5169/5816/1 5171/5818/1 5381/6058/1 5168/5815/1 
f 5382/6059/1 5380/6057/1 5381/6058/1 5383/6060/1 
f 5171/5818/1 5384/6061/1 5383/6060/1 5381/6058/1 
f 5172/5819/1 5174/5821/1 5384/6061/1 5171/5818/1 
f 5385/6062/1 5383/6060/1 5384/6061/1 5386/6063/1 
f 5174/5821/1 5387/6064/1 5386/6063/1 5384/6061/1 
f 5175/5822/1 5177/5824/1 5387/6064/1 5174/5821/1 
f 5388/6065/1 5386/6063/1 5387/6064/1 5389/6066/1 
f 5177/5824/1 5184/5831/1 5389/6066/1 5387/6064/1 
f 5390/6067/1 5388/6065/1 5389/6066/1 5391/6068/1 
f 5184/5831/1 5183/5830/1 5391/6068/1 5389/6066/1 
f 5192/5839/1 5390/6067/1 5391/6068/1 5190/5837/1 
f 5183/5830/1 5185/5832/1 5190/5837/1 5391/6068/1 
f 5392/6069/1 5393/6070/1 5388/6065/1 5390/6067/1 
f 5194/5841/1 5392/6069/1 5390/6067/1 5192/5839/1 
f 5394/6071/1 5395/6072/1 5393/6070/1 5392/6069/1 
f 5196/5843/1 5394/6071/1 5392/6069/1 5194/5841/1 
f 5396/6073/1 5397/6074/1 5395/6072/1 5394/6071/1 
f 5398/6075/1 5396/6073/1 5394/6071/1 5196/5843/1 
f 5399/6076/1 5400/6077/1 5396/6073/1 5398/6075/1 
f 5401/6078/1 5399/6076/1 5398/6075/1 5199/5846/1 
f 5196/5843/1 5195/5842/1 5199/5846/1 5398/6075/1 
f 5402/6079/1 5399/6076/1 5401/6078/1 5403/6080/1 
f 5404/6081/1 4813/5420/1 5403/6080/1 5401/6078/1 
f 5198/5845/1 5404/6081/1 5401/6078/1 5199/5846/1 
f 4813/5420/1 5404/6081/1 5405/6082/1 4811/5418/1 
f 5200/5847/1 5405/6082/1 5404/6081/1 5198/5845/1 
f 4811/5418/1 5405/6082/1 5406/6083/1 4812/5419/1 
f 5203/5850/1 5406/6084/1 5405/6085/1 5200/5851/1 
f 4812/6086/1 5406/6084/1 5407/6087/1 5408/6088/1 
f 5203/5850/1 5204/5853/1 5407/6087/1 5406/6084/1 
f 5409/6089/1 5408/6088/1 5407/6087/1 5410/6090/1 
f 5204/5853/1 5411/6091/1 5410/6090/1 5407/6087/1 
f 5412/6092/1 5410/6090/1 5411/6091/1 5413/6093/1 
f 5208/5857/1 5414/6094/1 5413/6093/1 5411/6091/1 
f 5205/5854/1 5208/5857/1 5411/6091/1 5204/5853/1 
f 5415/6095/1 5413/6093/1 5414/6094/1 5416/6096/1 
f 5417/6097/1 5418/6098/1 5416/6096/1 5414/6094/1 
f 5207/5856/1 5417/6097/1 5414/6094/1 5208/5857/1 
f 5419/6099/1 5420/6100/1 5418/6098/1 5417/6097/1 
f 5209/5858/1 5419/6099/1 5417/6097/1 5207/5856/1 
f 5421/6101/1 5422/6102/1 5420/6100/1 5419/6099/1 
f 5212/5861/1 5421/6101/1 5419/6099/1 5209/5858/1 
f 5423/6103/1 5424/6104/1 5422/6102/1 5421/6101/1 
f 5214/5863/1 5423/6103/1 5421/6101/1 5212/5861/1 
f 5425/6105/1 5426/6106/1 5424/6104/1 5423/6103/1 
f 5216/5865/1 5425/6105/1 5423/6103/1 5214/5863/1 
f 5223/5872/1 5225/5874/1 5426/6106/1 5425/6105/1 
f 5218/5867/1 5223/5872/1 5425/6105/1 5216/5865/1 
f 5427/6107/1 5424/6104/1 5426/6106/1 5428/6108/1 
f 5225/5874/1 5429/6109/1 5428/6108/1 5426/6106/1 
f 5430/6110/1 5428/6108/1 5429/6109/1 5431/6111/1 
f 5432/6112/1 5431/6111/1 5429/6109/1 5228/5877/1 
f 5225/5874/1 5224/5873/1 5228/5877/1 5429/6109/1 
f 5433/6113/1 5434/6114/1 5431/6111/1 5432/6112/1 
f 5435/6115/1 5433/6116/1 5432/6117/1 5231/5883/1 
f 5228/5877/1 5227/5876/1 5231/6118/1 5432/6112/1 
f 5436/6119/1 4774/6120/1 5433/6116/1 5435/6115/1 
f 5237/5889/1 5436/6119/1 5435/6115/1 5234/5886/1 
f 5231/5883/1 5230/5882/1 5234/5886/1 5435/6115/1 
f 5437/6121/1 4773/5365/1 4774/5367/1 5436/6122/1 
f 5437/6123/1 5436/6119/1 5237/5889/1 5239/5891/1 
f 5438/6124/1 5439/6125/1 4773/6126/1 5437/6127/1 
f 5437/6127/1 5239/5900/1 5243/5899/1 5438/6124/1 
f 5440/6128/1 5441/6129/1 5439/6125/1 5438/6124/1 
f 5245/5902/1 5440/6128/1 5438/6124/1 5243/5899/1 
f 5442/6130/1 5443/6131/1 5441/6129/1 5440/6128/1 
f 5247/5904/1 5442/6130/1 5440/6128/1 5245/5902/1 
f 5444/6132/1 5445/6133/1 5443/6131/1 5442/6130/1 
f 5249/5906/1 5444/6132/1 5442/6130/1 5247/5904/1 
f 5446/6134/1 5447/6135/1 5445/6133/1 5444/6132/1 
f 5448/6136/1 5446/6134/1 5444/6132/1 5249/5906/1 
f 5449/6137/1 5446/6134/1 5448/6136/1 5450/6138/1 
f 5252/5909/1 5451/6139/1 5450/6138/1 5448/6136/1 
f 5249/5906/1 5248/5905/1 5252/5909/1 5448/6136/1 
f 5452/6140/1 5450/6138/1 5451/6139/1 5453/6141/1 
f 5454/6142/1 4656/5226/1 5453/6141/1 5451/6139/1 
f 5251/5908/1 5454/6142/1 5451/6139/1 5252/5909/1 
f 5455/6143/1 4657/5227/1 4656/5226/1 5454/6142/1 
f 5253/5910/1 5455/6143/1 5454/6142/1 5251/5908/1 
f 5456/6144/1 4658/5229/1 4657/5227/1 5455/6143/1 
f 5256/5913/1 5456/6144/1 5455/6143/1 5253/5910/1 
f 5457/6145/1 5458/6146/1 4658/5229/1 5456/6144/1 
f 5258/5915/1 5457/6145/1 5456/6144/1 5256/5913/1 
f 5459/6147/1 5460/6148/1 5458/6149/1 5457/6150/1 
f 5260/5917/1 5459/6147/1 5457/6150/1 5258/5918/1 
f 5461/6151/1 5460/6148/1 5459/6147/1 5462/6152/1 
f 5463/6153/1 5462/6152/1 5459/6147/1 5260/5917/1 
f 5464/6154/1 5465/6155/1 5462/6152/1 5463/6153/1 
f 5466/6156/1 5464/6154/1 5463/6153/1 5262/5922/1 
f 5260/5917/1 5259/5916/1 5262/5922/1 5463/6153/1 
f 5467/6157/1 5468/6158/1 5464/6154/1 5466/6156/1 
f 5268/5935/1 5467/6157/1 5466/6156/1 5266/5931/1 
f 5263/5924/1 5266/5931/1 5466/6156/1 5262/5922/1 
f 5469/6159/1 5470/6160/1 5468/6158/1 5467/6157/1 
f 5270/5937/1 5469/6159/1 5467/6157/1 5268/5935/1 
f 5471/6161/1 5472/6162/1 5470/6160/1 5469/6159/1 
f 5473/6163/1 5471/6161/1 5469/6159/1 5270/5937/1 
f 5474/6164/1 5475/6165/1 5471/6161/1 5473/6163/1 
f 5275/5942/1 5474/6164/1 5473/6163/1 5273/5940/1 
f 5271/5938/1 5273/5940/1 5473/6163/1 5270/5937/1 
f 5476/6166/1 5477/6167/1 5475/6165/1 5474/6164/1 
f 5478/6168/1 5476/6166/1 5474/6164/1 5275/5942/1 
f 5479/6169/1 5476/6166/1 5478/6168/1 5480/6170/1 
f 5278/5945/1 5481/6171/1 5480/6170/1 5478/6168/1 
f 5276/5943/1 5278/5945/1 5478/6168/1 5275/5942/1 
f 5482/6172/1 5480/6170/1 5481/6171/1 5483/6173/1 
f 5281/5948/1 5484/6174/1 5483/6173/1 5481/6171/1 
f 5279/5946/1 5281/5948/1 5481/6171/1 5278/5945/1 
f 5485/6175/1 5483/6173/1 5484/6174/1 5486/6176/1 
f 5286/5953/1 5486/6176/1 5484/6174/1 5284/5951/1 
f 5282/5949/1 5284/5951/1 5484/6174/1 5281/5948/1 
f 5487/6177/1 5488/6178/1 5485/6175/1 5486/6176/1 
f 5286/5953/1 5489/6179/1 5487/6177/1 5486/6176/1 
f 5490/6180/1 5487/6177/1 5489/6179/1 5491/6181/1 
f 5492/6182/1 5491/6181/1 5489/6179/1 5290/5957/1 
f 5287/5954/1 5290/5957/1 5489/6179/1 5286/5953/1 
f 5493/6183/1 5494/6184/1 5491/6181/1 5492/6182/1 
f 5495/6185/1 5493/6183/1 5492/6182/1 5293/5960/1 
f 5290/5957/1 5289/5956/1 5293/5960/1 5492/6182/1 
f 5496/6186/1 5497/6187/1 5493/6183/1 5495/6185/1 
f 5498/6188/1 5496/6186/1 5495/6185/1 5296/5963/1 
f 5293/5960/1 5292/5959/1 5296/5963/1 5495/6185/1 
f 5499/6189/1 5500/6190/1 5496/6186/1 5498/6188/1 
f 5501/6191/1 5499/6189/1 5498/6188/1 5298/5965/1 
f 5295/5962/1 5298/5965/1 5498/6188/1 5296/5963/1 
f 5502/6192/1 5503/6193/1 5499/6189/1 5501/6191/1 
f 5504/6194/1 5502/6192/1 5501/6191/1 5505/6195/1 
f 5298/5965/1 5299/5966/1 5505/6195/1 5501/6191/1 
f 5506/6196/1 5504/6194/1 5505/6195/1 5507/6197/1 
f 5299/5966/1 5300/5967/1 5507/6197/1 5505/6195/1 
f 5508/6198/1 5506/6196/1 5507/6197/1 5509/6199/1 
f 5300/5967/1 5302/5969/1 5509/6199/1 5507/6197/1 
f 5510/6200/1 5508/6198/1 5509/6199/1 5511/6201/1 
f 5302/5969/1 5304/5971/1 5511/6201/1 5509/6199/1 
f 5512/6202/1 5510/6200/1 5511/6201/1 5513/6203/1 
f 5304/5971/1 5306/5973/1 5513/6203/1 5511/6201/1 
f 5514/6204/1 5512/6202/1 5513/6203/1 5515/6205/1 
f 5306/5973/1 5308/5975/1 5515/6205/1 5513/6203/1 
f 5516/6206/1 5514/6204/1 5515/6205/1 5517/6207/1 
f 5308/5975/1 5310/5977/1 5517/6207/1 5515/6205/1 
f 5518/6208/1 5516/6206/1 5517/6207/1 5519/6209/1 
f 5310/5977/1 5312/5979/1 5519/6209/1 5517/6207/1 
f 5520/6210/1 5518/6208/1 5519/6209/1 5321/5988/1 
f 5312/5979/1 5318/5985/1 5321/5988/1 5519/6209/1 
f 5521/6211/1 5522/6212/1 5518/6208/1 5520/6210/1 
f 5523/6213/1 5521/6211/1 5520/6210/1 5324/5991/1 
f 5321/5988/1 5320/5987/1 5324/5991/1 5520/6210/1 
f 5524/6214/1 5525/6215/1 5521/6211/1 5523/6213/1 
f 5526/6216/1 5524/6214/1 5523/6213/1 5327/5994/1 
f 5324/5991/1 5323/5990/1 5327/5994/1 5523/6213/1 
f 5527/6217/1 5524/6214/1 5526/6216/1 5528/6218/1 
f 5529/6219/1 5528/6218/1 5526/6216/1 5530/6220/1 
f 5327/5994/1 5326/5993/1 5530/6220/1 5526/6216/1 
f 5531/6221/1 5529/6219/1 5530/6220/1 5532/6222/1 
f 5326/5993/1 5328/5995/1 5532/6222/1 5530/6220/1 
f 5533/6223/1 5531/6221/1 5532/6222/1 5534/6224/1 
f 5328/5995/1 5330/5997/1 5534/6224/1 5532/6222/1 
f 5535/6225/1 5533/6223/1 5534/6224/1 5536/6226/1 
f 5330/5997/1 5332/6227/1 5536/6226/1 5534/6224/1 
f 5537/6228/1 5535/6229/1 5536/6230/1 5538/6231/1 
f 5332/5999/1 5334/6005/1 5538/6231/1 5536/6230/1 
f 5539/6232/1 5537/6228/1 5538/6231/1 5540/6233/1 
f 5334/6005/1 5336/6008/1 5540/6233/1 5538/6231/1 
f 5541/6234/1 5539/6232/1 5540/6233/1 5542/6235/1 
f 5336/6008/1 5338/6011/1 5542/6235/1 5540/6233/1 
f 5543/6236/1 5541/6234/1 5542/6235/1 5544/6237/1 
f 5338/6011/1 5340/6014/1 5544/6237/1 5542/6235/1 
f 5545/6238/1 5543/6236/1 5544/6237/1 5546/6239/1 
f 5340/6014/1 5547/6240/1 5546/6239/1 5544/6237/1 
f 5548/6241/1 5546/6239/1 5547/6240/1 5549/6242/1 
f 5550/6243/1 5549/6242/1 5547/6240/1 5343/6017/1 
f 5341/6015/1 5343/6017/1 5547/6240/1 5340/6014/1 
f 5551/6244/1 5552/6245/1 5549/6242/1 5550/6243/1 
f 5553/6246/1 5551/6244/1 5550/6243/1 5346/6020/1 
f 5344/6018/1 5346/6020/1 5550/6243/1 5343/6017/1 
f 5554/6247/1 5551/6244/1 5553/6246/1 5555/6248/1 
f 5349/6023/1 5556/6249/1 5555/6248/1 5553/6246/1 
f 5347/6021/1 5349/6023/1 5553/6246/1 5346/6020/1 
f 5557/6250/1 5555/6248/1 5556/6249/1 5558/6251/1 
f 5352/6026/1 5559/6252/1 5558/6251/1 5556/6249/1 
f 5350/6024/1 5352/6026/1 5556/6249/1 5349/6023/1 
f 5560/6253/1 5558/6251/1 5559/6252/1 5561/6254/1 
f 5562/6255/1 5563/6256/1 5561/6254/1 5559/6252/1 
f 5353/6027/1 5562/6255/1 5559/6252/1 5352/6026/1 
f 5564/6257/1 5565/6258/1 5563/6256/1 5562/6255/1 
f 5355/6029/1 5564/6257/1 5562/6255/1 5353/6027/1 
f 5566/6259/1 5567/6260/1 5565/6258/1 5564/6257/1 
f 5357/6031/1 5566/6259/1 5564/6257/1 5355/6029/1 
f 5568/6261/1 5569/6262/1 5567/6260/1 5566/6259/1 
f 5359/6035/1 5568/6263/1 5566/6264/1 5357/6036/1 
f 5570/6265/1 5571/6266/1 5569/6262/1 5568/6261/1 
f 5361/6038/1 5570/6267/1 5568/6263/1 5359/6035/1 
f 5572/6268/1 5573/6269/1 5571/6266/1 5570/6265/1 
f 5362/6039/1 5572/6270/1 5570/6267/1 5361/6038/1 
f 5574/6271/1 5575/6272/1 5573/6269/1 5572/6268/1 
f 5365/6042/1 5574/6273/1 5572/6270/1 5362/6039/1 
f 5576/6274/1 5577/6275/1 5575/6272/1 5574/6271/1 
f 5367/6044/1 5576/6276/1 5574/6273/1 5365/6042/1 
f 5578/6277/1 5577/6275/1 5576/6274/1 5579/6278/1 
f 5369/6046/1 5579/6279/1 5576/6276/1 5367/6044/1 
f 5580/6280/1 5578/6277/1 5579/6278/1 5581/6281/1 
f 5369/6046/1 5371/6048/1 5581/6282/1 5579/6279/1 
f 5580/6280/1 5581/6281/1 4798/6283/1 4793/5394/1 
f 4798/5401/1 5581/6282/1 5371/6048/1 5582/6284/1 
f 5370/6047/1 5373/6050/1 5582/6284/1 5371/6048/1 
f 4798/5401/1 5582/6284/1 5583/6285/1 4797/5398/1 
f 5373/6050/1 5584/6286/1 5583/6285/1 5582/6284/1 
f 5374/6051/1 5376/6053/1 5584/6286/1 5373/6050/1 
f 5585/6287/1 5583/6285/1 5584/6286/1 5586/6288/1 
f 5376/6053/1 5587/6289/1 5586/6288/1 5584/6286/1 
f 5377/6054/1 5379/6056/1 5587/6289/1 5376/6053/1 
f 5588/6290/1 5586/6288/1 5587/6289/1 5589/6291/1 
f 5379/6056/1 5590/6292/1 5589/6291/1 5587/6289/1 
f 5380/6057/1 5382/6059/1 5590/6292/1 5379/6056/1 
f 5591/6293/1 5589/6291/1 5590/6292/1 5592/6294/1 
f 5382/6059/1 5593/6295/1 5592/6294/1 5590/6292/1 
f 5383/6060/1 5385/6062/1 5593/6295/1 5382/6059/1 
f 5397/6074/1 5592/6294/1 5593/6295/1 5395/6072/1 
f 5385/6062/1 5393/6070/1 5395/6072/1 5593/6295/1 
f 5594/6296/1 5591/6293/1 5592/6294/1 5397/6074/1 
f 5595/6297/1 5596/6298/1 5591/6293/1 5594/6296/1 
f 5400/6077/1 5597/6299/1 5595/6297/1 5594/6296/1 
f 5397/6074/1 5396/6073/1 5400/6077/1 5594/6296/1 
f 5598/6300/1 5595/6297/1 5597/6299/1 5599/6301/1 
f 5402/6079/1 5600/6302/1 5599/6301/1 5597/6299/1 
f 5399/6076/1 5402/6079/1 5597/6299/1 5400/6077/1 
f 5601/6303/1 5599/6301/1 5600/6302/1 5602/6304/1 
f 4806/5410/1 4804/5408/1 5602/6304/1 5600/6302/1 
f 5403/6080/1 4806/5410/1 5600/6302/1 5402/6079/1 
f 5603/6305/1 5604/6306/1 5601/6303/1 5602/6304/1 
f 5603/6305/1 5602/6304/1 4804/5408/1 4805/5409/1 
f 5605/6307/1 5606/6308/1 5604/6309/1 5603/6310/1 
f 5605/6307/1 5603/6310/1 4805/6311/1 5607/6312/1 
f 5608/6313/1 5609/6314/1 5605/6307/1 5607/6312/1 
f 5608/6313/1 5607/6312/1 4808/5414/1 5610/6315/1 
f 4805/6311/1 4800/5411/1 4808/5414/1 5607/6312/1 
f 5608/6313/1 5610/6315/1 5611/6316/1 5612/6317/1 
f 5611/6316/1 5610/6315/1 5613/6318/1 5614/6319/1 
f 5613/6318/1 5610/6315/1 4808/5414/1 4807/5413/1 
f 5614/6319/1 5613/6318/1 5615/6320/1 5616/6321/1 
f 5615/6320/1 5613/6318/1 4807/5413/1 4810/5416/1 
f 5616/6322/1 5615/6323/1 5617/6324/1 5618/6325/1 
f 5617/6324/1 5615/6323/1 4810/6326/1 5619/6327/1 
f 5617/6324/1 5619/6327/1 5620/6328/1 5621/6329/1 
f 5620/6328/1 5619/6327/1 5622/6330/1 5623/6331/1 
f 5622/6330/1 5619/6327/1 4810/6326/1 4809/6332/1 
f 5623/6331/1 5622/6330/1 5408/6088/1 5409/6089/1 
f 5408/6088/1 5622/6330/1 4809/6332/1 4812/6086/1 
f 5624/6333/1 5625/6334/1 5620/6328/1 5623/6331/1 
f 5409/6089/1 5626/6335/1 5624/6333/1 5623/6331/1 
f 5627/6336/1 5624/6333/1 5626/6335/1 5628/6337/1 
f 5412/6092/1 5629/6338/1 5628/6337/1 5626/6335/1 
f 5410/6090/1 5412/6092/1 5626/6335/1 5409/6089/1 
f 5630/6339/1 5628/6337/1 5629/6338/1 5631/6340/1 
f 5415/6095/1 5632/6341/1 5631/6340/1 5629/6338/1 
f 5413/6093/1 5415/6095/1 5629/6338/1 5412/6092/1 
f 5633/6342/1 5631/6340/1 5632/6341/1 5634/6343/1 
f 5635/6344/1 5636/6345/1 5634/6343/1 5632/6341/1 
f 5416/6096/1 5635/6344/1 5632/6341/1 5415/6095/1 
f 5637/6346/1 5638/6347/1 5636/6345/1 5635/6344/1 
f 5418/6098/1 5637/6346/1 5635/6344/1 5416/6096/1 
f 5639/6348/1 5640/6349/1 5638/6347/1 5637/6346/1 
f 5420/6100/1 5639/6348/1 5637/6346/1 5418/6098/1 
f 5641/6350/1 5642/6351/1 5640/6349/1 5639/6348/1 
f 5422/6102/1 5641/6350/1 5639/6348/1 5420/6100/1 
f 5427/6107/1 5643/6352/1 5642/6351/1 5641/6350/1 
f 5424/6104/1 5427/6107/1 5641/6350/1 5422/6102/1 
f 5644/6353/1 5642/6351/1 5643/6352/1 5645/6354/1 
f 5430/6110/1 5646/6355/1 5645/6354/1 5643/6352/1 
f 5428/6108/1 5430/6110/1 5643/6352/1 5427/6107/1 
f 5647/6356/1 5645/6354/1 5646/6355/1 4772/5362/1 
f 5434/6114/1 4768/5363/1 4772/5362/1 5646/6355/1 
f 5431/6111/1 5434/6114/1 5646/6355/1 5430/6110/1 
f 5648/6357/1 5649/6358/1 5647/6356/1 5650/6359/1 
f 4772/5362/1 4771/5361/1 5650/6359/1 5647/6356/1 
f 5649/6358/1 5644/6353/1 5645/6354/1 5647/6356/1 
f 5651/6360/1 5648/6357/1 5650/6359/1 5652/6361/1 
f 4771/5361/1 5653/6362/1 5652/6361/1 5650/6359/1 
f 5654/6363/1 5652/6361/1 5653/6362/1 5655/6364/1 
f 5656/6365/1 5655/6364/1 5653/6362/1 5657/6366/1 
f 4767/5364/1 5657/6366/1 5653/6362/1 4771/5361/1 
f 5658/6367/1 5656/6365/1 5657/6366/1 5659/6368/1 
f 5659/6369/1 5657/6370/1 4767/5357/1 4770/5360/1 
f 5660/6371/1 5658/6372/1 5659/6369/1 5661/6373/1 
f 5661/6373/1 5659/6369/1 4770/5360/1 5662/6374/1 
f 5661/6373/1 5662/6374/1 5663/6375/1 5664/6376/1 
f 5663/6375/1 5662/6374/1 5665/6377/1 5666/6378/1 
f 5665/6377/1 5662/6374/1 4770/5360/1 4769/5359/1 
f 5439/6125/1 5441/6129/1 5666/6378/1 5665/6377/1 
f 4769/5359/1 4773/6126/1 5439/6125/1 5665/6377/1 
f 5667/6379/1 5663/6375/1 5666/6378/1 5668/6380/1 
f 5441/6129/1 5443/6131/1 5668/6380/1 5666/6378/1 
f 5669/6381/1 5670/6382/1 5667/6379/1 5668/6380/1 
f 5445/6133/1 5669/6381/1 5668/6380/1 5443/6131/1 
f 5671/6383/1 5672/6384/1 5670/6382/1 5669/6381/1 
f 5447/6135/1 5671/6383/1 5669/6381/1 5445/6133/1 
f 5673/6385/1 5674/6386/1 5672/6384/1 5671/6383/1 
f 5675/6387/1 5673/6385/1 5671/6383/1 5447/6135/1 
f 5676/6388/1 5673/6385/1 5675/6387/1 5677/6389/1 
f 5449/6137/1 5678/6390/1 5677/6389/1 5675/6387/1 
f 5447/6135/1 5446/6134/1 5449/6137/1 5675/6387/1 
f 5679/6391/1 5680/6392/1 5677/6389/1 5678/6390/1 
f 5452/6393/1 5681/6394/1 5679/6395/1 5678/6396/1 
f 5450/6138/1 5452/6140/1 5678/6390/1 5449/6137/1 
f 5682/6397/1 5683/6398/1 5679/6395/1 5681/6394/1 
f 5684/6399/1 5682/6397/1 5681/6394/1 5685/6400/1 
f 5453/6401/1 5685/6400/1 5681/6394/1 5452/6393/1 
f 4654/5223/1 5684/6399/1 5685/6400/1 4655/5224/1 
f 4656/5226/1 4655/5225/1 5685/6402/1 5453/6141/1 
f 5686/6403/1 5687/6404/1 5682/6397/1 5684/6399/1 
f 5688/6405/1 5686/6403/1 5684/6399/1 4654/5223/1 
f 5689/6406/1 5690/6407/1 5686/6403/1 5688/6405/1 
f 5691/6408/1 5689/6406/1 5688/6405/1 5692/6409/1 
f 4654/5223/1 4653/5222/1 5692/6409/1 5688/6405/1 
f 5693/6410/1 5691/6408/1 5692/6409/1 5694/6411/1 
f 4652/5221/1 5694/6411/1 5692/6409/1 4653/5222/1 
f 5695/6412/1 5696/6413/1 5693/6410/1 5694/6411/1 
f 5697/6414/1 5695/6412/1 5694/6411/1 4652/5221/1 
f 5698/6415/1 5695/6412/1 5697/6414/1 5699/6416/1 
f 5700/6417/1 5701/6418/1 5699/6416/1 5697/6414/1 
f 4649/5218/1 5700/6417/1 5697/6414/1 4652/5221/1 
f 4620/5186/1 5702/6419/1 5701/6418/1 5700/6417/1 
f 4620/5186/1 5700/6417/1 4649/5218/1 4621/5187/1 
f 5703/6420/1 5701/6418/1 5702/6419/1 5704/6421/1 
f 5705/6422/1 5706/6423/1 5704/6421/1 5702/6419/1 
f 4614/5180/1 5705/6422/1 5702/6419/1 4620/5186/1 
f 5707/6424/1 5708/6425/1 5706/6423/1 5705/6422/1 
f 4617/5183/1 5707/6424/1 5705/6422/1 4614/5180/1 
f 5709/6426/1 5710/6427/1 5708/6425/1 5707/6424/1 
f 5711/6428/1 5709/6426/1 5707/6424/1 4617/5183/1 
f 5712/6429/1 5713/6430/1 5709/6426/1 5711/6428/1 
f 4640/5209/1 5712/6429/1 5711/6428/1 4633/5202/1 
f 4633/5202/1 5711/6428/1 4617/5183/1 4616/5182/1 
f 4680/5255/1 4679/5254/1 5713/6430/1 5712/6429/1 
f 4639/5208/1 4680/5255/1 5712/6429/1 4640/5209/1 
f 5710/6427/1 5709/6426/1 5713/6430/1 5714/6431/1 
f 4679/5254/1 5715/6432/1 5714/6431/1 5713/6430/1 
f 5716/6433/1 5714/6431/1 5715/6432/1 5717/6434/1 
f 5718/6435/1 5719/6436/1 5717/6434/1 5715/6432/1 
f 4681/5256/1 5718/6435/1 5715/6432/1 4679/5254/1 
f 5720/6437/1 5719/6436/1 5718/6435/1 5721/6438/1 
f 4684/5259/1 5721/6438/1 5718/6435/1 4681/5256/1 
f 5722/6439/1 5723/6440/1 5720/6437/1 5721/6438/1 
f 4718/5295/1 5722/6439/1 5721/6438/1 4684/5259/1 
f 5724/6441/1 5725/6442/1 5723/6440/1 5722/6439/1 
f 4720/5297/1 5724/6441/1 5722/6439/1 4718/5295/1 
f 5726/6443/1 5727/6444/1 5725/6442/1 5724/6441/1 
f 5728/6445/1 5726/6443/1 5724/6441/1 4720/5297/1 
f 5729/6446/1 5730/6447/1 5726/6443/1 5728/6445/1 
f 5731/6448/1 5729/6446/1 5728/6445/1 5732/6449/1 
f 4720/5297/1 4719/5296/1 5732/6449/1 5728/6445/1 
f 5733/6450/1 5731/6448/1 5732/6449/1 5734/6451/1 
f 4719/5296/1 4683/5258/1 5734/6451/1 5732/6449/1 
f 5735/6452/1 5733/6450/1 5734/6451/1 5736/6453/1 
f 4683/5258/1 4677/5252/1 5736/6453/1 5734/6451/1 
f 5737/6454/1 5735/6452/1 5736/6453/1 5738/6455/1 
f 4677/5252/1 4676/5251/1 5738/6455/1 5736/6453/1 
f 5739/6456/1 5737/6454/1 5738/6455/1 5740/6457/1 
f 4676/5251/1 5741/6458/1 5740/6457/1 5738/6455/1 
f 4641/5210/1 4635/5204/1 5741/6458/1 4676/5251/1 
f 5742/6459/1 5740/6457/1 5741/6458/1 5743/6460/1 
f 4635/5204/1 4638/5207/1 5743/6460/1 5741/6458/1 
f 5461/6151/1 5742/6459/1 5743/6460/1 5744/6461/1 
f 5744/6461/1 5743/6460/1 4638/5207/1 4634/5203/1 
f 5460/6148/1 5461/6151/1 5744/6461/1 5745/6462/1 
f 4634/5203/1 4618/5184/1 5745/6462/1 5744/6461/1 
f 5458/6149/1 5460/6148/1 5745/6462/1 5746/6463/1 
f 4618/5184/1 4615/5181/1 5746/6463/1 5745/6462/1 
f 5746/6464/1 4651/5230/1 4658/5229/1 5458/6146/1 
f 5746/6463/1 4615/5181/1 4621/5187/1 4651/5220/1 
f 5465/6155/1 5739/6456/1 5740/6457/1 5742/6459/1 
f 5462/6152/1 5465/6155/1 5742/6459/1 5461/6151/1 
f 5470/6160/1 5737/6454/1 5739/6456/1 5468/6158/1 
f 5465/6155/1 5464/6154/1 5468/6158/1 5739/6456/1 
f 5472/6162/1 5735/6452/1 5737/6454/1 5470/6160/1 
f 5747/6465/1 5733/6450/1 5735/6452/1 5472/6162/1 
f 5748/6466/1 5731/6448/1 5733/6450/1 5747/6465/1 
f 5477/6167/1 5748/6466/1 5747/6465/1 5475/6165/1 
f 5472/6162/1 5471/6161/1 5475/6165/1 5747/6465/1 
f 5749/6467/1 5729/6446/1 5731/6448/1 5748/6466/1 
f 5750/6468/1 5749/6467/1 5748/6466/1 5477/6167/1 
f 5751/6469/1 5752/6470/1 5749/6467/1 5750/6468/1 
f 5753/6471/1 5751/6469/1 5750/6468/1 5479/6169/1 
f 5477/6167/1 5476/6166/1 5479/6169/1 5750/6468/1 
f 5754/6472/1 5755/6473/1 5751/6469/1 5753/6471/1 
f 5756/6474/1 5754/6472/1 5753/6471/1 5482/6172/1 
f 5479/6169/1 5480/6170/1 5482/6172/1 5753/6471/1 
f 5757/6475/1 5758/6476/1 5754/6472/1 5756/6474/1 
f 5488/6178/1 5757/6475/1 5756/6474/1 5485/6175/1 
f 5483/6173/1 5485/6175/1 5756/6474/1 5482/6172/1 
f 5759/6477/1 5760/6478/1 5758/6476/1 5757/6475/1 
f 5761/6479/1 5759/6477/1 5757/6475/1 5488/6178/1 
f 5762/6480/1 5759/6477/1 5761/6479/1 5763/6481/1 
f 5764/6482/1 5763/6481/1 5761/6479/1 5490/6180/1 
f 5487/6177/1 5490/6180/1 5761/6479/1 5488/6178/1 
f 5765/6483/1 5763/6481/1 5764/6482/1 5766/6484/1 
f 5767/6485/1 5766/6484/1 5764/6482/1 5494/6184/1 
f 5491/6181/1 5494/6184/1 5764/6482/1 5490/6180/1 
f 5768/6486/1 5766/6484/1 5767/6485/1 5769/6487/1 
f 5770/6488/1 5769/6487/1 5767/6485/1 5497/6187/1 
f 5494/6184/1 5493/6183/1 5497/6187/1 5767/6485/1 
f 5771/6489/1 5769/6487/1 5770/6488/1 5772/6490/1 
f 5773/6491/1 5772/6490/1 5770/6488/1 5500/6190/1 
f 5497/6187/1 5496/6186/1 5500/6190/1 5770/6488/1 
f 5774/6492/1 5772/6490/1 5773/6491/1 5775/6493/1 
f 5776/6494/1 5775/6493/1 5773/6491/1 5503/6193/1 
f 5500/6190/1 5499/6189/1 5503/6193/1 5773/6491/1 
f 5777/6495/1 5775/6493/1 5776/6494/1 5778/6496/1 
f 5779/6497/1 5778/6496/1 5776/6494/1 5780/6498/1 
f 5503/6193/1 5502/6192/1 5780/6498/1 5776/6494/1 
f 5781/6499/1 5779/6497/1 5780/6498/1 5782/6500/1 
f 5502/6192/1 5504/6194/1 5782/6500/1 5780/6498/1 
f 5783/6501/1 5781/6499/1 5782/6500/1 5784/6502/1 
f 5504/6194/1 5506/6196/1 5784/6502/1 5782/6500/1 
f 5785/6503/1 5783/6501/1 5784/6502/1 5786/6504/1 
f 5506/6196/1 5508/6198/1 5786/6504/1 5784/6502/1 
f 5787/6505/1 5785/6503/1 5786/6504/1 5788/6506/1 
f 5508/6198/1 5510/6200/1 5788/6506/1 5786/6504/1 
f 5789/6507/1 5787/6505/1 5788/6506/1 5790/6508/1 
f 5510/6200/1 5512/6202/1 5790/6508/1 5788/6506/1 
f 5791/6509/1 5789/6507/1 5790/6508/1 5792/6510/1 
f 5512/6202/1 5514/6204/1 5792/6510/1 5790/6508/1 
f 5793/6511/1 5791/6509/1 5792/6510/1 5794/6512/1 
f 5514/6204/1 5516/6206/1 5794/6512/1 5792/6510/1 
f 5795/6513/1 5793/6511/1 5794/6512/1 5522/6212/1 
f 5516/6206/1 5518/6208/1 5522/6212/1 5794/6512/1 
f 5796/6514/1 5793/6511/1 5795/6513/1 5797/6515/1 
f 5798/6516/1 5797/6515/1 5795/6513/1 5525/6215/1 
f 5522/6212/1 5521/6211/1 5525/6215/1 5795/6513/1 
f 5799/6517/1 5797/6515/1 5798/6516/1 5800/6518/1 
f 5801/6519/1 5800/6518/1 5798/6516/1 5527/6217/1 
f 5524/6214/1 5527/6217/1 5798/6516/1 5525/6215/1 
f 5802/6520/1 5803/6521/1 5800/6518/1 5801/6519/1 
f 5804/6522/1 5802/6520/1 5801/6519/1 5805/6523/1 
f 5528/6218/1 5805/6523/1 5801/6519/1 5527/6217/1 
f 5806/6524/1 5804/6522/1 5805/6523/1 5807/6525/1 
f 5529/6219/1 5807/6525/1 5805/6523/1 5528/6218/1 
f 5808/6526/1 5806/6524/1 5807/6525/1 5809/6527/1 
f 5529/6219/1 5531/6221/1 5809/6527/1 5807/6525/1 
f 5810/6528/1 5808/6526/1 5809/6527/1 5811/6529/1 
f 5531/6221/1 5533/6223/1 5811/6529/1 5809/6527/1 
f 5812/6530/1 5810/6528/1 5811/6529/1 5813/6531/1 
f 5533/6223/1 5535/6225/1 5813/6531/1 5811/6529/1 
f 5814/6532/1 5812/6530/1 5813/6531/1 5815/6533/1 
f 5535/6225/1 5537/6534/1 5815/6533/1 5813/6531/1 
f 5816/6535/1 5814/6536/1 5815/6537/1 5817/6538/1 
f 5537/6228/1 5539/6232/1 5817/6538/1 5815/6537/1 
f 5818/6539/1 5816/6535/1 5817/6538/1 5819/6540/1 
f 5539/6232/1 5541/6234/1 5819/6540/1 5817/6538/1 
f 5820/6541/1 5818/6539/1 5819/6540/1 5821/6542/1 
f 5541/6234/1 5543/6236/1 5821/6542/1 5819/6540/1 
f 5822/6543/1 5823/6544/1 5820/6541/1 5821/6542/1 
f 5545/6238/1 5822/6543/1 5821/6542/1 5543/6236/1 
f 5824/6545/1 5825/6546/1 5823/6544/1 5822/6543/1 
f 5826/6547/1 5824/6545/1 5822/6543/1 5545/6238/1 
f 5827/6548/1 5828/6549/1 5824/6545/1 5826/6547/1 
f 5829/6550/1 5827/6548/1 5826/6547/1 5548/6241/1 
f 5546/6239/1 5548/6241/1 5826/6547/1 5545/6238/1 
f 5830/6551/1 5831/6552/1 5827/6548/1 5829/6550/1 
f 5832/6553/1 5830/6551/1 5829/6550/1 5552/6245/1 
f 5548/6241/1 5549/6242/1 5552/6245/1 5829/6550/1 
f 5833/6554/1 5834/6555/1 5830/6551/1 5832/6553/1 
f 5835/6556/1 5833/6554/1 5832/6553/1 5554/6247/1 
f 5552/6245/1 5551/6244/1 5554/6247/1 5832/6553/1 
f 5836/6557/1 5837/6558/1 5833/6554/1 5835/6556/1 
f 5838/6559/1 5836/6557/1 5835/6556/1 5557/6250/1 
f 5555/6248/1 5557/6250/1 5835/6556/1 5554/6247/1 
f 5839/6560/1 5840/6561/1 5836/6557/1 5838/6559/1 
f 5841/6562/1 5839/6560/1 5838/6559/1 5560/6253/1 
f 5558/6251/1 5560/6253/1 5838/6559/1 5557/6250/1 
f 5842/6563/1 5839/6560/1 5841/6562/1 5843/6564/1 
f 5844/6565/1 5843/6564/1 5841/6562/1 5845/6566/1 
f 5561/6254/1 5845/6566/1 5841/6562/1 5560/6253/1 
f 5846/6567/1 5847/6568/1 5844/6565/1 5845/6566/1 
f 5563/6256/1 5846/6567/1 5845/6566/1 5561/6254/1 
f 5848/6569/1 5849/6570/1 5847/6568/1 5846/6567/1 
f 5565/6258/1 5848/6569/1 5846/6567/1 5563/6256/1 
f 5850/6571/1 5851/6572/1 5849/6570/1 5848/6569/1 
f 5567/6260/1 5850/6571/1 5848/6569/1 5565/6258/1 
f 5852/6573/1 5853/6574/1 5851/6572/1 5850/6571/1 
f 5569/6262/1 5852/6573/1 5850/6571/1 5567/6260/1 
f 5854/6575/1 5855/6576/1 5853/6574/1 5852/6573/1 
f 5571/6266/1 5854/6575/1 5852/6573/1 5569/6262/1 
f 5856/6577/1 5857/6578/1 5855/6576/1 5854/6575/1 
f 5573/6269/1 5856/6577/1 5854/6575/1 5571/6266/1 
f 5858/6579/1 5859/6580/1 5857/6578/1 5856/6577/1 
f 5575/6272/1 5858/6579/1 5856/6577/1 5573/6269/1 
f 5860/6581/1 5861/6582/1 5859/6580/1 5858/6579/1 
f 5577/6275/1 5860/6581/1 5858/6579/1 5575/6272/1 
f 5862/6583/1 5863/6584/1 5861/6582/1 5860/6581/1 
f 5577/6275/1 5578/6277/1 5862/6583/1 5860/6581/1 
f 5864/6585/1 5863/6584/1 5862/6583/1 5865/6586/1 
f 5578/6277/1 5580/6280/1 5865/6586/1 5862/6583/1 
f 5866/6587/1 5864/6585/1 5865/6586/1 4796/5397/1 
f 5580/6280/1 4793/5394/1 4796/5397/1 5865/6586/1 
f 5867/6588/1 5864/6585/1 5866/6587/1 5868/6589/1 
f 5869/6590/1 5870/6591/1 5868/6589/1 5866/6587/1 
f 4796/5397/1 4795/5396/1 5869/6590/1 5866/6587/1 
f 5871/6592/1 5872/6593/1 5870/6594/1 5869/6595/1 
f 4799/5403/1 5871/6592/1 5869/6595/1 4795/5402/1 
f 5585/6287/1 5873/6596/1 5871/6592/1 4799/5403/1 
f 5873/6596/1 5874/6597/1 5872/6593/1 5871/6592/1 
f 5588/6290/1 5596/6298/1 5874/6597/1 5873/6596/1 
f 5875/6598/1 5872/6593/1 5874/6597/1 5598/6300/1 
f 5596/6298/1 5595/6297/1 5598/6300/1 5874/6597/1 
f 5876/6599/1 5870/6594/1 5872/6593/1 5875/6598/1 
f 5604/6306/1 5876/6599/1 5875/6598/1 5601/6303/1 
f 5599/6301/1 5601/6303/1 5875/6598/1 5598/6300/1 
f 5877/6600/1 5868/6589/1 5870/6591/1 5876/6601/1 
f 5606/6308/1 5877/6600/1 5876/6601/1 5604/6309/1 
f 5878/6602/1 5867/6588/1 5868/6589/1 5877/6600/1 
f 5879/6603/1 5878/6602/1 5877/6600/1 5606/6308/1 
f 5880/6604/1 5881/6605/1 5878/6602/1 5879/6603/1 
f 5882/6606/1 5880/6604/1 5879/6603/1 5609/6314/1 
f 5606/6308/1 5605/6307/1 5609/6314/1 5879/6603/1 
f 5883/6607/1 5884/6608/1 5880/6604/1 5882/6606/1 
f 5885/6609/1 5883/6607/1 5882/6606/1 5612/6317/1 
f 5609/6314/1 5608/6313/1 5612/6317/1 5882/6606/1 
f 5886/6610/1 5887/6611/1 5883/6607/1 5885/6609/1 
f 5888/6612/1 5889/6613/1 5886/6610/1 5885/6609/1 
f 5612/6317/1 5611/6316/1 5888/6612/1 5885/6609/1 
f 5890/6614/1 4785/5381/1 5889/6613/1 5888/6612/1 
f 5890/6614/1 5888/6612/1 5611/6316/1 5614/6319/1 
f 5891/6615/1 4784/5382/1 4785/5381/1 5890/6614/1 
f 5891/6615/1 5890/6614/1 5614/6319/1 5616/6321/1 
f 4781/5377/1 4784/5380/1 5891/6616/1 5892/6617/1 
f 5892/6617/1 5891/6616/1 5616/6322/1 5618/6325/1 
f 5893/6618/1 4781/5377/1 5892/6617/1 5894/6619/1 
f 5618/6325/1 5895/6620/1 5894/6619/1 5892/6617/1 
f 5896/6621/1 5894/6619/1 5895/6620/1 5897/6622/1 
f 5895/6620/1 5621/6329/1 5898/6623/1 5897/6622/1 
f 5621/6329/1 5895/6620/1 5618/6325/1 5617/6324/1 
f 5899/6624/1 5897/6622/1 5898/6623/1 5900/6625/1 
f 5625/6334/1 5901/6626/1 5900/6625/1 5898/6623/1 
f 5620/6328/1 5625/6334/1 5898/6623/1 5621/6329/1 
f 5902/6627/1 5900/6625/1 5901/6626/1 5903/6628/1 
f 5627/6336/1 5904/6629/1 5903/6628/1 5901/6626/1 
f 5625/6334/1 5624/6333/1 5627/6336/1 5901/6626/1 
f 5905/6630/1 5903/6628/1 5904/6629/1 5906/6631/1 
f 5630/6339/1 5907/6632/1 5906/6631/1 5904/6629/1 
f 5628/6337/1 5630/6339/1 5904/6629/1 5627/6336/1 
f 5908/6633/1 5906/6631/1 5907/6632/1 5909/6634/1 
f 5633/6342/1 5910/6635/1 5909/6634/1 5907/6632/1 
f 5631/6340/1 5633/6342/1 5907/6632/1 5630/6339/1 
f 5911/6636/1 5909/6634/1 5910/6635/1 5912/6637/1 
f 5913/6638/1 5914/6639/1 5912/6637/1 5910/6635/1 
f 5634/6343/1 5913/6638/1 5910/6635/1 5633/6342/1 
f 5915/6640/1 5914/6639/1 5913/6638/1 5916/6641/1 
f 5636/6345/1 5916/6641/1 5913/6638/1 5634/6343/1 
f 5917/6642/1 5915/6640/1 5916/6641/1 5918/6643/1 
f 5638/6347/1 5918/6643/1 5916/6641/1 5636/6345/1 
f 5919/6644/1 5920/6645/1 5917/6642/1 5918/6643/1 
f 5640/6349/1 5919/6644/1 5918/6643/1 5638/6347/1 
f 5644/6353/1 5649/6358/1 5920/6645/1 5919/6644/1 
f 5642/6351/1 5644/6353/1 5919/6644/1 5640/6349/1 
f 5921/6646/1 5917/6642/1 5920/6645/1 5922/6647/1 
f 5649/6358/1 5648/6357/1 5922/6647/1 5920/6645/1 
f 5923/6648/1 4419/4927/1 5921/6646/1 5922/6647/1 
f 5648/6357/1 5651/6360/1 5923/6648/1 5922/6647/1 
f 4415/4928/1 4419/4927/1 5923/6648/1 5924/6649/1 
f 5651/6360/1 5925/6650/1 5924/6649/1 5923/6648/1 
f 5926/6651/1 5924/6652/1 5925/6653/1 5927/6654/1 
f 5654/6655/1 5928/6656/1 5927/6654/1 5925/6653/1 
f 5652/6361/1 5654/6363/1 5925/6650/1 5651/6360/1 
f 5929/6657/1 5927/6654/1 5928/6656/1 5930/6658/1 
f 5931/6659/1 5932/6660/1 5930/6658/1 5928/6656/1 
f 5655/6364/1 5931/6661/1 5928/6662/1 5654/6363/1 
f 5933/6663/1 5934/6664/1 5932/6660/1 5931/6659/1 
f 5656/6365/1 5933/6665/1 5931/6661/1 5655/6364/1 
f 5935/6666/1 5934/6664/1 5933/6663/1 5936/6667/1 
f 5656/6365/1 5658/6367/1 5936/6668/1 5933/6665/1 
f 5937/6669/1 5935/6666/1 5936/6667/1 5938/6670/1 
f 5658/6372/1 5660/6371/1 5938/6671/1 5936/6672/1 
f 5939/6673/1 5937/6669/1 5938/6670/1 5940/6674/1 
f 5941/6675/1 5940/6676/1 5938/6671/1 5660/6371/1 
f 5942/6677/1 5943/6678/1 5940/6676/1 5941/6675/1 
f 5944/6679/1 5942/6677/1 5941/6675/1 5664/6376/1 
f 5664/6376/1 5941/6675/1 5660/6371/1 5661/6373/1 
f 5945/6680/1 5946/6681/1 5942/6677/1 5944/6679/1 
f 5670/6382/1 5945/6680/1 5944/6679/1 5667/6379/1 
f 5663/6375/1 5667/6379/1 5944/6679/1 5664/6376/1 
f 5947/6682/1 5948/6683/1 5946/6681/1 5945/6680/1 
f 5672/6384/1 5947/6682/1 5945/6680/1 5670/6382/1 
f 5949/6684/1 5948/6683/1 5947/6682/1 5950/6685/1 
f 5672/6384/1 5674/6386/1 5950/6685/1 5947/6682/1 
f 5951/6686/1 5949/6684/1 5950/6685/1 5952/6687/1 
f 5674/6386/1 5953/6688/1 5952/6687/1 5950/6685/1 
f 5954/6689/1 5952/6687/1 5953/6688/1 5955/6690/1 
f 5676/6388/1 5956/6691/1 5955/6690/1 5953/6688/1 
f 5673/6385/1 5676/6388/1 5953/6688/1 5674/6386/1 
f 5957/6692/1 5958/6693/1 5955/6694/1 5956/6695/1 
f 5959/6696/1 5957/6692/1 5956/6695/1 5680/6697/1 
f 5677/6389/1 5680/6392/1 5956/6691/1 5676/6388/1 
f 5960/6698/1 5961/6699/1 5957/6692/1 5959/6696/1 
f 5962/6700/1 5960/6698/1 5959/6696/1 5683/6398/1 
f 5680/6697/1 5679/6395/1 5683/6398/1 5959/6696/1 
f 5963/6701/1 5964/6702/1 5960/6698/1 5962/6700/1 
f 5965/6703/1 5963/6701/1 5962/6700/1 5687/6404/1 
f 5683/6398/1 5682/6397/1 5687/6404/1 5962/6700/1 
f 5963/6701/1 5965/6703/1 5966/6704/1 5967/6705/1 
f 5966/6704/1 5965/6703/1 5690/6407/1 4648/5217/1 
f 5690/6407/1 5965/6703/1 5687/6404/1 5686/6403/1 
f 5967/6705/1 5966/6704/1 5968/6706/1 5969/6707/1 
f 5968/6706/1 5966/6704/1 4648/5217/1 4646/5215/1 
f 5969/6707/1 5968/6706/1 5970/6708/1 5971/6709/1 
f 5970/6708/1 5968/6706/1 4646/5215/1 4647/5216/1 
f 5971/6709/1 5970/6708/1 5972/6710/1 5973/6711/1 
f 5972/6710/1 5970/6708/1 4647/5216/1 5974/6712/1 
f 5975/6713/1 5972/6710/1 5974/6712/1 5976/6714/1 
f 5977/6715/1 5978/6716/1 5976/6714/1 5974/6712/1 
f 5977/6715/1 5974/6712/1 4647/5216/1 4642/5211/1 
f 5979/6717/1 5980/6718/1 5978/6716/1 5977/6715/1 
f 5979/6717/1 5977/6715/1 4642/5211/1 4645/5214/1 
f 5693/6410/1 5696/6413/1 5980/6718/1 5979/6717/1 
f 5691/6408/1 5693/6410/1 5979/6717/1 4645/5214/1 
f 5981/6719/1 5978/6716/1 5980/6718/1 5982/6720/1 
f 5696/6413/1 5983/6721/1 5982/6720/1 5980/6718/1 
f 5984/6722/1 5982/6720/1 5983/6721/1 5985/6723/1 
f 5698/6415/1 5986/6724/1 5985/6723/1 5983/6721/1 
f 5695/6412/1 5698/6415/1 5983/6721/1 5696/6413/1 
f 5987/6725/1 5985/6723/1 5986/6724/1 5988/6726/1 
f 5989/6727/1 5990/6728/1 5988/6726/1 5986/6724/1 
f 5699/6416/1 5989/6727/1 5986/6724/1 5698/6415/1 
f 5703/6420/1 5991/6729/1 5990/6728/1 5989/6727/1 
f 5701/6418/1 5703/6420/1 5989/6727/1 5699/6416/1 
f 5992/6730/1 5990/6728/1 5991/6729/1 5993/6731/1 
f 5994/6732/1 5995/6733/1 5993/6731/1 5991/6729/1 
f 5704/6421/1 5994/6732/1 5991/6729/1 5703/6420/1 
f 5996/6734/1 5997/6735/1 5995/6733/1 5994/6732/1 
f 5706/6423/1 5996/6734/1 5994/6732/1 5704/6421/1 
f 5998/6736/1 5999/6737/1 5997/6735/1 5996/6734/1 
f 5708/6425/1 5998/6736/1 5996/6734/1 5706/6423/1 
f 6000/6738/1 6001/6739/1 5999/6737/1 5998/6736/1 
f 5710/6427/1 6000/6738/1 5998/6736/1 5708/6425/1 
f 5716/6433/1 6002/6740/1 6001/6739/1 6000/6738/1 
f 5714/6431/1 5716/6433/1 6000/6738/1 5710/6427/1 
f 6003/6741/1 6001/6739/1 6002/6740/1 6004/6742/1 
f 6005/6743/1 6006/6744/1 6004/6742/1 6002/6740/1 
f 5717/6434/1 6005/6743/1 6002/6740/1 5716/6433/1 
f 6007/6745/1 6008/6746/1 6006/6744/1 6005/6743/1 
f 5719/6436/1 6007/6745/1 6005/6743/1 5717/6434/1 
f 6009/6747/1 6008/6746/1 6007/6745/1 6010/6748/1 
f 5720/6437/1 6010/6748/1 6007/6745/1 5719/6436/1 
f 6011/6749/1 6012/6750/1 6009/6747/1 6010/6748/1 
f 5723/6440/1 6011/6749/1 6010/6748/1 5720/6437/1 
f 6013/6751/1 6014/6752/1 6012/6750/1 6011/6749/1 
f 5725/6442/1 6013/6751/1 6011/6749/1 5723/6440/1 
f 6015/6753/1 6016/6754/1 6014/6752/1 6013/6751/1 
f 5727/6444/1 6015/6753/1 6013/6751/1 5725/6442/1 
f 6017/6755/1 6016/6754/1 6015/6753/1 6018/6756/1 
f 6019/6757/1 6018/6756/1 6015/6753/1 5727/6444/1 
f 6020/6758/1 6018/6756/1 6019/6757/1 6021/6759/1 
f 5730/6447/1 5752/6470/1 6021/6759/1 6019/6757/1 
f 5727/6444/1 5726/6443/1 5730/6447/1 6019/6757/1 
f 6022/6760/1 6020/6758/1 6021/6759/1 5755/6473/1 
f 5752/6470/1 5751/6469/1 5755/6473/1 6021/6759/1 
f 6023/6761/1 6024/6762/1 6020/6758/1 6022/6760/1 
f 5760/6478/1 6023/6761/1 6022/6760/1 5758/6476/1 
f 5755/6473/1 5754/6472/1 5758/6476/1 6022/6760/1 
f 6025/6763/1 6024/6762/1 6023/6761/1 6026/6764/1 
f 6027/6765/1 6026/6764/1 6023/6761/1 5760/6478/1 
f 6028/6766/1 6026/6764/1 6027/6765/1 6029/6767/1 
f 6030/6768/1 6029/6767/1 6027/6765/1 5762/6480/1 
f 5760/6478/1 5759/6477/1 5762/6480/1 6027/6765/1 
f 6031/6769/1 6029/6767/1 6030/6768/1 6032/6770/1 
f 6033/6771/1 6032/6770/1 6030/6768/1 5765/6483/1 
f 5763/6481/1 5765/6483/1 6030/6768/1 5762/6480/1 
f 6034/6772/1 6032/6770/1 6033/6771/1 6035/6773/1 
f 5768/6486/1 6036/6774/1 6035/6773/1 6033/6771/1 
f 5766/6484/1 5768/6486/1 6033/6771/1 5765/6483/1 
f 6037/6775/1 6035/6773/1 6036/6774/1 6038/6776/1 
f 5771/6489/1 6039/6777/1 6038/6776/1 6036/6774/1 
f 5769/6487/1 5771/6489/1 6036/6774/1 5768/6486/1 
f 6040/6778/1 6038/6776/1 6039/6777/1 6041/6779/1 
f 5774/6492/1 6042/6780/1 6041/6779/1 6039/6777/1 
f 5772/6490/1 5774/6492/1 6039/6777/1 5771/6489/1 
f 6043/6781/1 6041/6779/1 6042/6780/1 6044/6782/1 
f 6045/6783/1 6044/6782/1 6042/6780/1 5777/6495/1 
f 5775/6493/1 5777/6495/1 6042/6780/1 5774/6492/1 
f 6046/6784/1 6044/6782/1 6045/6783/1 6047/6785/1 
f 6048/6786/1 6047/6785/1 6045/6783/1 6049/6787/1 
f 5777/6495/1 5778/6496/1 6049/6787/1 6045/6783/1 
f 6050/6788/1 6048/6786/1 6049/6787/1 6051/6789/1 
f 5778/6496/1 5779/6497/1 6051/6789/1 6049/6787/1 
f 6052/6790/1 6050/6788/1 6051/6789/1 6053/6791/1 
f 5779/6497/1 5781/6499/1 6053/6791/1 6051/6789/1 
f 6054/6792/1 6052/6790/1 6053/6791/1 6055/6793/1 
f 5783/6501/1 6055/6793/1 6053/6791/1 5781/6499/1 
f 6056/6794/1 6054/6792/1 6055/6793/1 6057/6795/1 
f 5785/6503/1 6057/6795/1 6055/6793/1 5783/6501/1 
f 6058/6796/1 6056/6794/1 6057/6795/1 6059/6797/1 
f 5785/6503/1 5787/6505/1 6059/6797/1 6057/6795/1 
f 6060/6798/1 6058/6796/1 6059/6797/1 6061/6799/1 
f 5789/6507/1 6061/6799/1 6059/6797/1 5787/6505/1 
f 6062/6800/1 6060/6798/1 6061/6799/1 6063/6801/1 
f 5791/6509/1 6063/6801/1 6061/6799/1 5789/6507/1 
f 6064/6802/1 6062/6800/1 6063/6801/1 5796/6514/1 
f 5793/6511/1 5796/6514/1 6063/6801/1 5791/6509/1 
f 6065/6803/1 6062/6800/1 6064/6802/1 6066/6804/1 
f 6067/6805/1 6066/6804/1 6064/6802/1 5799/6517/1 
f 5797/6515/1 5799/6517/1 6064/6802/1 5796/6514/1 
f 6068/6806/1 6066/6804/1 6067/6805/1 6069/6807/1 
f 6070/6808/1 6069/6807/1 6067/6805/1 5803/6521/1 
f 5799/6517/1 5800/6518/1 5803/6521/1 6067/6805/1 
f 6071/6809/1 6069/6807/1 6070/6808/1 6072/6810/1 
f 6073/6811/1 6074/6812/1 6072/6810/1 6070/6808/1 
f 5802/6520/1 6073/6811/1 6070/6808/1 5803/6521/1 
f 6075/6813/1 6076/6814/1 6074/6812/1 6073/6811/1 
f 5804/6522/1 6075/6813/1 6073/6811/1 5802/6520/1 
f 6077/6815/1 6076/6814/1 6075/6813/1 6078/6816/1 
f 5804/6522/1 5806/6524/1 6078/6816/1 6075/6813/1 
f 6079/6817/1 6077/6815/1 6078/6816/1 6080/6818/1 
f 5806/6524/1 5808/6526/1 6080/6818/1 6078/6816/1 
f 6081/6819/1 6079/6817/1 6080/6818/1 6082/6820/1 
f 5808/6526/1 5810/6528/1 6082/6820/1 6080/6818/1 
f 6083/6821/1 6081/6819/1 6082/6820/1 6084/6822/1 
f 5810/6528/1 5812/6530/1 6084/6822/1 6082/6820/1 
f 6085/6823/1 6083/6821/1 6084/6822/1 6086/6824/1 
f 5812/6530/1 5814/6532/1 6086/6824/1 6084/6822/1 
f 6087/6825/1 6085/6823/1 6086/6824/1 6088/6826/1 
f 5814/6532/1 5816/6827/1 6088/6826/1 6086/6824/1 
f 6089/6828/1 6087/6829/1 6088/6830/1 6090/6831/1 
f 5816/6535/1 5818/6539/1 6090/6832/1 6088/6833/1 
f 6091/6834/1 6089/6828/1 6090/6831/1 6092/6835/1 
f 5818/6539/1 5820/6541/1 6092/6836/1 6090/6832/1 
f 6093/6837/1 6094/6838/1 6091/6834/1 6092/6835/1 
f 5823/6839/1 6093/6837/1 6092/6835/1 5820/6840/1 
f 6095/6841/1 6094/6838/1 6093/6837/1 6096/6842/1 
f 5825/6843/1 6096/6842/1 6093/6837/1 5823/6839/1 
f 6097/6844/1 6095/6841/1 6096/6842/1 6098/6845/1 
f 6099/6846/1 6098/6845/1 6096/6842/1 5825/6843/1 
f 6100/6847/1 6101/6848/1 6098/6845/1 6099/6846/1 
f 6102/6849/1 6100/6850/1 6099/6851/1 5828/6549/1 
f 5825/6546/1 5824/6545/1 5828/6549/1 6099/6851/1 
f 6103/6852/1 6104/6853/1 6100/6850/1 6102/6849/1 
f 6105/6854/1 6103/6852/1 6102/6849/1 5831/6552/1 
f 5828/6549/1 5827/6548/1 5831/6552/1 6102/6849/1 
f 6106/6855/1 6107/6856/1 6103/6852/1 6105/6854/1 
f 6108/6857/1 6106/6855/1 6105/6854/1 5834/6555/1 
f 5831/6552/1 5830/6551/1 5834/6555/1 6105/6854/1 
f 6109/6858/1 6110/6859/1 6106/6855/1 6108/6857/1 
f 6111/6860/1 6109/6858/1 6108/6857/1 5837/6558/1 
f 5834/6555/1 5833/6554/1 5837/6558/1 6108/6857/1 
f 6112/6861/1 6113/6862/1 6109/6858/1 6111/6860/1 
f 6114/6863/1 6112/6861/1 6111/6860/1 5840/6561/1 
f 5837/6558/1 5836/6557/1 5840/6561/1 6111/6860/1 
f 6115/6864/1 6116/6865/1 6112/6861/1 6114/6863/1 
f 6117/6866/1 6115/6864/1 6114/6863/1 5842/6563/1 
f 5840/6561/1 5839/6560/1 5842/6563/1 6114/6863/1 
f 6118/6867/1 6119/6868/1 6115/6864/1 6117/6866/1 
f 6120/6869/1 6118/6867/1 6117/6866/1 6121/6870/1 
f 5843/6564/1 6121/6870/1 6117/6866/1 5842/6563/1 
f 6122/6871/1 6120/6869/1 6121/6870/1 6123/6872/1 
f 5844/6565/1 6123/6872/1 6121/6870/1 5843/6564/1 
f 6124/6873/1 6125/6874/1 6122/6871/1 6123/6872/1 
f 5847/6568/1 6124/6873/1 6123/6872/1 5844/6565/1 
f 6126/6875/1 6127/6876/1 6125/6874/1 6124/6873/1 
f 5849/6570/1 6126/6875/1 6124/6873/1 5847/6568/1 
f 6128/6877/1 6129/6878/1 6127/6876/1 6126/6875/1 
f 5851/6572/1 6128/6877/1 6126/6875/1 5849/6570/1 
f 6130/6879/1 6131/6880/1 6129/6878/1 6128/6877/1 
f 5853/6574/1 6130/6879/1 6128/6877/1 5851/6572/1 
f 6132/6881/1 6133/6882/1 6131/6880/1 6130/6879/1 
f 5855/6576/1 6132/6881/1 6130/6879/1 5853/6574/1 
f 6134/6883/1 6135/6884/1 6133/6882/1 6132/6881/1 
f 5857/6578/1 6134/6883/1 6132/6881/1 5855/6576/1 
f 6136/6885/1 6137/6886/1 6135/6884/1 6134/6883/1 
f 5859/6580/1 6136/6885/1 6134/6883/1 5857/6578/1 
f 6138/6887/1 6139/6888/1 6137/6886/1 6136/6885/1 
f 5861/6582/1 6138/6887/1 6136/6885/1 5859/6580/1 
f 6140/6889/1 5881/6605/1 6139/6888/1 6138/6887/1 
f 5863/6584/1 6140/6889/1 6138/6887/1 5861/6582/1 
f 5867/6588/1 5878/6602/1 5881/6605/1 6140/6889/1 
f 5864/6585/1 5867/6588/1 6140/6889/1 5863/6584/1 
f 6141/6890/1 6137/6886/1 6139/6888/1 5884/6608/1 
f 5881/6605/1 5880/6604/1 5884/6608/1 6139/6888/1 
f 6142/6891/1 6135/6884/1 6137/6886/1 6141/6890/1 
f 6143/6892/1 6142/6891/1 6141/6890/1 5887/6611/1 
f 5884/6608/1 5883/6607/1 5887/6611/1 6141/6890/1 
f 6144/6893/1 6145/6894/1 6142/6891/1 6143/6892/1 
f 6146/6895/1 6144/6893/1 6143/6892/1 6147/6896/1 
f 5886/6610/1 6147/6896/1 6143/6892/1 5887/6611/1 
f 6148/6897/1 6146/6895/1 6147/6896/1 6149/6898/1 
f 5889/6613/1 6149/6898/1 6147/6896/1 5886/6610/1 
f 4790/5389/1 6148/6897/1 6149/6898/1 4786/5384/1 
f 4785/5381/1 4786/5384/1 6149/6898/1 5889/6613/1 
f 6150/6899/1 6151/6900/1 6146/6895/1 6148/6897/1 
f 6152/6901/1 6150/6899/1 6148/6897/1 4790/5389/1 
f 6153/6902/1 6150/6899/1 6152/6901/1 6154/6903/1 
f 6155/6904/1 6154/6903/1 6152/6901/1 6156/6905/1 
f 4788/5386/1 6156/6905/1 6152/6901/1 4790/5389/1 
f 6157/6906/1 6155/6904/1 6156/6905/1 6158/6907/1 
f 4788/5386/1 4787/5385/1 6158/6907/1 6156/6905/1 
f 6159/6908/1 6157/6906/1 6158/6907/1 6160/6909/1 
f 6161/6910/1 6160/6909/1 6158/6907/1 4787/5385/1 
f 6162/6911/1 6163/6912/1 6160/6909/1 6161/6910/1 
f 6164/6913/1 6162/6911/1 6161/6910/1 6165/6914/1 
f 4787/5385/1 4782/5388/1 6165/6914/1 6161/6910/1 
f 5893/6618/1 6166/6915/1 6164/6916/1 6165/6917/1 
f 4781/5377/1 5893/6618/1 6165/6917/1 4782/5378/1 
f 6167/6918/1 6164/6916/1 6166/6915/1 6168/6919/1 
f 5896/6621/1 6169/6920/1 6168/6919/1 6166/6915/1 
f 5894/6619/1 5896/6621/1 6166/6915/1 5893/6618/1 
f 6170/6921/1 6168/6919/1 6169/6920/1 6171/6922/1 
f 5899/6624/1 6172/6923/1 6171/6922/1 6169/6920/1 
f 5897/6622/1 5899/6624/1 6169/6920/1 5896/6621/1 
f 6173/6924/1 6171/6922/1 6172/6923/1 6174/6925/1 
f 5902/6627/1 6175/6926/1 6174/6925/1 6172/6923/1 
f 5900/6625/1 5902/6627/1 6172/6923/1 5899/6624/1 
f 4730/5313/1 6174/6925/1 6175/6926/1 4731/5314/1 
f 5905/6630/1 6176/6927/1 4731/5314/1 6175/6926/1 
f 5903/6628/1 5905/6630/1 6175/6926/1 5902/6627/1 
f 6177/6928/1 4732/5315/1 4731/5314/1 6176/6927/1 
f 6178/6929/1 6177/6928/1 6176/6927/1 5908/6633/1 
f 5906/6631/1 5908/6633/1 6176/6927/1 5905/6630/1 
f 6179/6930/1 6180/6931/1 6177/6928/1 6178/6929/1 
f 6181/6932/1 6179/6930/1 6178/6929/1 5911/6636/1 
f 5909/6634/1 5911/6636/1 6178/6929/1 5908/6633/1 
f 4410/4916/1 6182/6933/1 6179/6930/1 6181/6932/1 
f 4673/5248/1 4411/4917/1 4410/4916/1 6181/6932/1 
f 5911/6636/1 5912/6637/1 4673/5248/1 6181/6932/1 
f 6183/6934/1 6184/6935/1 6182/6936/1 6185/6937/1 
f 4410/4916/1 4409/4915/1 6185/6938/1 6182/6933/1 
f 6184/6939/1 6180/6931/1 6179/6930/1 6182/6933/1 
f 6186/6940/1 6183/6934/1 6185/6937/1 6187/6941/1 
f 4409/4921/1 4414/4920/1 6187/6941/1 6185/6937/1 
f 6188/6942/1 6186/6940/1 6187/6941/1 6189/6943/1 
f 4414/4920/1 6190/6944/1 6189/6943/1 6187/6941/1 
f 6191/6945/1 6189/6943/1 6190/6944/1 6192/6946/1 
f 6193/6947/1 6194/6948/1 6192/6946/1 6190/6944/1 
f 4413/4919/1 6193/6947/1 6190/6944/1 4414/4920/1 
f 6195/6949/1 6196/6950/1 6194/6948/1 6193/6947/1 
f 4416/4924/1 6195/6949/1 6193/6947/1 4413/4919/1 
f 6197/6951/1 6198/6952/1 6196/6950/1 6195/6949/1 
f 5926/6651/1 6197/6951/1 6195/6949/1 4416/4924/1 
f 5929/6657/1 6199/6953/1 6198/6952/1 6197/6951/1 
f 5927/6654/1 5929/6657/1 6197/6951/1 5926/6651/1 
f 6200/6954/1 6198/6952/1 6199/6953/1 6201/6955/1 
f 6202/6956/1 6203/6957/1 6201/6955/1 6199/6953/1 
f 5930/6658/1 6202/6956/1 6199/6953/1 5929/6657/1 
f 6204/6958/1 6205/6959/1 6203/6957/1 6202/6956/1 
f 5932/6660/1 6204/6958/1 6202/6956/1 5930/6658/1 
f 6206/6960/1 6207/6961/1 6205/6959/1 6204/6958/1 
f 5934/6664/1 6206/6960/1 6204/6958/1 5932/6660/1 
f 6208/6962/1 6209/6963/1 6207/6961/1 6206/6960/1 
f 5935/6666/1 6208/6962/1 6206/6960/1 5934/6664/1 
f 4714/5291/1 4713/5290/1 6209/6963/1 6208/6962/1 
f 5937/6669/1 4714/5291/1 6208/6962/1 5935/6666/1 
f 6210/6964/1 6207/6961/1 6209/6963/1 6211/6965/1 
f 4713/5290/1 4712/5289/1 6211/6965/1 6209/6963/1 
f 6212/6966/1 6210/6964/1 6211/6965/1 6213/6967/1 
f 4712/5289/1 6214/6968/1 6213/6967/1 6211/6965/1 
f 6215/6969/1 6213/6967/1 6214/6968/1 6216/6970/1 
f 6217/6971/1 6218/6972/1 6216/6970/1 6214/6968/1 
f 4711/5288/1 6217/6971/1 6214/6968/1 4712/5289/1 
f 6219/6973/1 6220/6974/1 6218/6972/1 6217/6971/1 
f 4710/5287/1 6219/6973/1 6217/6971/1 4711/5288/1 
f 6221/6975/1 6222/6976/1 6220/6974/1 6219/6973/1 
f 6223/6977/1 6221/6975/1 6219/6973/1 4710/5287/1 
f 6224/6978/1 6225/6979/1 6221/6975/1 6223/6977/1 
f 6226/6980/1 6224/6978/1 6223/6977/1 6227/6981/1 
f 4710/5287/1 4707/5284/1 6227/6981/1 6223/6977/1 
f 6228/6982/1 6226/6980/1 6227/6981/1 6229/6983/1 
f 4707/5284/1 4706/5283/1 6229/6983/1 6227/6981/1 
f 6230/6984/1 6228/6985/1 6229/6986/1 6231/6987/1 
f 6232/6988/1 6231/6989/1 6229/6983/1 4706/5283/1 
f 4706/5283/1 4709/5286/1 5939/6673/1 6232/6988/1 
f 6233/6990/1 6231/6987/1 6232/6991/1 5943/6678/1 
f 5939/6673/1 5940/6674/1 5943/6992/1 6232/6988/1 
f 6234/6993/1 6230/6984/1 6231/6987/1 6233/6990/1 
f 5948/6683/1 6234/6993/1 6233/6990/1 5946/6681/1 
f 5943/6678/1 5942/6677/1 5946/6681/1 6233/6990/1 
f 6235/6994/1 6236/6995/1 6230/6984/1 6234/6993/1 
f 5949/6684/1 6235/6994/1 6234/6993/1 5948/6683/1 
f 6237/6996/1 6238/6997/1 6236/6998/1 6235/6999/1 
f 5949/6684/1 5951/6686/1 6237/7000/1 6235/6994/1 
f 6239/7001/1 6238/6997/1 6237/6996/1 6240/7002/1 
f 5951/7003/1 6241/7004/1 6240/7002/1 6237/6996/1 
f 6242/7005/1 6240/7002/1 6241/7004/1 6243/7006/1 
f 5954/7007/1 6244/7008/1 6243/7006/1 6241/7004/1 
f 5952/6687/1 5954/6689/1 6241/7009/1 5951/6686/1 
f 6245/7010/1 6243/7006/1 6244/7008/1 6246/7011/1 
f 6247/7012/1 6246/7011/1 6244/7008/1 5958/6693/1 
f 5955/6694/1 5958/6693/1 6244/7008/1 5954/7007/1 
f 6248/7013/1 6249/7014/1 6246/7011/1 6247/7012/1 
f 6250/7015/1 6248/7013/1 6247/7012/1 5961/6699/1 
f 5958/6693/1 5957/6692/1 5961/6699/1 6247/7012/1 
f 6248/7013/1 6250/7015/1 4629/5198/1 4630/5199/1 
f 4629/5198/1 6250/7015/1 5964/6702/1 4631/5200/1 
f 5961/6699/1 5960/6698/1 5964/6702/1 6250/7015/1 
f 6249/7014/1 6248/7013/1 4630/5199/1 6251/7016/1 
f 6252/7017/1 6249/7014/1 6251/7016/1 6253/7018/1 
f 6254/7019/1 6255/7020/1 6253/7018/1 6251/7016/1 
f 6254/7019/1 6251/7016/1 4630/5199/1 4625/5194/1 
f 6256/7021/1 6257/7022/1 6255/7020/1 6254/7019/1 
f 6256/7021/1 6254/7019/1 4625/5194/1 4628/5197/1 
f 5973/6711/1 6258/7023/1 6257/7022/1 6256/7021/1 
f 5973/6711/1 6256/7021/1 4628/5197/1 5971/6709/1 
f 6259/7024/1 6257/7022/1 6258/7023/1 6260/7025/1 
f 5975/6713/1 6261/7026/1 6260/7025/1 6258/7023/1 
f 5972/6710/1 5975/6713/1 6258/7023/1 5973/6711/1 
f 6262/7027/1 6260/7025/1 6261/7026/1 6263/7028/1 
f 6264/7029/1 6265/7030/1 6263/7028/1 6261/7026/1 
f 5976/6714/1 6264/7029/1 6261/7026/1 5975/6713/1 
f 5981/6719/1 6266/7031/1 6265/7030/1 6264/7029/1 
f 5978/6716/1 5981/6719/1 6264/7029/1 5976/6714/1 
f 6267/7032/1 6265/7030/1 6266/7031/1 6268/7033/1 
f 5984/6722/1 6269/7034/1 6268/7033/1 6266/7031/1 
f 5982/6720/1 5984/6722/1 6266/7031/1 5981/6719/1 
f 6270/7035/1 6268/7033/1 6269/7034/1 6271/7036/1 
f 5987/6725/1 6272/7037/1 6271/7036/1 6269/7034/1 
f 5985/6723/1 5987/6725/1 6269/7034/1 5984/6722/1 
f 6273/7038/1 6271/7036/1 6272/7037/1 6274/7039/1 
f 6275/7040/1 6276/7041/1 6274/7039/1 6272/7037/1 
f 5988/6726/1 6275/7040/1 6272/7037/1 5987/6725/1 
f 5992/6730/1 6277/7042/1 6276/7041/1 6275/7040/1 
f 5990/6728/1 5992/6730/1 6275/7040/1 5988/6726/1 
f 6278/7043/1 6276/7041/1 6277/7042/1 6279/7044/1 
f 6280/7045/1 6281/7046/1 6279/7044/1 6277/7042/1 
f 5993/6731/1 6280/7045/1 6277/7042/1 5992/6730/1 
f 6282/7047/1 6283/7048/1 6281/7046/1 6280/7045/1 
f 5995/6733/1 6282/7047/1 6280/7045/1 5993/6731/1 
f 6284/7049/1 6285/7050/1 6283/7048/1 6282/7047/1 
f 5997/6735/1 6284/7049/1 6282/7047/1 5995/6733/1 
f 6286/7051/1 6287/7052/1 6285/7050/1 6284/7049/1 
f 5999/6737/1 6286/7051/1 6284/7049/1 5997/6735/1 
f 6003/6741/1 6288/7053/1 6287/7052/1 6286/7051/1 
f 6001/6739/1 6003/6741/1 6286/7051/1 5999/6737/1 
f 6289/7054/1 6287/7052/1 6288/7053/1 6290/7055/1 
f 6291/7056/1 6292/7057/1 6290/7055/1 6288/7053/1 
f 6004/6742/1 6291/7056/1 6288/7053/1 6003/6741/1 
f 6293/7058/1 6294/7059/1 6292/7057/1 6291/7056/1 
f 6006/6744/1 6293/7058/1 6291/7056/1 6004/6742/1 
f 6295/7060/1 6296/7061/1 6294/7059/1 6293/7058/1 
f 6008/6746/1 6295/7060/1 6293/7058/1 6006/6744/1 
f 6297/7062/1 6296/7061/1 6295/7060/1 6298/7063/1 
f 6008/6746/1 6009/6747/1 6298/7063/1 6295/7060/1 
f 6299/7064/1 6297/7062/1 6298/7063/1 6300/7065/1 
f 6009/6747/1 6012/6750/1 6300/7065/1 6298/7063/1 
f 6301/7066/1 6299/7064/1 6300/7065/1 6302/7067/1 
f 6012/6750/1 6014/6752/1 6302/7067/1 6300/7065/1 
f 6303/7068/1 6301/7066/1 6302/7067/1 6304/7069/1 
f 6016/6754/1 6304/7069/1 6302/7067/1 6014/6752/1 
f 6305/7070/1 6303/7068/1 6304/7069/1 6306/7071/1 
f 6017/6755/1 6306/7071/1 6304/7069/1 6016/6754/1 
f 6307/7072/1 6305/7070/1 6306/7071/1 6025/6763/1 
f 6017/6755/1 6024/6762/1 6025/6763/1 6306/7071/1 
f 6308/7073/1 6305/7070/1 6307/7072/1 6309/7074/1 
f 6028/6766/1 6310/7075/1 6309/7074/1 6307/7072/1 
f 6026/6764/1 6028/6766/1 6307/7072/1 6025/6763/1 
f 6311/7076/1 6309/7074/1 6310/7075/1 6312/7077/1 
f 6031/6769/1 6313/7078/1 6312/7077/1 6310/7075/1 
f 6029/6767/1 6031/6769/1 6310/7075/1 6028/6766/1 
f 6314/7079/1 6312/7077/1 6313/7078/1 6315/7080/1 
f 6034/6772/1 6316/7081/1 6315/7080/1 6313/7078/1 
f 6032/6770/1 6034/6772/1 6313/7078/1 6031/6769/1 
f 6317/7082/1 6315/7080/1 6316/7081/1 6318/7083/1 
f 6037/6775/1 6319/7084/1 6318/7083/1 6316/7081/1 
f 6035/6773/1 6037/6775/1 6316/7081/1 6034/6772/1 
f 6320/7085/1 6318/7083/1 6319/7084/1 6321/7086/1 
f 6040/6778/1 6322/7087/1 6321/7086/1 6319/7084/1 
f 6038/6776/1 6040/6778/1 6319/7084/1 6037/6775/1 
f 6323/7088/1 6321/7086/1 6322/7087/1 6324/7089/1 
f 6043/6781/1 6325/7090/1 6324/7089/1 6322/7087/1 
f 6041/6779/1 6043/6781/1 6322/7087/1 6040/6778/1 
f 6326/7091/1 6324/7089/1 6325/7090/1 6327/7092/1 
f 6328/7093/1 6327/7092/1 6325/7090/1 6046/6784/1 
f 6044/6782/1 6046/6784/1 6325/7090/1 6043/6781/1 
f 6329/7094/1 6330/7095/1 6327/7092/1 6328/7093/1 
f 6331/7096/1 6329/7094/1 6328/7093/1 6332/7097/1 
f 6047/6785/1 6332/7097/1 6328/7093/1 6046/6784/1 
f 6333/7098/1 6331/7096/1 6332/7097/1 6334/7099/1 
f 6048/6786/1 6334/7099/1 6332/7097/1 6047/6785/1 
f 6335/7100/1 6333/7098/1 6334/7099/1 6336/7101/1 
f 6050/6788/1 6336/7101/1 6334/7099/1 6048/6786/1 
f 6337/7102/1 6335/7100/1 6336/7101/1 6338/7103/1 
f 6052/6790/1 6338/7103/1 6336/7101/1 6050/6788/1 
f 6339/7104/1 6337/7102/1 6338/7103/1 6340/7105/1 
f 6054/6792/1 6340/7105/1 6338/7103/1 6052/6790/1 
f 6341/7106/1 6339/7104/1 6340/7105/1 6342/7107/1 
f 6054/6792/1 6056/6794/1 6342/7107/1 6340/7105/1 
f 6343/7108/1 6341/7106/1 6342/7107/1 6344/7109/1 
f 6058/6796/1 6344/7109/1 6342/7107/1 6056/6794/1 
f 6345/7110/1 6343/7108/1 6344/7109/1 6346/7111/1 
f 6060/6798/1 6346/7111/1 6344/7109/1 6058/6796/1 
f 6347/7112/1 6345/7110/1 6346/7111/1 6065/6803/1 
f 6060/6798/1 6062/6800/1 6065/6803/1 6346/7111/1 
f 6348/7113/1 6345/7110/1 6347/7112/1 6349/7114/1 
f 6068/6806/1 6350/7115/1 6349/7114/1 6347/7112/1 
f 6066/6804/1 6068/6806/1 6347/7112/1 6065/6803/1 
f 6351/7116/1 6349/7114/1 6350/7115/1 6352/7117/1 
f 6071/6809/1 6353/7118/1 6352/7117/1 6350/7115/1 
f 6069/6807/1 6071/6809/1 6350/7115/1 6068/6806/1 
f 6354/7119/1 6352/7117/1 6353/7118/1 6355/7120/1 
f 6356/7121/1 6355/7120/1 6353/7118/1 6357/7122/1 
f 6072/6810/1 6357/7122/1 6353/7118/1 6071/6809/1 
f 6358/7123/1 6356/7121/1 6357/7122/1 6359/7124/1 
f 6074/6812/1 6359/7124/1 6357/7122/1 6072/6810/1 
f 6360/7125/1 6361/7126/1 6358/7123/1 6359/7124/1 
f 6076/6814/1 6360/7125/1 6359/7124/1 6074/6812/1 
f 6362/7127/1 6363/7128/1 6361/7126/1 6360/7125/1 
f 6077/6815/1 6362/7127/1 6360/7125/1 6076/6814/1 
f 6364/7129/1 6365/7130/1 6363/7128/1 6362/7127/1 
f 6079/6817/1 6364/7129/1 6362/7127/1 6077/6815/1 
f 6366/7131/1 6365/7130/1 6364/7129/1 6367/7132/1 
f 6079/6817/1 6081/6819/1 6367/7132/1 6364/7129/1 
f 6368/7133/1 6366/7131/1 6367/7132/1 6369/7134/1 
f 6081/6819/1 6083/6821/1 6369/7134/1 6367/7132/1 
f 6370/7135/1 6368/7133/1 6369/7134/1 6371/7136/1 
f 6083/6821/1 6085/6823/1 6371/7136/1 6369/7134/1 
f 6372/7137/1 6370/7138/1 6371/7139/1 6373/7140/1 
f 6085/6823/1 6087/6825/1 6373/7141/1 6371/7136/1 
f 6374/7142/1 6372/7137/1 6373/7140/1 6375/7143/1 
f 6087/6829/1 6089/6828/1 6375/7143/1 6373/7140/1 
f 6376/7144/1 6374/7142/1 6375/7143/1 6377/7145/1 
f 6089/6828/1 6091/6834/1 6377/7145/1 6375/7143/1 
f 6378/7146/1 6376/7144/1 6377/7145/1 6379/7147/1 
f 6094/6838/1 6379/7147/1 6377/7145/1 6091/6834/1 
f 6380/7148/1 6378/7146/1 6379/7147/1 6381/7149/1 
f 6095/6841/1 6381/7149/1 6379/7147/1 6094/6838/1 
f 6382/7150/1 6380/7148/1 6381/7149/1 6383/7151/1 
f 6095/6841/1 6097/6844/1 6383/7151/1 6381/7149/1 
f 6384/7152/1 6382/7150/1 6383/7151/1 6385/7153/1 
f 6097/6844/1 6386/7154/1 6385/7153/1 6383/7151/1 
f 6387/7155/1 6385/7153/1 6386/7154/1 6388/7156/1 
f 6101/6848/1 6389/7157/1 6388/7156/1 6386/7154/1 
f 6098/6845/1 6101/6848/1 6386/7154/1 6097/6844/1 
f 6390/7158/1 6388/7156/1 6389/7157/1 6391/7159/1 
f 6392/7160/1 6391/7159/1 6389/7157/1 6104/7161/1 
f 6101/6848/1 6100/6847/1 6104/7161/1 6389/7157/1 
f 6393/7162/1 6394/7163/1 6391/7159/1 6392/7160/1 
f 6395/7164/1 6393/7165/1 6392/7166/1 6107/6856/1 
f 6104/6853/1 6103/6852/1 6107/6856/1 6392/7166/1 
f 6396/7167/1 6397/7168/1 6393/7162/1 6395/7169/1 
f 6398/7170/1 6396/7171/1 6395/7164/1 6110/6859/1 
f 6107/6856/1 6106/6855/1 6110/6859/1 6395/7164/1 
f 6399/7172/1 6400/7173/1 6396/7171/1 6398/7170/1 
f 6401/7174/1 6399/7172/1 6398/7170/1 6113/6862/1 
f 6110/6859/1 6109/6858/1 6113/6862/1 6398/7170/1 
f 6402/7175/1 6403/7176/1 6399/7172/1 6401/7174/1 
f 6404/7177/1 6402/7175/1 6401/7174/1 6116/6865/1 
f 6113/6862/1 6112/6861/1 6116/6865/1 6401/7174/1 
f 6405/7178/1 6406/7179/1 6402/7175/1 6404/7177/1 
f 6407/7180/1 6405/7178/1 6404/7177/1 6119/6868/1 
f 6116/6865/1 6115/6864/1 6119/6868/1 6404/7177/1 
f 6408/7181/1 6405/7178/1 6407/7180/1 6409/7182/1 
f 6410/7183/1 6411/7184/1 6409/7182/1 6407/7180/1 
f 6118/6867/1 6410/7183/1 6407/7180/1 6119/6868/1 
f 6412/7185/1 6413/7186/1 6411/7184/1 6410/7183/1 
f 6120/6869/1 6412/7185/1 6410/7183/1 6118/6867/1 
f 6414/7187/1 6415/7188/1 6413/7186/1 6412/7185/1 
f 6122/6871/1 6414/7187/1 6412/7185/1 6120/6869/1 
f 6416/7189/1 6415/7188/1 6414/7187/1 6417/7190/1 
f 6125/6874/1 6417/7190/1 6414/7187/1 6122/6871/1 
f 6418/7191/1 6416/7189/1 6417/7190/1 6419/7192/1 
f 6127/6876/1 6419/7192/1 6417/7190/1 6125/6874/1 
f 6420/7193/1 6418/7191/1 6419/7192/1 6421/7194/1 
f 6129/6878/1 6421/7194/1 6419/7192/1 6127/6876/1 
f 6422/7195/1 6423/7196/1 6420/7193/1 6421/7194/1 
f 6131/6880/1 6422/7195/1 6421/7194/1 6129/6878/1 
f 6145/6894/1 6144/6893/1 6423/7196/1 6422/7195/1 
f 6133/6882/1 6145/6894/1 6422/7195/1 6131/6880/1 
f 6424/7197/1 6420/7193/1 6423/7196/1 6151/6900/1 
f 6144/6893/1 6146/6895/1 6151/6900/1 6423/7196/1 
f 6418/7191/1 6420/7193/1 6424/7197/1 6425/7198/1 
f 6153/6902/1 6426/7199/1 6425/7198/1 6424/7197/1 
f 6150/6899/1 6153/6902/1 6424/7197/1 6151/6900/1 
f 6427/7200/1 6425/7198/1 6426/7199/1 6428/7201/1 
f 6429/7202/1 6430/7203/1 6428/7201/1 6426/7199/1 
f 6154/6903/1 6429/7202/1 6426/7199/1 6153/6902/1 
f 6431/7204/1 6432/7205/1 6430/7203/1 6429/7202/1 
f 6155/6904/1 6431/7204/1 6429/7202/1 6154/6903/1 
f 6433/7206/1 6434/7207/1 6432/7205/1 6431/7204/1 
f 6157/6906/1 6433/7206/1 6431/7204/1 6155/6904/1 
f 6435/7208/1 6436/7209/1 6434/7207/1 6433/7206/1 
f 6159/6908/1 6435/7208/1 6433/7206/1 6157/6906/1 
f 6437/7210/1 6438/7211/1 6436/7209/1 6435/7208/1 
f 6439/7212/1 6437/7210/1 6435/7208/1 6159/6908/1 
f 6440/7213/1 6437/7210/1 6439/7212/1 6441/7214/1 
f 6163/6912/1 6442/7215/1 6441/7214/1 6439/7212/1 
f 6160/6909/1 6163/6912/1 6439/7212/1 6159/6908/1 
f 6443/7216/1 6441/7214/1 6442/7215/1 6444/7217/1 
f 6445/7218/1 6446/7219/1 6444/7217/1 6442/7215/1 
f 6162/6911/1 6445/7218/1 6442/7215/1 6163/6912/1 
f 6167/7220/1 6447/7221/1 6446/7219/1 6445/7218/1 
f 6164/6913/1 6167/7220/1 6445/7218/1 6162/6911/1 
f 6448/7222/1 6446/7219/1 6447/7221/1 6449/7223/1 
f 6170/6921/1 6450/7224/1 6449/7225/1 6447/7226/1 
f 6168/6919/1 6170/6921/1 6447/7226/1 6167/6918/1 
f 6451/7227/1 6449/7225/1 6450/7224/1 6452/7228/1 
f 4735/5318/1 6452/7228/1 6450/7224/1 6173/6924/1 
f 6171/6922/1 6173/6924/1 6450/7224/1 6170/6921/1 
f 6453/7229/1 6451/7227/1 6452/7228/1 6454/7230/1 
f 4734/5317/1 6454/7230/1 6452/7228/1 4735/5318/1 
f 6455/7231/1 6453/7229/1 6454/7230/1 6456/7232/1 
f 4733/5316/1 6456/7232/1 6454/7230/1 4734/5317/1 
f 6184/6935/1 6183/6934/1 6455/7233/1 6456/7234/1 
f 6180/6931/1 6184/6939/1 6456/7232/1 4733/5316/1 
f 6457/7235/1 6453/7236/1 6455/7233/1 6458/7237/1 
f 6183/6934/1 6186/6940/1 6458/7237/1 6455/7233/1 
f 6459/7238/1 6457/7235/1 6458/7237/1 6460/7239/1 
f 6186/6940/1 6188/6942/1 6460/7239/1 6458/7237/1 
f 6461/7240/1 6459/7238/1 6460/7239/1 6462/7241/1 
f 6188/6942/1 6463/7242/1 6462/7241/1 6460/7239/1 
f 6464/7243/1 6462/7241/1 6463/7242/1 6465/7244/1 
f 6191/6945/1 6466/7245/1 6465/7244/1 6463/7242/1 
f 6189/6943/1 6191/6945/1 6463/7242/1 6188/6942/1 
f 6467/7246/1 6465/7244/1 6466/7245/1 6468/7247/1 
f 6469/7248/1 6470/7249/1 6468/7247/1 6466/7245/1 
f 6192/6946/1 6469/7248/1 6466/7245/1 6191/6945/1 
f 6471/7250/1 6472/7251/1 6470/7249/1 6469/7248/1 
f 6194/6948/1 6471/7250/1 6469/7248/1 6192/6946/1 
f 6473/7252/1 6474/7253/1 6472/7251/1 6471/7250/1 
f 6196/6950/1 6473/7252/1 6471/7250/1 6194/6948/1 
f 6200/6954/1 6475/7254/1 6474/7253/1 6473/7252/1 
f 6198/6952/1 6200/6954/1 6473/7252/1 6196/6950/1 
f 6476/7255/1 6474/7253/1 6475/7254/1 6477/7256/1 
f 6478/7257/1 6479/7258/1 6477/7256/1 6475/7254/1 
f 6201/6955/1 6478/7257/1 6475/7254/1 6200/6954/1 
f 6480/7259/1 6481/7260/1 6479/7258/1 6478/7257/1 
f 6203/6957/1 6480/7259/1 6478/7257/1 6201/6955/1 
f 6482/7261/1 6483/7262/1 6481/7260/1 6480/7259/1 
f 6205/6959/1 6482/7261/1 6480/7259/1 6203/6957/1 
f 6210/6964/1 6212/6966/1 6483/7262/1 6482/7261/1 
f 6207/6961/1 6210/6964/1 6482/7261/1 6205/6959/1 
f 6484/7263/1 6481/7260/1 6483/7262/1 6485/7264/1 
f 6212/6966/1 6486/7265/1 6485/7264/1 6483/7262/1 
f 6487/7266/1 6485/7264/1 6486/7265/1 6488/7267/1 
f 6215/6969/1 6489/7268/1 6488/7267/1 6486/7265/1 
f 6213/6967/1 6215/6969/1 6486/7265/1 6212/6966/1 
f 6490/7269/1 6488/7267/1 6489/7268/1 6491/7270/1 
f 6492/7271/1 6493/7272/1 6491/7270/1 6489/7268/1 
f 6216/6970/1 6492/7271/1 6489/7268/1 6215/6969/1 
f 6494/7273/1 6495/7274/1 6493/7272/1 6492/7271/1 
f 6218/6972/1 6494/7273/1 6492/7271/1 6216/6970/1 
f 6496/7275/1 6497/7276/1 6495/7274/1 6494/7273/1 
f 6220/6974/1 6496/7275/1 6494/7273/1 6218/6972/1 
f 6498/7277/1 6499/7278/1 6497/7276/1 6496/7275/1 
f 6222/6976/1 6498/7277/1 6496/7275/1 6220/6974/1 
f 6500/7279/1 6501/7280/1 6499/7278/1 6498/7277/1 
f 6502/7281/1 6500/7279/1 6498/7277/1 6222/6976/1 
f 6503/7282/1 6504/7283/1 6500/7279/1 6502/7281/1 
f 6505/7284/1 6503/7282/1 6502/7281/1 6225/6979/1 
f 6222/6976/1 6221/6975/1 6225/6979/1 6502/7281/1 
f 6506/7285/1 6507/7286/1 6503/7282/1 6505/7284/1 
f 6508/7287/1 6506/7285/1 6505/7284/1 6509/7288/1 
f 6225/6979/1 6224/6978/1 6509/7288/1 6505/7284/1 
f 6510/7289/1 6508/7287/1 6509/7288/1 6511/7290/1 
f 6224/6978/1 6226/6980/1 6511/7290/1 6509/7288/1 
f 6512/7291/1 6510/7292/1 6511/7293/1 6513/7294/1 
f 6226/6980/1 6228/6982/1 6513/7295/1 6511/7290/1 
f 6238/6997/1 6512/7291/1 6513/7294/1 6236/6998/1 
f 6228/6985/1 6230/6984/1 6236/6995/1 6513/7296/1 
f 6514/7297/1 6510/7292/1 6512/7291/1 6515/7298/1 
f 6238/6997/1 6239/7001/1 6515/7298/1 6512/7291/1 
f 6516/7299/1 6517/7300/1 6514/7297/1 6515/7298/1 
f 6239/7001/1 6518/7301/1 6516/7299/1 6515/7298/1 
f 6519/7302/1 6520/7303/1 6516/7299/1 6518/7301/1 
f 6242/7005/1 6521/7304/1 6519/7302/1 6518/7301/1 
f 6240/7002/1 6242/7005/1 6518/7301/1 6239/7001/1 
f 6522/7305/1 6523/7306/1 6519/7302/1 6521/7304/1 
f 6245/7010/1 6252/7017/1 6522/7305/1 6521/7304/1 
f 6243/7006/1 6245/7010/1 6521/7304/1 6242/7005/1 
f 6524/7307/1 6525/7308/1 6523/7306/1 6522/7305/1 
f 6253/7018/1 6524/7307/1 6522/7305/1 6252/7017/1 
f 6526/7309/1 6527/7310/1 6525/7308/1 6524/7307/1 
f 6255/7020/1 6526/7309/1 6524/7307/1 6253/7018/1 
f 6259/7024/1 6528/7311/1 6527/7310/1 6526/7309/1 
f 6257/7022/1 6259/7024/1 6526/7309/1 6255/7020/1 
f 6529/7312/1 6527/7310/1 6528/7311/1 6530/7313/1 
f 6262/7027/1 6531/7314/1 6530/7313/1 6528/7311/1 
f 6260/7025/1 6262/7027/1 6528/7311/1 6259/7024/1 
f 6532/7315/1 6530/7313/1 6531/7314/1 6533/7316/1 
f 6534/7317/1 6535/7318/1 6533/7316/1 6531/7314/1 
f 6263/7028/1 6534/7317/1 6531/7314/1 6262/7027/1 
f 6267/7032/1 6536/7319/1 6535/7318/1 6534/7317/1 
f 6265/7030/1 6267/7032/1 6534/7317/1 6263/7028/1 
f 6537/7320/1 6535/7318/1 6536/7319/1 6538/7321/1 
f 6270/7035/1 6539/7322/1 6538/7321/1 6536/7319/1 
f 6268/7033/1 6270/7035/1 6536/7319/1 6267/7032/1 
f 6540/7323/1 6538/7321/1 6539/7322/1 6541/7324/1 
f 6273/7038/1 6542/7325/1 6541/7324/1 6539/7322/1 
f 6271/7036/1 6273/7038/1 6539/7322/1 6270/7035/1 
f 6543/7326/1 6541/7324/1 6542/7325/1 6544/7327/1 
f 6545/7328/1 6546/7329/1 6544/7327/1 6542/7325/1 
f 6274/7039/1 6545/7328/1 6542/7325/1 6273/7038/1 
f 6278/7043/1 6547/7330/1 6546/7329/1 6545/7328/1 
f 6276/7041/1 6278/7043/1 6545/7328/1 6274/7039/1 
f 6548/7331/1 6546/7329/1 6547/7330/1 6549/7332/1 
f 6550/7333/1 6551/7334/1 6549/7332/1 6547/7330/1 
f 6279/7044/1 6550/7333/1 6547/7330/1 6278/7043/1 
f 6552/7335/1 6553/7336/1 6551/7334/1 6550/7333/1 
f 6281/7046/1 6552/7335/1 6550/7333/1 6279/7044/1 
f 6554/7337/1 6553/7336/1 6552/7335/1 6555/7338/1 
f 6283/7048/1 6555/7338/1 6552/7335/1 6281/7046/1 
f 6556/7339/1 6554/7337/1 6555/7338/1 6557/7340/1 
f 6285/7050/1 6557/7340/1 6555/7338/1 6283/7048/1 
f 6558/7341/1 6556/7339/1 6557/7340/1 6289/7054/1 
f 6287/7052/1 6289/7054/1 6557/7340/1 6285/7050/1 
f 6559/7342/1 6560/7343/1 6556/7339/1 6558/7341/1 
f 6561/7344/1 6559/7342/1 6558/7341/1 6562/7345/1 
f 6290/7055/1 6562/7345/1 6558/7341/1 6289/7054/1 
f 6563/7346/1 6561/7344/1 6562/7345/1 6564/7347/1 
f 6292/7057/1 6564/7347/1 6562/7345/1 6290/7055/1 
f 6565/7348/1 6563/7346/1 6564/7347/1 6566/7349/1 
f 6294/7059/1 6566/7349/1 6564/7347/1 6292/7057/1 
f 6567/7350/1 6565/7348/1 6566/7349/1 6568/7351/1 
f 6296/7061/1 6568/7351/1 6566/7349/1 6294/7059/1 
f 6569/7352/1 6570/7353/1 6567/7350/1 6568/7351/1 
f 6297/7062/1 6569/7352/1 6568/7351/1 6296/7061/1 
f 6571/7354/1 6572/7355/1 6570/7353/1 6569/7352/1 
f 6299/7064/1 6571/7354/1 6569/7352/1 6297/7062/1 
f 6573/7356/1 6572/7355/1 6571/7354/1 6574/7357/1 
f 6301/7066/1 6574/7357/1 6571/7354/1 6299/7064/1 
f 6575/7358/1 6573/7356/1 6574/7357/1 6576/7359/1 
f 6303/7068/1 6576/7359/1 6574/7357/1 6301/7066/1 
f 6577/7360/1 6575/7358/1 6576/7359/1 6308/7073/1 
f 6305/7070/1 6308/7073/1 6576/7359/1 6303/7068/1 
f 6578/7361/1 6575/7358/1 6577/7360/1 6579/7362/1 
f 6580/7363/1 6579/7362/1 6577/7360/1 6311/7076/1 
f 6309/7074/1 6311/7076/1 6577/7360/1 6308/7073/1 
f 6581/7364/1 6579/7362/1 6580/7363/1 6582/7365/1 
f 6314/7079/1 6583/7366/1 6582/7365/1 6580/7363/1 
f 6312/7077/1 6314/7079/1 6580/7363/1 6311/7076/1 
f 6584/7367/1 6582/7365/1 6583/7366/1 6585/7368/1 
f 6317/7082/1 6586/7369/1 6585/7368/1 6583/7366/1 
f 6315/7080/1 6317/7082/1 6583/7366/1 6314/7079/1 
f 6587/7370/1 6585/7368/1 6586/7369/1 6588/7371/1 
f 6320/7085/1 6589/7372/1 6588/7371/1 6586/7369/1 
f 6318/7083/1 6320/7085/1 6586/7369/1 6317/7082/1 
f 6590/7373/1 6588/7371/1 6589/7372/1 6591/7374/1 
f 6323/7088/1 6592/7375/1 6591/7374/1 6589/7372/1 
f 6321/7086/1 6323/7088/1 6589/7372/1 6320/7085/1 
f 6593/7376/1 6591/7374/1 6592/7375/1 6594/7377/1 
f 6326/7091/1 6595/7378/1 6594/7377/1 6592/7375/1 
f 6324/7089/1 6326/7091/1 6592/7375/1 6323/7088/1 
f 6596/7379/1 6594/7377/1 6595/7378/1 6597/7380/1 
f 6598/7381/1 6597/7380/1 6595/7378/1 6330/7095/1 
f 6327/7092/1 6330/7095/1 6595/7378/1 6326/7091/1 
f 6599/7382/1 6597/7380/1 6598/7381/1 6600/7383/1 
f 6601/7384/1 6600/7383/1 6598/7381/1 6602/7385/1 
f 6330/7095/1 6329/7094/1 6602/7385/1 6598/7381/1 
f 6603/7386/1 6601/7384/1 6602/7385/1 6604/7387/1 
f 6329/7094/1 6331/7096/1 6604/7387/1 6602/7385/1 
f 6605/7388/1 6603/7386/1 6604/7387/1 6606/7389/1 
f 6333/7098/1 6606/7389/1 6604/7387/1 6331/7096/1 
f 6607/7390/1 6605/7388/1 6606/7389/1 6608/7391/1 
f 6335/7100/1 6608/7391/1 6606/7389/1 6333/7098/1 
f 6609/7392/1 6607/7390/1 6608/7391/1 6610/7393/1 
f 6337/7102/1 6610/7393/1 6608/7391/1 6335/7100/1 
f 6611/7394/1 6609/7392/1 6610/7393/1 6612/7395/1 
f 6339/7104/1 6612/7395/1 6610/7393/1 6337/7102/1 
f 6613/7396/1 6611/7394/1 6612/7395/1 6614/7397/1 
f 6339/7104/1 6341/7106/1 6614/7397/1 6612/7395/1 
f 6615/7398/1 6613/7396/1 6614/7397/1 6616/7399/1 
f 6341/7106/1 6343/7108/1 6616/7399/1 6614/7397/1 
f 6617/7400/1 6615/7398/1 6616/7399/1 6348/7113/1 
f 6345/7110/1 6348/7113/1 6616/7399/1 6343/7108/1 
f 6618/7401/1 6619/7402/1 6615/7398/1 6617/7400/1 
f 6620/7403/1 6618/7401/1 6617/7400/1 6351/7116/1 
f 6349/7114/1 6351/7116/1 6617/7400/1 6348/7113/1 
f 6621/7404/1 6622/7405/1 6618/7406/1 6620/7407/1 
f 6623/7408/1 6621/7404/1 6620/7407/1 6354/7409/1 
f 6352/7117/1 6354/7119/1 6620/7403/1 6351/7116/1 
f 6624/7410/1 6621/7404/1 6623/7408/1 6625/7411/1 
f 6626/7412/1 6625/7411/1 6623/7408/1 6627/7413/1 
f 6355/7414/1 6627/7413/1 6623/7408/1 6354/7409/1 
f 6628/7415/1 6626/7412/1 6627/7413/1 6629/7416/1 
f 6355/7120/1 6356/7121/1 6629/7417/1 6627/7418/1 
f 6630/7419/1 6628/7415/1 6629/7416/1 6631/7420/1 
f 6358/7123/1 6631/7421/1 6629/7417/1 6356/7121/1 
f 6632/7422/1 6630/7419/1 6631/7420/1 6633/7423/1 
f 6361/7126/1 6633/7424/1 6631/7421/1 6358/7123/1 
f 6634/7425/1 6632/7422/1 6633/7423/1 6635/7426/1 
f 6363/7128/1 6635/7427/1 6633/7424/1 6361/7126/1 
f 6636/7428/1 6634/7425/1 6635/7426/1 6637/7429/1 
f 6365/7130/1 6637/7430/1 6635/7427/1 6363/7128/1 
f 6638/7431/1 6636/7428/1 6637/7429/1 6639/7432/1 
f 6366/7131/1 6639/7433/1 6637/7430/1 6365/7130/1 
f 6640/7434/1 6638/7431/1 6639/7432/1 6641/7435/1 
f 6366/7131/1 6368/7133/1 6641/7436/1 6639/7433/1 
f 6642/7437/1 6640/7434/1 6641/7435/1 6643/7438/1 
f 6368/7439/1 6370/7138/1 6643/7438/1 6641/7435/1 
f 6644/7440/1 6642/7437/1 6643/7438/1 6645/7441/1 
f 6370/7138/1 6372/7137/1 6645/7441/1 6643/7438/1 
f 6646/7442/1 6644/7440/1 6645/7441/1 6647/7443/1 
f 6372/7137/1 6374/7142/1 6647/7443/1 6645/7441/1 
f 6648/7444/1 6646/7442/1 6647/7443/1 6649/7445/1 
f 6374/7142/1 6376/7144/1 6649/7445/1 6647/7443/1 
f 6650/7446/1 6648/7444/1 6649/7445/1 6651/7447/1 
f 6376/7144/1 6378/7146/1 6651/7447/1 6649/7445/1 
f 6652/7448/1 6650/7446/1 6651/7447/1 6653/7449/1 
f 6378/7146/1 6380/7148/1 6653/7449/1 6651/7447/1 
f 6654/7450/1 6652/7448/1 6653/7449/1 6655/7451/1 
f 6380/7148/1 6382/7150/1 6655/7451/1 6653/7449/1 
f 6656/7452/1 6654/7450/1 6655/7451/1 6657/7453/1 
f 6382/7150/1 6384/7152/1 6657/7453/1 6655/7451/1 
f 6658/7454/1 6656/7452/1 6657/7453/1 6659/7455/1 
f 6384/7152/1 6660/7456/1 6659/7455/1 6657/7453/1 
f 6661/7457/1 6659/7455/1 6660/7456/1 6662/7458/1 
f 6387/7155/1 6663/7459/1 6662/7458/1 6660/7456/1 
f 6385/7153/1 6387/7155/1 6660/7456/1 6384/7152/1 
f 6664/7460/1 6662/7458/1 6663/7459/1 6665/7461/1 
f 6390/7158/1 6666/7462/1 6665/7461/1 6663/7459/1 
f 6388/7156/1 6390/7158/1 6663/7459/1 6387/7155/1 
f 6667/7463/1 6665/7461/1 6666/7462/1 6668/7464/1 
f 6394/7163/1 6669/7465/1 6668/7464/1 6666/7462/1 
f 6391/7159/1 6394/7163/1 6666/7462/1 6390/7158/1 
f 6670/7466/1 6668/7464/1 6669/7465/1 6671/7467/1 
f 6672/7468/1 6671/7467/1 6669/7465/1 6397/7168/1 
f 6394/7163/1 6393/7162/1 6397/7168/1 6669/7465/1 
f 6673/7469/1 6674/7470/1 6671/7467/1 6672/7468/1 
f 6675/7471/1 6673/7472/1 6672/7473/1 6400/7173/1 
f 6397/7168/1 6396/7167/1 6400/7474/1 6672/7468/1 
f 6676/7475/1 6677/7476/1 6673/7469/1 6675/7477/1 
f 6678/7478/1 6676/7479/1 6675/7471/1 6403/7176/1 
f 6400/7173/1 6399/7172/1 6403/7176/1 6675/7471/1 
f 6679/7480/1 6680/7481/1 6676/7479/1 6678/7478/1 
f 6681/7482/1 6679/7480/1 6678/7478/1 6406/7179/1 
f 6403/7176/1 6402/7175/1 6406/7179/1 6678/7478/1 
f 6682/7483/1 6683/7484/1 6679/7480/1 6681/7482/1 
f 6684/7485/1 6682/7483/1 6681/7482/1 6408/7181/1 
f 6406/7179/1 6405/7178/1 6408/7181/1 6681/7482/1 
f 6685/7486/1 6682/7483/1 6684/7485/1 6686/7487/1 
f 6687/7488/1 6688/7489/1 6686/7487/1 6684/7485/1 
f 6409/7182/1 6687/7488/1 6684/7485/1 6408/7181/1 
f 6689/7490/1 6690/7491/1 6688/7489/1 6687/7488/1 
f 6411/7184/1 6689/7490/1 6687/7488/1 6409/7182/1 
f 6691/7492/1 6692/7493/1 6690/7491/1 6689/7490/1 
f 6413/7186/1 6691/7492/1 6689/7490/1 6411/7184/1 
f 6693/7494/1 6692/7493/1 6691/7492/1 6694/7495/1 
f 6415/7188/1 6694/7495/1 6691/7492/1 6413/7186/1 
f 6428/7201/1 6693/7494/1 6694/7495/1 6427/7200/1 
f 6415/7188/1 6416/7189/1 6427/7200/1 6694/7495/1 
f 6695/7496/1 6692/7493/1 6693/7494/1 6696/7497/1 
f 6430/7203/1 6696/7497/1 6693/7494/1 6428/7201/1 
f 6697/7498/1 6695/7496/1 6696/7497/1 6698/7499/1 
f 6432/7205/1 6698/7499/1 6696/7497/1 6430/7203/1 
f 6699/7500/1 6697/7498/1 6698/7499/1 6700/7501/1 
f 6434/7207/1 6700/7501/1 6698/7499/1 6432/7205/1 
f 6701/7502/1 6702/7503/1 6699/7500/1 6700/7501/1 
f 6436/7209/1 6701/7502/1 6700/7501/1 6434/7207/1 
f 6703/7504/1 6704/7505/1 6702/7503/1 6701/7502/1 
f 6438/7211/1 6703/7504/1 6701/7502/1 6436/7209/1 
f 6705/7506/1 6706/7507/1 6704/7505/1 6703/7504/1 
f 6707/7508/1 6705/7506/1 6703/7504/1 6438/7211/1 
f 6708/7509/1 6709/7510/1 6705/7506/1 6707/7508/1 
f 6710/7511/1 6708/7509/1 6707/7508/1 6440/7213/1 
f 6438/7211/1 6437/7210/1 6440/7213/1 6707/7508/1 
f 6711/7512/1 6712/7513/1 6708/7509/1 6710/7511/1 
f 6713/7514/1 6711/7512/1 6710/7511/1 6443/7216/1 
f 6441/7214/1 6443/7216/1 6710/7511/1 6440/7213/1 
f 6714/7515/1 6715/7516/1 6711/7512/1 6713/7514/1 
f 6716/7517/1 6717/7518/1 6714/7515/1 6713/7514/1 
f 6444/7217/1 6716/7517/1 6713/7514/1 6443/7216/1 
f 6448/7222/1 6718/7519/1 6717/7518/1 6716/7517/1 
f 6446/7219/1 6448/7222/1 6716/7517/1 6444/7217/1 
f 6459/7238/1 6717/7518/1 6718/7519/1 6457/7235/1 
f 6451/7520/1 6453/7236/1 6457/7235/1 6718/7519/1 
f 6449/7223/1 6451/7520/1 6718/7519/1 6448/7222/1 
f 6461/7240/1 6714/7515/1 6717/7518/1 6459/7238/1 
f 6461/7240/1 6719/7521/1 6715/7516/1 6714/7515/1 
f 6720/7522/1 6715/7516/1 6719/7521/1 6721/7523/1 
f 6464/7243/1 6722/7524/1 6721/7523/1 6719/7521/1 
f 6462/7241/1 6464/7243/1 6719/7521/1 6461/7240/1 
f 6723/7525/1 6721/7523/1 6722/7524/1 6724/7526/1 
f 6467/7246/1 6725/7527/1 6724/7526/1 6722/7524/1 
f 6465/7244/1 6467/7246/1 6722/7524/1 6464/7243/1 
f 6726/7528/1 6724/7526/1 6725/7527/1 6727/7529/1 
f 6728/7530/1 6729/7531/1 6727/7529/1 6725/7527/1 
f 6468/7247/1 6728/7530/1 6725/7527/1 6467/7246/1 
f 6730/7532/1 6731/7533/1 6729/7531/1 6728/7530/1 
f 6470/7249/1 6730/7532/1 6728/7530/1 6468/7247/1 
f 6732/7534/1 6733/7535/1 6731/7533/1 6730/7532/1 
f 6472/7251/1 6732/7534/1 6730/7532/1 6470/7249/1 
f 6476/7255/1 6734/7536/1 6733/7535/1 6732/7534/1 
f 6474/7253/1 6476/7255/1 6732/7534/1 6472/7251/1 
f 6735/7537/1 6733/7535/1 6734/7536/1 6736/7538/1 
f 6737/7539/1 6738/7540/1 6736/7538/1 6734/7536/1 
f 6477/7256/1 6737/7539/1 6734/7536/1 6476/7255/1 
f 6739/7541/1 6740/7542/1 6738/7540/1 6737/7539/1 
f 6479/7258/1 6739/7541/1 6737/7539/1 6477/7256/1 
f 6484/7263/1 6741/7543/1 6740/7542/1 6739/7541/1 
f 6481/7260/1 6484/7263/1 6739/7541/1 6479/7258/1 
f 6742/7544/1 6740/7542/1 6741/7543/1 6743/7545/1 
f 6487/7266/1 6744/7546/1 6743/7545/1 6741/7543/1 
f 6485/7264/1 6487/7266/1 6741/7543/1 6484/7263/1 
f 6745/7547/1 6743/7545/1 6744/7546/1 6746/7548/1 
f 6490/7269/1 6747/7549/1 6746/7548/1 6744/7546/1 
f 6488/7267/1 6490/7269/1 6744/7546/1 6487/7266/1 
f 6748/7550/1 6746/7548/1 6747/7549/1 6749/7551/1 
f 6750/7552/1 6749/7551/1 6747/7549/1 6751/7553/1 
f 6491/7270/1 6751/7553/1 6747/7549/1 6490/7269/1 
f 6752/7554/1 6750/7552/1 6751/7553/1 6753/7555/1 
f 6493/7272/1 6753/7555/1 6751/7553/1 6491/7270/1 
f 6754/7556/1 6752/7554/1 6753/7555/1 6755/7557/1 
f 6495/7274/1 6755/7557/1 6753/7555/1 6493/7272/1 
f 6756/7558/1 6754/7556/1 6755/7557/1 6757/7559/1 
f 6497/7276/1 6757/7559/1 6755/7557/1 6495/7274/1 
f 6758/7560/1 6759/7561/1 6756/7558/1 6757/7559/1 
f 6499/7278/1 6758/7560/1 6757/7559/1 6497/7276/1 
f 6760/7562/1 6761/7563/1 6759/7561/1 6758/7560/1 
f 6501/7280/1 6760/7562/1 6758/7560/1 6499/7278/1 
f 6762/7564/1 6763/7565/1 6761/7563/1 6760/7562/1 
f 6764/7566/1 6762/7564/1 6760/7562/1 6501/7280/1 
f 6765/7567/1 6766/7568/1 6762/7564/1 6764/7566/1 
f 6767/7569/1 6765/7567/1 6764/7566/1 6504/7283/1 
f 6501/7280/1 6500/7279/1 6504/7283/1 6764/7566/1 
f 6768/7570/1 6769/7571/1 6765/7567/1 6767/7569/1 
f 6770/7572/1 6768/7570/1 6767/7569/1 6507/7286/1 
f 6504/7283/1 6503/7282/1 6507/7286/1 6767/7569/1 
f 6771/7573/1 6772/7574/1 6768/7570/1 6770/7572/1 
f 6773/7575/1 6771/7573/1 6770/7572/1 6774/7576/1 
f 6507/7286/1 6506/7285/1 6774/7576/1 6770/7572/1 
f 6775/7577/1 6773/7575/1 6774/7576/1 6776/7578/1 
f 6506/7285/1 6508/7287/1 6776/7578/1 6774/7576/1 
f 6517/7579/1 6775/7577/1 6776/7578/1 6514/7580/1 
f 6508/7287/1 6510/7289/1 6514/7580/1 6776/7578/1 
f 6777/7581/1 6773/7575/1 6775/7577/1 6778/7582/1 
f 6779/7583/1 6778/7584/1 6775/7585/1 6517/7300/1 
f 6780/7586/1 6781/7587/1 6778/7584/1 6779/7583/1 
f 6782/7588/1 6780/7586/1 6779/7583/1 6520/7303/1 
f 6517/7300/1 6516/7299/1 6520/7303/1 6779/7583/1 
f 6783/7589/1 6784/7590/1 6780/7586/1 6782/7588/1 
f 6525/7308/1 6783/7589/1 6782/7588/1 6523/7306/1 
f 6520/7303/1 6519/7302/1 6523/7306/1 6782/7588/1 
f 6529/7312/1 6785/7591/1 6784/7590/1 6783/7589/1 
f 6527/7310/1 6529/7312/1 6783/7589/1 6525/7308/1 
f 6786/7592/1 6784/7590/1 6785/7591/1 6787/7593/1 
f 6532/7315/1 6788/7594/1 6787/7593/1 6785/7591/1 
f 6530/7313/1 6532/7315/1 6785/7591/1 6529/7312/1 
f 6789/7595/1 6787/7593/1 6788/7594/1 6790/7596/1 
f 6791/7597/1 6792/7598/1 6790/7596/1 6788/7594/1 
f 6533/7316/1 6791/7597/1 6788/7594/1 6532/7315/1 
f 6537/7320/1 6793/7599/1 6792/7598/1 6791/7597/1 
f 6535/7318/1 6537/7320/1 6791/7597/1 6533/7316/1 
f 6794/7600/1 6792/7598/1 6793/7599/1 6795/7601/1 
f 6540/7323/1 6796/7602/1 6795/7601/1 6793/7599/1 
f 6538/7321/1 6540/7323/1 6793/7599/1 6537/7320/1 
f 6797/7603/1 6795/7601/1 6796/7602/1 6798/7604/1 
f 6543/7326/1 6799/7605/1 6798/7604/1 6796/7602/1 
f 6541/7324/1 6543/7326/1 6796/7602/1 6540/7323/1 
f 6800/7606/1 6798/7604/1 6799/7605/1 6801/7607/1 
f 6802/7608/1 6803/7609/1 6801/7607/1 6799/7605/1 
f 6544/7327/1 6802/7608/1 6799/7605/1 6543/7326/1 
f 6548/7331/1 6804/7610/1 6803/7609/1 6802/7608/1 
f 6546/7329/1 6548/7331/1 6802/7608/1 6544/7327/1 
f 6805/7611/1 6803/7609/1 6804/7610/1 6806/7612/1 
f 6807/7613/1 6808/7614/1 6806/7612/1 6804/7610/1 
f 6549/7332/1 6807/7613/1 6804/7610/1 6548/7331/1 
f 6809/7615/1 4425/4934/1 6808/7614/1 6807/7613/1 
f 6551/7334/1 6809/7615/1 6807/7613/1 6549/7332/1 
f 6810/7616/1 4422/4931/1 4425/4934/1 6809/7615/1 
f 6553/7336/1 6810/7616/1 6809/7615/1 6551/7334/1 
f 4423/4932/1 4422/4931/1 6810/7616/1 6811/7617/1 
f 6553/7336/1 6554/7337/1 6811/7617/1 6810/7616/1 
f 6812/7618/1 4423/4932/1 6811/7617/1 6560/7343/1 
f 6554/7337/1 6556/7339/1 6560/7343/1 6811/7617/1 
f 6813/7619/1 4420/4929/1 4423/4932/1 6812/7618/1 
f 6814/7620/1 6813/7619/1 6812/7618/1 6815/7621/1 
f 6560/7343/1 6559/7342/1 6815/7621/1 6812/7618/1 
f 6816/7622/1 6814/7620/1 6815/7621/1 6817/7623/1 
f 6559/7342/1 6561/7344/1 6817/7623/1 6815/7621/1 
f 6818/7624/1 6816/7622/1 6817/7623/1 6819/7625/1 
f 6561/7344/1 6563/7346/1 6819/7625/1 6817/7623/1 
f 6820/7626/1 6818/7624/1 6819/7625/1 6821/7627/1 
f 6563/7346/1 6565/7348/1 6821/7627/1 6819/7625/1 
f 6822/7628/1 6820/7626/1 6821/7627/1 6823/7629/1 
f 6565/7348/1 6567/7350/1 6823/7629/1 6821/7627/1 
f 6824/7630/1 6822/7628/1 6823/7629/1 6825/7631/1 
f 6567/7350/1 6570/7353/1 6825/7631/1 6823/7629/1 
f 6826/7632/1 6824/7630/1 6825/7631/1 6827/7633/1 
f 6572/7355/1 6827/7633/1 6825/7631/1 6570/7353/1 
f 6828/7634/1 6826/7632/1 6827/7633/1 6829/7635/1 
f 6572/7355/1 6573/7356/1 6829/7635/1 6827/7633/1 
f 6830/7636/1 6828/7634/1 6829/7635/1 6578/7361/1 
f 6573/7356/1 6575/7358/1 6578/7361/1 6829/7635/1 
f 6831/7637/1 6832/7638/1 6828/7634/1 6830/7636/1 
f 6833/7639/1 6831/7637/1 6830/7636/1 6581/7364/1 
f 6579/7362/1 6581/7364/1 6830/7636/1 6578/7361/1 
f 6834/7640/1 6831/7637/1 6833/7639/1 6835/7641/1 
f 6584/7367/1 6836/7642/1 6835/7641/1 6833/7639/1 
f 6582/7365/1 6584/7367/1 6833/7639/1 6581/7364/1 
f 6837/7643/1 6835/7641/1 6836/7642/1 6838/7644/1 
f 6587/7370/1 6839/7645/1 6838/7644/1 6836/7642/1 
f 6585/7368/1 6587/7370/1 6836/7642/1 6584/7367/1 
f 6840/7646/1 6838/7644/1 6839/7645/1 6841/7647/1 
f 6590/7373/1 6842/7648/1 6841/7647/1 6839/7645/1 
f 6588/7371/1 6590/7373/1 6839/7645/1 6587/7370/1 
f 6843/7649/1 6841/7647/1 6842/7648/1 6844/7650/1 
f 6593/7376/1 6845/7651/1 6844/7650/1 6842/7648/1 
f 6591/7374/1 6593/7376/1 6842/7648/1 6590/7373/1 
f 6846/7652/1 6844/7650/1 6845/7651/1 6847/7653/1 
f 6596/7379/1 6848/7654/1 6847/7653/1 6845/7651/1 
f 6594/7377/1 6596/7379/1 6845/7651/1 6593/7376/1 
f 6849/7655/1 6847/7653/1 6848/7654/1 6850/7656/1 
f 6599/7382/1 4623/5192/1 6850/7656/1 6848/7654/1 
f 6597/7380/1 6599/7382/1 6848/7654/1 6596/7379/1 
f 6851/7657/1 6849/7655/1 6850/7656/1 6852/7658/1 
f 4623/5192/1 4622/5190/1 6852/7658/1 6850/7656/1 
f 6853/7659/1 6851/7657/1 6852/7658/1 4591/7660/1 
f 4622/5190/1 4589/5189/1 4591/7660/1 6852/7658/1 
f 4574/5132/1 6854/7661/1 6851/7657/1 6853/7659/1 
f 6854/7661/1 6855/7662/1 6849/7655/1 6851/7657/1 
f 6856/7663/1 6857/7664/1 6855/7662/1 6854/7661/1 
f 6847/7653/1 6849/7655/1 6855/7662/1 6846/7652/1 
f 6857/7664/1 6858/7665/1 6846/7652/1 6855/7662/1 
f 6859/7666/1 6860/7667/1 6858/7665/1 6857/7664/1 
f 6844/7650/1 6846/7652/1 6858/7665/1 6843/7649/1 
f 6860/7667/1 6861/7668/1 6843/7649/1 6858/7665/1 
f 6862/7669/1 6863/7670/1 6861/7668/1 6860/7667/1 
f 6841/7647/1 6843/7649/1 6861/7668/1 6840/7646/1 
f 6863/7670/1 6864/7671/1 6840/7646/1 6861/7668/1 
f 6865/7672/1 6866/7673/1 6864/7671/1 6863/7670/1 
f 6838/7644/1 6840/7646/1 6864/7671/1 6837/7643/1 
f 6866/7673/1 6867/7674/1 6837/7643/1 6864/7671/1 
f 6868/7675/1 6869/7676/1 6867/7674/1 6866/7673/1 
f 6835/7641/1 6837/7643/1 6867/7674/1 6834/7640/1 
f 6870/7677/1 6834/7640/1 6867/7674/1 6869/7676/1 
f 4534/5078/1 4535/5079/1 6870/7677/1 6869/7676/1 
f 6832/7638/1 6831/7637/1 6834/7640/1 6870/7677/1 
f 4536/5080/1 6832/7638/1 6870/7677/1 4535/5079/1 
f 6871/7678/1 6872/7679/1 6868/7675/1 6873/7680/1 
f 6866/7673/1 6865/7672/1 6873/7680/1 6868/7675/1 
f 6872/7679/1 4534/5078/1 6869/7676/1 6868/7675/1 
f 6874/7681/1 6871/7678/1 6873/7680/1 6875/7682/1 
f 6865/7672/1 6876/7683/1 6875/7682/1 6873/7680/1 
f 6877/7684/1 6878/7685/1 6875/7682/1 6876/7683/1 
f 6862/7669/1 6879/7686/1 6877/7684/1 6876/7683/1 
f 6863/7670/1 6862/7669/1 6876/7683/1 6865/7672/1 
f 6880/7687/1 6881/7688/1 6877/7684/1 6879/7686/1 
f 6859/7666/1 6882/7689/1 6880/7687/1 6879/7686/1 
f 6860/7667/1 6859/7666/1 6879/7686/1 6862/7669/1 
f 6883/7690/1 6880/7687/1 6882/7689/1 6884/7691/1 
f 6856/7663/1 4573/5131/1 6884/7691/1 6882/7689/1 
f 6857/7664/1 6856/7663/1 6882/7689/1 6859/7666/1 
f 6885/7692/1 6886/7693/1 6883/7690/1 6884/7691/1 
f 4575/5133/1 6885/7692/1 6884/7691/1 4573/5131/1 
f 6887/7694/1 6888/7695/1 6886/7693/1 6885/7692/1 
f 4553/5101/1 6887/7694/1 6885/7692/1 4575/5133/1 
f 6889/7696/1 6888/7695/1 6887/7694/1 6890/7697/1 
f 4524/5065/1 6890/7697/1 6887/7694/1 4553/5101/1 
f 6891/7698/1 6889/7696/1 6890/7697/1 6892/7699/1 
f 4524/5065/1 4520/5064/1 6892/7699/1 6890/7697/1 
f 6893/7700/1 6894/7701/1 6891/7702/1 6892/7703/1 
f 4519/5057/1 6893/7700/1 6892/7703/1 4520/5058/1 
f 6895/7704/1 6896/7705/1 6894/7701/1 6893/7700/1 
f 4570/5126/1 6895/7704/1 6893/7700/1 4519/5057/1 
f 6897/7706/1 6898/7707/1 6896/7705/1 6895/7704/1 
f 4571/5127/1 6897/7706/1 6895/7704/1 4570/5126/1 
f 6899/7708/1 6898/7707/1 6897/7706/1 6900/7709/1 
f 6901/7710/1 6900/7709/1 6897/7706/1 4571/5127/1 
f 6902/7711/1 6903/7712/1 6900/7709/1 6901/7710/1 
f 6904/7713/1 6902/7711/1 6901/7710/1 6905/7714/1 
f 4571/5127/1 4569/5123/1 6905/7714/1 6901/7710/1 
f 6906/7715/1 6904/7713/1 6905/7714/1 6907/7716/1 
f 4569/5123/1 4568/5122/1 6907/7716/1 6905/7714/1 
f 6908/7717/1 6909/7718/1 6906/7715/1 6907/7716/1 
f 6910/7719/1 6908/7717/1 6907/7716/1 4568/5122/1 
f 6911/7720/1 6908/7717/1 6910/7719/1 4607/7721/1 
f 6912/7722/1 4608/5171/1 4607/5170/1 6910/7723/1 
f 4560/5125/1 6912/7724/1 6910/7719/1 4568/5122/1 
f 4587/5148/1 4584/5145/1 4608/5171/1 6912/7722/1 
f 4562/5116/1 4587/5148/1 6912/7722/1 4560/5114/1 
f 6913/7725/1 6909/7718/1 6908/7717/1 6911/7720/1 
f 6914/7726/1 6913/7725/1 6911/7720/1 6915/7727/1 
f 4607/7721/1 4606/7728/1 6915/7727/1 6911/7720/1 
f 6916/7729/1 6917/7730/1 6914/7726/1 6915/7727/1 
f 4610/7731/1 6916/7729/1 6915/7727/1 4606/7728/1 
f 6918/7732/1 6919/7733/1 6917/7730/1 6916/7729/1 
f 6920/7734/1 6918/7732/1 6916/7729/1 4610/7731/1 
f 4669/7735/1 6921/7736/1 6918/7732/1 6920/7734/1 
f 4670/5245/1 4669/5244/1 6920/7737/1 6922/7738/1 
f 4610/5173/1 4611/5176/1 6922/7738/1 6920/7737/1 
f 6923/7739/1 4670/5245/1 6922/7738/1 6924/7740/1 
f 4611/5176/1 6925/7741/1 6924/7740/1 6922/7738/1 
f 4611/5176/1 4609/5175/1 4612/5177/1 6925/7741/1 
f 6926/7742/1 6927/7743/1 6924/7740/1 6925/7741/1 
f 4624/5193/1 6926/7744/1 6925/7745/1 4612/5191/1 
f 6601/7746/1 6603/7747/1 6927/7743/1 6926/7742/1 
f 6600/7383/1 6601/7384/1 6926/7744/1 4624/5193/1 
f 6928/7748/1 6923/7739/1 6924/7740/1 6927/7743/1 
f 6603/7747/1 6605/7749/1 6928/7748/1 6927/7743/1 
f 6929/7750/1 4671/5246/1 6923/7739/1 6928/7748/1 
f 6607/7751/1 6929/7750/1 6928/7748/1 6605/7749/1 
f 6930/7752/1 4672/5247/1 4671/5246/1 6929/7750/1 
f 6609/7753/1 6930/7752/1 6929/7750/1 6607/7751/1 
f 6931/7754/1 4695/7755/1 4672/5247/1 6930/7752/1 
f 6611/7756/1 6931/7754/1 6930/7752/1 6609/7753/1 
f 6932/7757/1 4691/7758/1 4695/7755/1 6931/7754/1 
f 6613/7759/1 6932/7757/1 6931/7754/1 6611/7756/1 
f 4694/5269/1 4691/5266/1 6932/7760/1 6619/7761/1 
f 6615/7398/1 6619/7402/1 6932/7762/1 6613/7396/1 
f 4671/5246/1 4667/5242/1 4670/5245/1 6923/7739/1 
f 6919/7733/1 6918/7732/1 6921/7736/1 6933/7763/1 
f 4690/5265/1 6933/7763/1 6921/7736/1 4696/5271/1 
f 4696/5271/1 6921/7736/1 4669/7735/1 4668/7764/1 
f 6934/7765/1 6919/7733/1 6933/7763/1 6935/7766/1 
f 4690/5265/1 4689/5264/1 6935/7766/1 6933/7763/1 
f 6936/7767/1 6934/7765/1 6935/7766/1 6937/7768/1 
f 4689/5264/1 4716/5293/1 6937/7768/1 6935/7766/1 
f 6938/7769/1 6939/7770/1 6936/7767/1 6937/7768/1 
f 6938/7769/1 6937/7768/1 4716/5293/1 4686/7771/1 
f 6940/7772/1 6941/7773/1 6939/7774/1 6938/7775/1 
f 6940/7772/1 6938/7775/1 4686/5261/1 4685/5260/1 
f 6942/7776/1 6943/7777/1 6941/7773/1 6940/7772/1 
f 4688/5263/1 6942/7776/1 6940/7772/1 4685/5260/1 
f 6944/7778/1 6945/7779/1 6943/7777/1 6942/7776/1 
f 6946/7780/1 6944/7778/1 6942/7776/1 4688/5263/1 
f 6947/7781/1 6948/7782/1 6944/7778/1 6946/7780/1 
f 6949/7783/1 6947/7781/1 6946/7780/1 6950/7784/1 
f 4688/5263/1 4687/5262/1 6950/7784/1 6946/7780/1 
f 6951/7785/1 6949/7786/1 6950/7787/1 6952/7788/1 
f 4687/7789/1 4715/7790/1 6952/7788/1 6950/7787/1 
f 6953/7791/1 6951/7785/1 6952/7788/1 6954/7792/1 
f 4715/7790/1 4692/7793/1 6954/7792/1 6952/7788/1 
f 6955/7794/1 6953/7791/1 6954/7792/1 6956/7795/1 
f 4692/5267/1 4693/5268/1 6956/7796/1 6954/7797/1 
f 6957/7798/1 6958/7799/1 6955/7794/1 6956/7795/1 
f 6959/7800/1 6957/7801/1 6956/7796/1 4693/5268/1 
f 6624/7802/1 6960/7803/1 6957/7798/1 6959/7804/1 
f 6621/7404/1 6624/7410/1 6959/7800/1 6622/7405/1 
f 4694/5269/1 6622/7405/1 6959/7800/1 4693/5268/1 
f 6958/7799/1 6957/7798/1 6960/7803/1 6961/7805/1 
f 6962/7806/1 6961/7805/1 6960/7803/1 6963/7807/1 
f 6625/7411/1 6963/7808/1 6960/7809/1 6624/7410/1 
f 6964/7810/1 6962/7806/1 6963/7807/1 6965/7811/1 
f 6625/7411/1 6626/7412/1 6965/7812/1 6963/7808/1 
f 6966/7813/1 6964/7810/1 6965/7811/1 6967/7814/1 
f 6626/7412/1 6628/7415/1 6967/7815/1 6965/7812/1 
f 6968/7816/1 6966/7813/1 6967/7814/1 6969/7817/1 
f 6628/7415/1 6630/7419/1 6969/7818/1 6967/7815/1 
f 6970/7819/1 6968/7816/1 6969/7817/1 6971/7820/1 
f 6630/7419/1 6632/7422/1 6971/7821/1 6969/7818/1 
f 6972/7822/1 6970/7819/1 6971/7820/1 6973/7823/1 
f 6632/7422/1 6634/7425/1 6973/7824/1 6971/7821/1 
f 6974/7825/1 6972/7822/1 6973/7823/1 6975/7826/1 
f 6634/7425/1 6636/7428/1 6975/7827/1 6973/7824/1 
f 6976/7828/1 6974/7829/1 6975/7827/1 6977/7830/1 
f 6638/7431/1 6977/7830/1 6975/7827/1 6636/7428/1 
f 6978/7831/1 6976/7828/1 6977/7830/1 6979/7832/1 
f 6640/7434/1 6979/7832/1 6977/7830/1 6638/7431/1 
f 6980/7833/1 6978/7831/1 6979/7832/1 6981/7834/1 
f 6640/7434/1 6642/7437/1 6981/7834/1 6979/7832/1 
f 6982/7835/1 6980/7833/1 6981/7834/1 6983/7836/1 
f 6642/7437/1 6644/7440/1 6983/7836/1 6981/7834/1 
f 6984/7837/1 6982/7835/1 6983/7836/1 6985/7838/1 
f 6644/7440/1 6646/7442/1 6985/7838/1 6983/7836/1 
f 6986/7839/1 6984/7837/1 6985/7838/1 6987/7840/1 
f 6646/7442/1 6648/7444/1 6987/7840/1 6985/7838/1 
f 6988/7841/1 6986/7839/1 6987/7840/1 6989/7842/1 
f 6648/7444/1 6650/7446/1 6989/7842/1 6987/7840/1 
f 6990/7843/1 6988/7841/1 6989/7842/1 6991/7844/1 
f 6650/7446/1 6652/7448/1 6991/7844/1 6989/7842/1 
f 6992/7845/1 6990/7843/1 6991/7844/1 6993/7846/1 
f 6652/7448/1 6654/7450/1 6993/7846/1 6991/7844/1 
f 6994/7847/1 6992/7845/1 6993/7846/1 6995/7848/1 
f 6654/7450/1 6656/7452/1 6995/7848/1 6993/7846/1 
f 6996/7849/1 6994/7847/1 6995/7848/1 6997/7850/1 
f 6656/7452/1 6658/7454/1 6997/7850/1 6995/7848/1 
f 6998/7851/1 6999/7852/1 6996/7849/1 6997/7850/1 
f 6658/7454/1 7000/7853/1 6998/7851/1 6997/7850/1 
f 7001/7854/1 6998/7851/1 7000/7853/1 7002/7855/1 
f 6661/7457/1 7003/7856/1 7002/7855/1 7000/7853/1 
f 6659/7455/1 6661/7457/1 7000/7853/1 6658/7454/1 
f 7004/7857/1 7002/7855/1 7003/7856/1 7005/7858/1 
f 6664/7460/1 7006/7859/1 7005/7858/1 7003/7856/1 
f 6662/7458/1 6664/7460/1 7003/7856/1 6661/7457/1 
f 7007/7860/1 7005/7858/1 7006/7859/1 7008/7861/1 
f 6667/7463/1 7009/7862/1 7008/7861/1 7006/7859/1 
f 6665/7461/1 6667/7463/1 7006/7859/1 6664/7460/1 
f 7010/7863/1 7008/7861/1 7009/7862/1 7011/7864/1 
f 6670/7466/1 7012/7865/1 7011/7864/1 7009/7862/1 
f 6668/7464/1 6670/7466/1 7009/7862/1 6667/7463/1 
f 7013/7866/1 7011/7864/1 7012/7865/1 7014/7867/1 
f 6674/7470/1 7015/7868/1 7014/7867/1 7012/7865/1 
f 6671/7467/1 6674/7470/1 7012/7865/1 6670/7466/1 
f 7016/7869/1 7014/7867/1 7015/7868/1 7017/7870/1 
f 7018/7871/1 7017/7870/1 7015/7868/1 6677/7476/1 
f 6674/7470/1 6673/7469/1 6677/7476/1 7015/7868/1 
f 7019/7872/1 7020/7873/1 7017/7870/1 7018/7871/1 
f 7021/7874/1 7019/7875/1 7018/7876/1 6680/7481/1 
f 6677/7476/1 6676/7475/1 6680/7877/1 7018/7871/1 
f 7022/7878/1 7023/7879/1 7019/7872/1 7021/7880/1 
f 7024/7881/1 7022/7882/1 7021/7874/1 6683/7484/1 
f 6680/7481/1 6679/7480/1 6683/7484/1 7021/7874/1 
f 7025/7883/1 4766/7884/1 7022/7882/1 7024/7881/1 
f 6685/7486/1 7026/7885/1 7025/7883/1 7024/7881/1 
f 6682/7483/1 6685/7486/1 7024/7881/1 6683/7484/1 
f 7027/7886/1 7025/7883/1 7026/7885/1 7028/7887/1 
f 7029/7888/1 7030/7889/1 7028/7887/1 7026/7885/1 
f 6686/7487/1 7029/7888/1 7026/7885/1 6685/7486/1 
f 7031/7890/1 7032/7891/1 7030/7889/1 7029/7888/1 
f 6688/7489/1 7031/7890/1 7029/7888/1 6686/7487/1 
f 7033/7892/1 7034/7893/1 7032/7891/1 7031/7890/1 
f 6690/7491/1 7033/7892/1 7031/7890/1 6688/7489/1 
f 6695/7496/1 6697/7498/1 7034/7893/1 7033/7892/1 
f 6692/7493/1 6695/7496/1 7033/7892/1 6690/7491/1 
f 7035/7894/1 7032/7891/1 7034/7893/1 7036/7895/1 
f 6697/7498/1 6699/7500/1 7036/7895/1 7034/7893/1 
f 7037/7896/1 7035/7894/1 7036/7895/1 7038/7897/1 
f 6702/7503/1 7038/7897/1 7036/7895/1 6699/7500/1 
f 7039/7898/1 7037/7896/1 7038/7897/1 7040/7899/1 
f 6704/7505/1 7040/7899/1 7038/7897/1 6702/7503/1 
f 7041/7900/1 7039/7898/1 7040/7899/1 7042/7901/1 
f 6706/7507/1 7042/7901/1 7040/7899/1 6704/7505/1 
f 7043/7902/1 7044/7903/1 7041/7900/1 7042/7901/1 
f 7045/7904/1 7043/7902/1 7042/7901/1 6706/7507/1 
f 7046/7905/1 7047/7906/1 7043/7902/1 7045/7904/1 
f 7048/7907/1 7046/7905/1 7045/7904/1 6709/7510/1 
f 6706/7507/1 6705/7506/1 6709/7510/1 7045/7904/1 
f 7049/7908/1 7050/7909/1 7046/7905/1 7048/7907/1 
f 6720/7522/1 7049/7908/1 7048/7907/1 6712/7513/1 
f 6709/7510/1 6708/7509/1 6712/7513/1 7048/7907/1 
f 6723/7525/1 7051/7910/1 7050/7909/1 7049/7908/1 
f 6721/7523/1 6723/7525/1 7049/7908/1 6720/7522/1 
f 7052/7911/1 7050/7909/1 7051/7910/1 7053/7912/1 
f 6726/7528/1 7054/7913/1 7053/7912/1 7051/7910/1 
f 6724/7526/1 6726/7528/1 7051/7910/1 6723/7525/1 
f 7055/7914/1 7053/7912/1 7054/7913/1 7056/7915/1 
f 7057/7916/1 7056/7915/1 7054/7913/1 7058/7917/1 
f 6727/7529/1 7058/7917/1 7054/7913/1 6726/7528/1 
f 7059/7918/1 7060/7919/1 7057/7916/1 7058/7917/1 
f 6729/7531/1 7059/7918/1 7058/7917/1 6727/7529/1 
f 7061/7920/1 7062/7921/1 7060/7919/1 7059/7918/1 
f 6731/7533/1 7061/7920/1 7059/7918/1 6729/7531/1 
f 6735/7537/1 7063/7922/1 7062/7921/1 7061/7920/1 
f 6733/7535/1 6735/7537/1 7061/7920/1 6731/7533/1 
f 7064/7923/1 7062/7921/1 7063/7922/1 7065/7924/1 
f 7066/7925/1 7067/7926/1 7065/7924/1 7063/7922/1 
f 6736/7538/1 7066/7925/1 7063/7922/1 6735/7537/1 
f 7068/7927/1 7069/7928/1 7067/7926/1 7066/7925/1 
f 6738/7540/1 7068/7927/1 7066/7925/1 6736/7538/1 
f 6742/7544/1 7070/7929/1 7069/7928/1 7068/7927/1 
f 6740/7542/1 6742/7544/1 7068/7927/1 6738/7540/1 
f 7071/7930/1 7069/7928/1 7070/7929/1 7072/7931/1 
f 6745/7547/1 7073/7932/1 7072/7931/1 7070/7929/1 
f 6743/7545/1 6745/7547/1 7070/7929/1 6742/7544/1 
f 7074/7933/1 7072/7931/1 7073/7932/1 7075/7934/1 
f 6748/7550/1 7076/7935/1 7075/7934/1 7073/7932/1 
f 6746/7548/1 6748/7550/1 7073/7932/1 6745/7547/1 
f 7077/7936/1 7078/7937/1 7075/7934/1 7076/7935/1 
f 7079/7938/1 7077/7936/1 7076/7935/1 7080/7939/1 
f 6749/7551/1 7080/7939/1 7076/7935/1 6748/7550/1 
f 7081/7940/1 7079/7938/1 7080/7939/1 7082/7941/1 
f 6750/7552/1 7082/7941/1 7080/7939/1 6749/7551/1 
f 7083/7942/1 7081/7940/1 7082/7941/1 7084/7943/1 
f 6752/7554/1 7084/7943/1 7082/7941/1 6750/7552/1 
f 7085/7944/1 7083/7942/1 7084/7943/1 7086/7945/1 
f 6754/7556/1 7086/7945/1 7084/7943/1 6752/7554/1 
f 7087/7946/1 7085/7944/1 7086/7945/1 7088/7947/1 
f 6754/7556/1 6756/7558/1 7088/7947/1 7086/7945/1 
f 7089/7948/1 7087/7946/1 7088/7947/1 7090/7949/1 
f 6756/7558/1 6759/7561/1 7090/7949/1 7088/7947/1 
f 7091/7950/1 7089/7948/1 7090/7949/1 7092/7951/1 
f 6761/7563/1 7092/7951/1 7090/7949/1 6759/7561/1 
f 7093/7952/1 7091/7950/1 7092/7951/1 7094/7953/1 
f 6763/7565/1 7094/7953/1 7092/7951/1 6761/7563/1 
f 7095/7954/1 7093/7955/1 7094/7956/1 7096/7957/1 
f 7097/7958/1 7096/7959/1 7094/7953/1 6763/7565/1 
f 7098/7960/1 7096/7957/1 7097/7961/1 7099/7962/1 
f 7100/7963/1 7099/7964/1 7097/7958/1 6766/7568/1 
f 6763/7565/1 6762/7564/1 6766/7568/1 7097/7958/1 
f 7101/7965/1 7102/7966/1 7099/7962/1 7100/7967/1 
f 7103/7968/1 7101/7969/1 7100/7963/1 6769/7571/1 
f 6766/7568/1 6765/7567/1 6769/7571/1 7100/7963/1 
f 7104/7970/1 7105/7971/1 7101/7965/1 7103/7972/1 
f 7106/7973/1 7104/7974/1 7103/7968/1 6772/7574/1 
f 6769/7571/1 6768/7570/1 6772/7574/1 7103/7968/1 
f 7107/7975/1 7108/7976/1 7104/7970/1 7106/7977/1 
f 7109/7978/1 7107/7979/1 7106/7973/1 7110/7980/1 
f 6772/7574/1 6771/7573/1 7110/7980/1 7106/7973/1 
f 7111/7981/1 7109/7978/1 7110/7980/1 6777/7581/1 
f 6771/7573/1 6773/7575/1 6777/7581/1 7110/7980/1 
f 7112/7982/1 7113/7983/1 7109/7978/1 7111/7981/1 
f 6786/7592/1 7112/7984/1 7111/7985/1 6781/7587/1 
f 6777/7581/1 6778/7582/1 6781/7986/1 7111/7981/1 
f 6789/7595/1 7114/7987/1 7113/7988/1 7112/7984/1 
f 6787/7593/1 6789/7595/1 7112/7984/1 6786/7592/1 
f 7115/7989/1 7113/7988/1 7114/7987/1 7116/7990/1 
f 7117/7991/1 7118/7992/1 7116/7990/1 7114/7987/1 
f 6790/7596/1 7117/7991/1 7114/7987/1 6789/7595/1 
f 6794/7600/1 7119/7993/1 7118/7992/1 7117/7991/1 
f 6792/7598/1 6794/7600/1 7117/7991/1 6790/7596/1 
f 7120/7994/1 7118/7992/1 7119/7993/1 7121/7995/1 
f 6797/7603/1 7122/7996/1 7121/7995/1 7119/7993/1 
f 6795/7601/1 6797/7603/1 7119/7993/1 6794/7600/1 
f 7123/7997/1 7121/7995/1 7122/7996/1 7124/7998/1 
f 6800/7606/1 7125/7999/1 7124/7998/1 7122/7996/1 
f 6798/7604/1 6800/7606/1 7122/7996/1 6797/7603/1 
f 7126/8000/1 7124/7998/1 7125/7999/1 7127/8001/1 
f 7128/8002/1 7129/8003/1 7127/8001/1 7125/7999/1 
f 6801/7607/1 7128/8002/1 7125/7999/1 6800/7606/1 
f 6805/7611/1 7130/8004/1 7129/8003/1 7128/8002/1 
f 6803/7609/1 6805/7611/1 7128/8002/1 6801/7607/1 
f 7131/8005/1 7129/8003/1 7130/8004/1 7132/8006/1 
f 7133/8007/1 7134/8008/1 7132/8006/1 7130/8004/1 
f 6806/7612/1 7133/8007/1 7130/8004/1 6805/7611/1 
f 7135/8009/1 7136/8010/1 7134/8008/1 7133/8007/1 
f 6808/7614/1 7135/8009/1 7133/8007/1 6806/7612/1 
f 4424/4933/1 4426/4935/1 7136/8010/1 7135/8009/1 
f 4425/4934/1 4424/4933/1 7135/8009/1 6808/7614/1 
f 7137/8011/1 7138/8012/1 7134/8008/1 7136/8010/1 
f 7139/8013/1 7137/8011/1 7136/8010/1 4426/4935/1 
f 7140/8014/1 7141/8015/1 7137/8011/1 7139/8013/1 
f 7142/8016/1 7143/8017/1 7140/8014/1 7139/8013/1 
f 4427/4936/1 7142/8016/1 7139/8013/1 4426/4935/1 
f 7144/8018/1 7145/8019/1 7143/8017/1 7142/8016/1 
f 4427/4936/1 4428/4937/1 7144/8018/1 7142/8016/1 
f 7146/8020/1 7147/8021/1 7145/8019/1 7144/8018/1 
f 7148/8022/1 7146/8020/1 7144/8018/1 4428/4937/1 
f 7149/8023/1 7150/8024/1 7146/8020/1 7148/8022/1 
f 6814/7620/1 7149/8023/1 7148/8022/1 6813/7619/1 
f 4420/4929/1 6813/7619/1 7148/8022/1 4428/4937/1 
f 7151/8025/1 7152/8026/1 7150/8024/1 7149/8023/1 
f 6816/7622/1 7151/8025/1 7149/8023/1 6814/7620/1 
f 7153/8027/1 7154/8028/1 7152/8026/1 7151/8025/1 
f 6816/7622/1 6818/7624/1 7153/8027/1 7151/8025/1 
f 7155/8029/1 7156/8030/1 7154/8028/1 7153/8027/1 
f 6820/7626/1 7155/8029/1 7153/8027/1 6818/7624/1 
f 4532/5076/1 4529/5073/1 7156/8030/1 7155/8029/1 
f 6822/7628/1 4532/5076/1 7155/8029/1 6820/7626/1 
f 7157/8031/1 7154/8028/1 7156/8030/1 7158/8032/1 
f 4529/5073/1 4528/5072/1 7158/8032/1 7156/8030/1 
f 7159/8033/1 7157/8031/1 7158/8032/1 7160/8034/1 
f 4528/5072/1 7161/8035/1 7160/8034/1 7158/8032/1 
f 7162/8036/1 7160/8034/1 7161/8035/1 7163/8037/1 
f 7164/8038/1 7165/8039/1 7163/8037/1 7161/8035/1 
f 4531/5075/1 7164/8038/1 7161/8035/1 4528/5072/1 
f 6872/7679/1 6871/7678/1 7165/8039/1 7164/8038/1 
f 4534/5078/1 6872/7679/1 7164/8038/1 4531/5075/1 
f 7166/8040/1 7163/8037/1 7165/8039/1 7167/8041/1 
f 6871/7678/1 6874/7681/1 7167/8041/1 7165/8039/1 
f 7168/8042/1 7166/8040/1 7167/8041/1 7169/8043/1 
f 7170/8044/1 7169/8043/1 7167/8041/1 6874/7681/1 
f 7171/8045/1 7172/8046/1 7169/8043/1 7170/8044/1 
f 7173/8047/1 7171/8045/1 7170/8044/1 6878/7685/1 
f 6875/7682/1 6878/7685/1 7170/8044/1 6874/7681/1 
f 4502/5035/1 4501/5034/1 7171/8045/1 7173/8047/1 
f 7174/8048/1 4502/5035/1 7173/8047/1 6881/7688/1 
f 6878/7685/1 6877/7684/1 6881/7688/1 7173/8047/1 
f 7175/8049/1 4500/5033/1 4502/5035/1 7174/8048/1 
f 6886/7693/1 7175/8049/1 7174/8048/1 6883/7690/1 
f 6881/7688/1 6880/7687/1 6883/7690/1 7174/8048/1 
f 4500/5033/1 7175/8049/1 7176/8050/1 4497/5028/1 
f 6888/7695/1 7176/8050/1 7175/8049/1 6886/7693/1 
f 4498/5029/1 4497/5028/1 7176/8050/1 7177/8051/1 
f 6888/7695/1 6889/7696/1 7177/8051/1 7176/8050/1 
f 4498/5029/1 7177/8051/1 7178/8052/1 7179/8053/1 
f 6889/7696/1 6891/7698/1 7178/8052/1 7177/8051/1 
f 7179/8054/1 7178/8055/1 7180/8056/1 4495/8057/1 
f 6894/7701/1 7180/8056/1 7178/8055/1 6891/7702/1 
f 4495/8057/1 7180/8056/1 7181/8058/1 4493/8059/1 
f 6894/7701/1 6896/7705/1 7181/8058/1 7180/8056/1 
f 4493/8059/1 7181/8058/1 7182/8060/1 4496/8061/1 
f 6896/7705/1 6898/7707/1 7182/8060/1 7181/8058/1 
f 7183/8062/1 4499/8063/1 4496/8061/1 7182/8060/1 
f 6898/7707/1 6899/7708/1 7183/8062/1 7182/8060/1 
f 4436/4949/1 4499/8063/1 7183/8062/1 4437/4946/1 
f 6899/7708/1 7184/8064/1 4437/4946/1 7183/8062/1 
f 4438/4947/1 4437/4946/1 7184/8064/1 7185/8065/1 
f 6903/7712/1 7186/8066/1 7185/8065/1 7184/8064/1 
f 6900/7709/1 6903/7712/1 7184/8064/1 6899/7708/1 
f 7187/8067/1 7185/8065/1 7186/8066/1 7188/8068/1 
f 7189/8069/1 7188/8068/1 7186/8066/1 7190/8070/1 
f 6902/7711/1 7190/8070/1 7186/8066/1 6903/7712/1 
f 7191/8071/1 7189/8069/1 7190/8070/1 7192/8072/1 
f 6902/7711/1 6904/7713/1 7192/8072/1 7190/8070/1 
f 7193/8073/1 7191/8071/1 7192/8072/1 7194/8074/1 
f 6904/7713/1 6906/7715/1 7194/8074/1 7192/8072/1 
f 7195/8075/1 7193/8073/1 7194/8074/1 7196/8076/1 
f 6909/7718/1 7196/8076/1 7194/8074/1 6906/7715/1 
f 7197/8077/1 7195/8075/1 7196/8076/1 7198/8078/1 
f 6909/7718/1 6913/7725/1 7198/8078/1 7196/8076/1 
f 7199/8079/1 7197/8077/1 7198/8078/1 7200/8080/1 
f 6913/7725/1 6914/7726/1 7200/8080/1 7198/8078/1 
f 7201/8081/1 7202/8082/1 7199/8079/1 7200/8080/1 
f 6917/7730/1 7201/8081/1 7200/8080/1 6914/7726/1 
f 6934/7765/1 6936/7767/1 7202/8082/1 7201/8081/1 
f 6919/7733/1 6934/7765/1 7201/8081/1 6917/7730/1 
f 7203/8083/1 7199/8079/1 7202/8082/1 7204/8084/1 
f 6939/7770/1 7204/8084/1 7202/8082/1 6936/7767/1 
f 7205/8085/1 7203/8086/1 7204/8087/1 7206/8088/1 
f 6941/7773/1 7206/8088/1 7204/8087/1 6939/7774/1 
f 7207/8089/1 7205/8085/1 7206/8088/1 7208/8090/1 
f 6943/7777/1 7208/8090/1 7206/8088/1 6941/7773/1 
f 7209/8091/1 7210/8092/1 7207/8089/1 7208/8090/1 
f 6945/7779/1 7209/8091/1 7208/8090/1 6943/7777/1 
f 7211/8093/1 7212/8094/1 7210/8092/1 7209/8091/1 
f 7213/8095/1 7211/8093/1 7209/8091/1 6945/7779/1 
f 7214/8096/1 7215/8097/1 7211/8093/1 7213/8095/1 
f 7216/8098/1 7214/8096/1 7213/8095/1 6948/7782/1 
f 6945/7779/1 6944/7778/1 6948/7782/1 7213/8095/1 
f 7217/8099/1 7218/8100/1 7214/8096/1 7216/8098/1 
f 7219/8101/1 7217/8099/1 7216/8098/1 7220/8102/1 
f 6948/7782/1 6947/7781/1 7220/8102/1 7216/8098/1 
f 7221/8103/1 7219/8101/1 7220/8102/1 7222/8104/1 
f 6947/7781/1 6949/7783/1 7222/8104/1 7220/8102/1 
f 7223/8105/1 7221/8106/1 7222/8107/1 7224/8108/1 
f 6949/7786/1 6951/7785/1 7224/8108/1 7222/8107/1 
f 7225/8109/1 7223/8105/1 7224/8108/1 7226/8110/1 
f 6951/7785/1 6953/7791/1 7226/8110/1 7224/8108/1 
f 7227/8111/1 7225/8109/1 7226/8110/1 7228/8112/1 
f 6953/7791/1 6955/7794/1 7228/8112/1 7226/8110/1 
f 7229/8113/1 7227/8111/1 7228/8112/1 7230/8114/1 
f 6955/7794/1 6958/7799/1 7230/8114/1 7228/8112/1 
f 7231/8115/1 7229/8113/1 7230/8114/1 7232/8116/1 
f 6958/7799/1 6961/7805/1 7232/8116/1 7230/8114/1 
f 7233/8117/1 7231/8115/1 7232/8116/1 7234/8118/1 
f 6961/7805/1 6962/7806/1 7234/8118/1 7232/8116/1 
f 7235/8119/1 7233/8117/1 7234/8118/1 7236/8120/1 
f 6962/7806/1 6964/7810/1 7236/8120/1 7234/8118/1 
f 7237/8121/1 7235/8119/1 7236/8120/1 7238/8122/1 
f 6966/7813/1 7238/8122/1 7236/8120/1 6964/7810/1 
f 7239/8123/1 7237/8121/1 7238/8122/1 7240/8124/1 
f 6968/7816/1 7240/8124/1 7238/8122/1 6966/7813/1 
f 7241/8125/1 7239/8123/1 7240/8124/1 7242/8126/1 
f 6968/7816/1 6970/7819/1 7242/8126/1 7240/8124/1 
f 7243/8127/1 7241/8125/1 7242/8126/1 7244/8128/1 
f 6970/7819/1 6972/7822/1 7244/8128/1 7242/8126/1 
f 7245/8129/1 7243/8127/1 7244/8128/1 7246/8130/1 
f 6972/7822/1 6974/7825/1 7246/8130/1 7244/8128/1 
f 7247/8131/1 7245/8129/1 7246/8130/1 7248/8132/1 
f 6974/7825/1 6976/8133/1 7248/8132/1 7246/8130/1 
f 7249/8134/1 7247/8131/1 7248/8132/1 7250/8135/1 
f 6976/8133/1 6978/8136/1 7250/8135/1 7248/8132/1 
f 7251/8137/1 7249/8134/1 7250/8135/1 7252/8138/1 
f 6978/8136/1 6980/8139/1 7252/8138/1 7250/8135/1 
f 7253/8140/1 7251/8137/1 7252/8138/1 7254/8141/1 
f 6980/8139/1 6982/8142/1 7254/8141/1 7252/8138/1 
f 7255/8143/1 7253/8140/1 7254/8141/1 7256/8144/1 
f 6982/7835/1 6984/7837/1 7256/8145/1 7254/8146/1 
f 7257/8147/1 7258/8148/1 7255/8143/1 7256/8144/1 
f 6984/7837/1 6986/7839/1 7257/8149/1 7256/8145/1 
f 7259/8150/1 7260/8151/1 7258/8152/1 7257/8149/1 
f 6986/7839/1 6988/7841/1 7259/8150/1 7257/8149/1 
f 7261/8153/1 7262/8154/1 7260/8151/1 7259/8150/1 
f 6988/7841/1 6990/7843/1 7261/8153/1 7259/8150/1 
f 7263/8155/1 7264/8156/1 7262/8154/1 7261/8153/1 
f 6990/7843/1 6992/7845/1 7263/8155/1 7261/8153/1 
f 7265/8157/1 7266/8158/1 7264/8156/1 7263/8155/1 
f 6994/7847/1 7265/8157/1 7263/8155/1 6992/7845/1 
f 7267/8159/1 7268/8160/1 7266/8158/1 7265/8157/1 
f 6996/7849/1 7267/8159/1 7265/8157/1 6994/7847/1 
f 7269/8161/1 7270/8162/1 7268/8160/1 7267/8159/1 
f 6999/7852/1 7269/8161/1 7267/8159/1 6996/7849/1 
f 7271/8163/1 7272/8164/1 7270/8162/1 7269/8161/1 
f 7273/8165/1 7271/8163/1 7269/8161/1 6999/7852/1 
f 7274/8166/1 7275/8167/1 7271/8163/1 7273/8165/1 
f 7276/8168/1 7274/8166/1 7273/8165/1 7001/7854/1 
f 6998/7851/1 7001/7854/1 7273/8165/1 6999/7852/1 
f 7277/8169/1 7274/8166/1 7276/8168/1 7278/8170/1 
f 7004/7857/1 7279/8171/1 7278/8170/1 7276/8168/1 
f 7002/7855/1 7004/7857/1 7276/8168/1 7001/7854/1 
f 7280/8172/1 7278/8170/1 7279/8171/1 7281/8173/1 
f 7007/7860/1 7282/8174/1 7281/8173/1 7279/8171/1 
f 7005/7858/1 7007/7860/1 7279/8171/1 7004/7857/1 
f 7283/8175/1 7281/8173/1 7282/8174/1 7284/8176/1 
f 7010/7863/1 7285/8177/1 7284/8176/1 7282/8174/1 
f 7008/7861/1 7010/7863/1 7282/8174/1 7007/7860/1 
f 7286/8178/1 7284/8176/1 7285/8177/1 7287/8179/1 
f 7013/7866/1 7288/8180/1 7287/8179/1 7285/8177/1 
f 7011/7864/1 7013/7866/1 7285/8177/1 7010/7863/1 
f 7289/8181/1 7287/8179/1 7288/8180/1 7290/8182/1 
f 7016/7869/1 7291/8183/1 7290/8182/1 7288/8180/1 
f 7014/7867/1 7016/7869/1 7288/8180/1 7013/7866/1 
f 7292/8184/1 7290/8182/1 7291/8183/1 7293/8185/1 
f 7020/7873/1 7294/8186/1 7293/8185/1 7291/8183/1 
f 7017/7870/1 7020/7873/1 7291/8183/1 7016/7869/1 
f 4764/5353/1 7295/8187/1 7293/8185/1 7294/8186/1 
f 4765/5354/1 4764/5353/1 7294/8186/1 7023/7879/1 
f 7020/7873/1 7019/7872/1 7023/7879/1 7294/8186/1 
f 7296/8188/1 7292/8184/1 7293/8185/1 7295/8187/1 
f 7297/8189/1 7298/8190/1 7296/8188/1 7295/8187/1 
f 4746/5331/1 7297/8189/1 7295/8187/1 4764/5353/1 
f 7299/8191/1 7300/8192/1 7298/8193/1 7297/8194/1 
f 7299/8195/1 7297/8189/1 4746/5331/1 4745/5330/1 
f 7301/8196/1 7302/8197/1 7300/8192/1 7299/8191/1 
f 7301/8196/1 7299/8191/1 4745/5339/1 4752/5340/1 
f 7303/8198/1 7304/8199/1 7302/8197/1 7301/8196/1 
f 7303/8198/1 7301/8196/1 4752/5340/1 7305/8200/1 
f 7306/8201/1 7307/8202/1 7303/8198/1 7305/8200/1 
f 7306/8201/1 7305/8200/1 7308/8203/1 7309/8204/1 
f 7308/8203/1 7305/8200/1 4752/5340/1 4740/5323/1 
f 7309/8204/1 7308/8203/1 7310/8205/1 7311/8206/1 
f 7310/8205/1 7308/8203/1 4740/5323/1 4741/5324/1 
f 7311/8206/1 7310/8205/1 7312/8207/1 7313/8208/1 
f 7312/8207/1 7310/8205/1 4741/5324/1 4749/8209/1 
f 7313/8210/1 7312/8211/1 7314/8212/1 7315/8213/1 
f 4749/5335/1 4748/5334/1 7314/8212/1 7312/8211/1 
f 7315/8213/1 7314/8212/1 7316/8214/1 7317/8215/1 
f 7316/8214/1 7314/8212/1 4748/5334/1 4751/5337/1 
f 7318/8216/1 7319/8217/1 7317/8215/1 7316/8214/1 
f 7320/8218/1 7318/8216/1 7316/8214/1 4751/5337/1 
f 4751/5337/1 4750/5336/1 4763/5352/1 7320/8218/1 
f 7321/8219/1 7322/8220/1 7318/8216/1 7320/8218/1 
f 7323/8221/1 7321/8219/1 7320/8218/1 4763/5352/1 
f 4763/5352/1 4762/5351/1 7027/7886/1 7323/8221/1 
f 7324/8222/1 7325/8223/1 7321/8219/1 7323/8221/1 
f 7028/7887/1 7324/8222/1 7323/8221/1 7027/7886/1 
f 7326/8224/1 7327/8225/1 7325/8223/1 7324/8222/1 
f 7030/7889/1 7326/8224/1 7324/8222/1 7028/7887/1 
f 7035/7894/1 7037/7896/1 7327/8225/1 7326/8224/1 
f 7032/7891/1 7035/7894/1 7326/8224/1 7030/7889/1 
f 7328/8226/1 7325/8223/1 7327/8225/1 7329/8227/1 
f 7037/7896/1 7039/7898/1 7329/8227/1 7327/8225/1 
f 7330/8228/1 7328/8226/1 7329/8227/1 7331/8229/1 
f 7039/7898/1 7041/7900/1 7331/8229/1 7329/8227/1 
f 7332/8230/1 7330/8228/1 7331/8229/1 7333/8231/1 
f 7041/7900/1 7044/7903/1 7333/8231/1 7331/8229/1 
f 7334/8232/1 7332/8230/1 7333/8231/1 7335/8233/1 
f 7044/7903/1 7336/8234/1 7335/8233/1 7333/8231/1 
f 7337/8235/1 7335/8233/1 7336/8234/1 7338/8236/1 
f 7052/7911/1 7338/8236/1 7336/8234/1 7047/7906/1 
f 7044/7903/1 7043/7902/1 7047/7906/1 7336/8234/1 
f 7339/8237/1 7337/8235/1 7338/8236/1 7055/7914/1 
f 7053/7912/1 7055/7914/1 7338/8236/1 7052/7911/1 
f 7340/8238/1 7341/8239/1 7337/8235/1 7339/8237/1 
f 7342/8240/1 7340/8238/1 7339/8237/1 7343/8241/1 
f 7056/7915/1 7343/8241/1 7339/8237/1 7055/7914/1 
f 7344/8242/1 7342/8240/1 7343/8241/1 7345/8243/1 
f 7057/7916/1 7345/8243/1 7343/8241/1 7056/7915/1 
f 7346/8244/1 7344/8242/1 7345/8243/1 7347/8245/1 
f 7060/7919/1 7347/8245/1 7345/8243/1 7057/7916/1 
f 7348/8246/1 7346/8244/1 7347/8245/1 7064/7923/1 
f 7062/7921/1 7064/7923/1 7347/8245/1 7060/7919/1 
f 7349/8247/1 7350/8248/1 7346/8244/1 7348/8246/1 
f 7351/8249/1 7349/8247/1 7348/8246/1 7352/8250/1 
f 7065/7924/1 7352/8250/1 7348/8246/1 7064/7923/1 
f 7353/8251/1 7351/8249/1 7352/8250/1 7354/8252/1 
f 7067/7926/1 7354/8252/1 7352/8250/1 7065/7924/1 
f 7355/8253/1 7353/8251/1 7354/8252/1 7071/7930/1 
f 7069/7928/1 7071/7930/1 7354/8252/1 7067/7926/1 
f 7356/8254/1 7357/8255/1 7353/8251/1 7355/8253/1 
f 7358/8256/1 7356/8254/1 7355/8253/1 7074/7933/1 
f 7072/7931/1 7074/7933/1 7355/8253/1 7071/7930/1 
f 7359/8257/1 7360/8258/1 7356/8254/1 7358/8256/1 
f 7361/8259/1 7359/8257/1 7358/8256/1 7078/7937/1 
f 7074/7933/1 7075/7934/1 7078/7937/1 7358/8256/1 
f 7362/8260/1 7363/8261/1 7359/8257/1 7361/8259/1 
f 7364/8262/1 7362/8260/1 7361/8259/1 7365/8263/1 
f 7078/7937/1 7077/7936/1 7365/8263/1 7361/8259/1 
f 7366/8264/1 7364/8262/1 7365/8263/1 7367/8265/1 
f 7077/7936/1 7079/7938/1 7367/8265/1 7365/8263/1 
f 7368/8266/1 7366/8264/1 7367/8265/1 7369/8267/1 
f 7079/7938/1 7081/7940/1 7369/8267/1 7367/8265/1 
f 7370/8268/1 7368/8266/1 7369/8267/1 7371/8269/1 
f 7081/7940/1 7083/7942/1 7371/8269/1 7369/8267/1 
f 7372/8270/1 7370/8268/1 7371/8269/1 7373/8271/1 
f 7083/7942/1 7085/7944/1 7373/8271/1 7371/8269/1 
f 7374/8272/1 7372/8273/1 7373/8274/1 7375/8275/1 
f 7085/8276/1 7087/8277/1 7375/8275/1 7373/8274/1 
f 7376/8278/1 7374/8272/1 7375/8275/1 7377/8279/1 
f 7087/8277/1 7089/8280/1 7377/8279/1 7375/8275/1 
f 7378/8281/1 7376/8278/1 7377/8279/1 7379/8282/1 
f 7089/8280/1 7091/8283/1 7379/8282/1 7377/8279/1 
f 7380/8284/1 7378/8281/1 7379/8282/1 7381/8285/1 
f 7091/8283/1 7093/7955/1 7381/8285/1 7379/8282/1 
f 7382/8286/1 7380/8284/1 7381/8285/1 7383/8287/1 
f 7093/7955/1 7095/7954/1 7383/8287/1 7381/8285/1 
f 7384/8288/1 7382/8286/1 7383/8287/1 7385/8289/1 
f 7095/7954/1 7386/8290/1 7385/8289/1 7383/8287/1 
f 7387/8291/1 7385/8289/1 7386/8290/1 7388/8292/1 
f 7098/7960/1 7389/8293/1 7388/8292/1 7386/8290/1 
f 7096/7957/1 7098/7960/1 7386/8290/1 7095/7954/1 
f 7390/8294/1 7388/8292/1 7389/8293/1 7391/8295/1 
f 7392/8296/1 7391/8295/1 7389/8293/1 7102/7966/1 
f 7098/7960/1 7099/7962/1 7102/7966/1 7389/8293/1 
f 7393/8297/1 7391/8295/1 7392/8296/1 7394/8298/1 
f 7395/8299/1 7394/8298/1 7392/8296/1 7105/7971/1 
f 7102/7966/1 7101/7965/1 7105/7971/1 7392/8296/1 
f 7396/8300/1 7397/8301/1 7394/8298/1 7395/8299/1 
f 7398/8302/1 7396/8300/1 7395/8299/1 7108/7976/1 
f 7105/7971/1 7104/7970/1 7108/7976/1 7395/8299/1 
f 7399/8303/1 7400/8304/1 7396/8300/1 7398/8302/1 
f 7116/7990/1 7399/8303/1 7398/8302/1 7115/7989/1 
f 7108/7976/1 7107/7975/1 7115/7989/1 7398/8302/1 
f 7120/7994/1 7401/8305/1 7400/8304/1 7399/8303/1 
f 7118/7992/1 7120/7994/1 7399/8303/1 7116/7990/1 
f 7402/8306/1 7400/8304/1 7401/8305/1 7403/8307/1 
f 7404/8308/1 7403/8307/1 7401/8305/1 7123/7997/1 
f 7121/7995/1 7123/7997/1 7401/8305/1 7120/7994/1 
f 7405/8309/1 7403/8307/1 7404/8308/1 7406/8310/1 
f 7407/8311/1 7406/8310/1 7404/8308/1 7126/8000/1 
f 7124/7998/1 7126/8000/1 7404/8308/1 7123/7997/1 
f 7408/8312/1 7406/8310/1 7407/8311/1 7409/8313/1 
f 7410/8314/1 7411/8315/1 7409/8313/1 7407/8311/1 
f 7127/8001/1 7410/8314/1 7407/8311/1 7126/8000/1 
f 7412/8316/1 7411/8315/1 7410/8314/1 7131/8005/1 
f 7129/8003/1 7131/8005/1 7410/8314/1 7127/8001/1 
f 7413/8317/1 7411/8315/1 7412/8316/1 7414/8318/1 
f 7415/8319/1 7414/8318/1 7412/8316/1 7416/8320/1 
f 7131/8005/1 7132/8006/1 7416/8320/1 7412/8316/1 
f 7417/8321/1 7415/8319/1 7416/8320/1 7138/8012/1 
f 7132/8006/1 7134/8008/1 7138/8012/1 7416/8320/1 
f 7418/8322/1 7419/8323/1 7415/8319/1 7417/8321/1 
f 7420/8324/1 7418/8322/1 7417/8321/1 7141/8015/1 
f 7138/8012/1 7137/8011/1 7141/8015/1 7417/8321/1 
f 7421/8325/1 7422/8326/1 7418/8322/1 7420/8324/1 
f 7423/8327/1 7424/8328/1 7421/8325/1 7420/8324/1 
f 7140/8014/1 7423/8327/1 7420/8324/1 7141/8015/1 
f 7425/8329/1 7426/8330/1 7424/8328/1 7423/8327/1 
f 7143/8017/1 7425/8329/1 7423/8327/1 7140/8014/1 
f 7427/8331/1 7426/8330/1 7425/8329/1 7428/8332/1 
f 7145/8019/1 7428/8332/1 7425/8329/1 7143/8017/1 
f 7429/8333/1 7430/8334/1 7427/8331/1 7428/8332/1 
f 7147/8021/1 7429/8333/1 7428/8332/1 7145/8019/1 
f 7431/8335/1 7432/8336/1 7430/8334/1 7429/8333/1 
f 7433/8337/1 7431/8335/1 7429/8333/1 7147/8021/1 
f 7434/8338/1 7435/8339/1 7431/8335/1 7433/8337/1 
f 7152/8026/1 7434/8338/1 7433/8337/1 7150/8024/1 
f 7147/8021/1 7146/8020/1 7150/8024/1 7433/8337/1 
f 7157/8031/1 7159/8033/1 7435/8339/1 7434/8338/1 
f 7154/8028/1 7157/8031/1 7434/8338/1 7152/8026/1 
f 7432/8336/1 7431/8335/1 7435/8339/1 7436/8340/1 
f 7159/8033/1 7437/8341/1 7436/8340/1 7435/8339/1 
f 7438/8342/1 7436/8340/1 7437/8341/1 7439/8343/1 
f 7162/8036/1 7440/8344/1 7439/8343/1 7437/8341/1 
f 7160/8034/1 7162/8036/1 7437/8341/1 7159/8033/1 
f 7441/8345/1 7439/8343/1 7440/8344/1 7442/8346/1 
f 7166/8040/1 7168/8042/1 7442/8346/1 7440/8344/1 
f 7163/8037/1 7166/8040/1 7440/8344/1 7162/8036/1 
f 7443/8347/1 7441/8345/1 7442/8346/1 7444/8348/1 
f 7168/8042/1 7445/8349/1 7444/8348/1 7442/8346/1 
f 4433/4942/1 7444/8348/1 7445/8349/1 4434/4943/1 
f 4435/4944/1 4434/4943/1 7445/8349/1 7172/8046/1 
f 7168/8042/1 7169/8043/1 7172/8046/1 7445/8349/1 
f 4433/4942/1 7446/8350/1 7443/8347/1 7444/8348/1 
f 7447/8351/1 7448/8352/1 7446/8350/1 7449/8353/1 
f 4433/4942/1 4430/4939/1 7449/8353/1 7446/8350/1 
f 7450/8354/1 7443/8347/1 7446/8350/1 7448/8352/1 
f 7448/8352/1 7451/8355/1 7452/8356/1 7450/8354/1 
f 7441/8345/1 7443/8347/1 7450/8354/1 7453/8357/1 
f 7454/8358/1 7453/8357/1 7450/8354/1 7452/8356/1 
f 7452/8356/1 7455/8359/1 7456/8360/1 7454/8358/1 
f 7438/8342/1 7453/8357/1 7454/8358/1 7457/8361/1 
f 7458/8362/1 7457/8361/1 7454/8358/1 7456/8360/1 
f 7459/8363/1 7460/8364/1 7458/8362/1 7456/8360/1 
f 7432/8336/1 7457/8361/1 7458/8362/1 7430/8334/1 
f 7427/8331/1 7430/8334/1 7458/8362/1 7460/8364/1 
f 7461/8365/1 7462/8366/1 7463/8367/1 7459/8363/1 
f 7455/8359/1 7461/8365/1 7459/8363/1 7456/8360/1 
f 7464/8368/1 7460/8364/1 7459/8363/1 7463/8367/1 
f 7465/8369/1 7466/8370/1 7464/8368/1 7463/8367/1 
f 7427/8331/1 7460/8364/1 7464/8368/1 7426/8330/1 
f 7424/8328/1 7426/8330/1 7464/8368/1 7466/8370/1 
f 7467/8371/1 7468/8372/1 7465/8369/1 7469/8373/1 
f 7462/8366/1 7469/8373/1 7465/8369/1 7463/8367/1 
f 7470/8374/1 7466/8370/1 7465/8369/1 7468/8372/1 
f 7471/8375/1 7472/8376/1 7470/8374/1 7468/8372/1 
f 7424/8328/1 7466/8370/1 7470/8374/1 7421/8325/1 
f 7422/8326/1 7421/8325/1 7470/8374/1 7472/8376/1 
f 7473/8377/1 7474/8378/1 7471/8375/1 7475/8379/1 
f 7468/8372/1 7467/8371/1 7475/8379/1 7471/8375/1 
f 7476/8380/1 7472/8376/1 7471/8375/1 7474/8378/1 
f 7474/8378/1 7477/8381/1 7478/8382/1 7476/8380/1 
f 7422/8326/1 7472/8376/1 7476/8380/1 7479/8383/1 
f 7480/8384/1 7479/8383/1 7476/8380/1 7478/8382/1 
f 7478/8382/1 7481/8385/1 7482/8386/1 7480/8384/1 
f 7419/8323/1 7479/8383/1 7480/8384/1 7483/8387/1 
f 7484/8388/1 7483/8387/1 7480/8384/1 7482/8386/1 
f 7482/8386/1 7485/8389/1 7486/8390/1 7484/8388/1 
f 7413/8317/1 7414/8318/1 7483/8387/1 7484/8388/1 
f 7487/8391/1 7413/8317/1 7484/8388/1 7486/8390/1 
f 7488/8392/1 7489/8393/1 7487/8391/1 7486/8390/1 
f 7411/8315/1 7413/8317/1 7487/8391/1 7409/8313/1 
f 7489/8393/1 7408/8312/1 7409/8313/1 7487/8391/1 
f 7490/8394/1 7491/8395/1 7492/8396/1 7488/8392/1 
f 7485/8389/1 7490/8394/1 7488/8392/1 7486/8390/1 
f 7493/8397/1 7489/8393/1 7488/8392/1 7492/8396/1 
f 7492/8396/1 7494/8398/1 7495/8399/1 7493/8397/1 
f 7408/8312/1 7489/8393/1 7493/8397/1 7496/8400/1 
f 7495/8399/1 7497/8401/1 7496/8400/1 7493/8397/1 
f 7498/8402/1 7499/8403/1 7497/8401/1 7495/8399/1 
f 7500/8404/1 7405/8309/1 7496/8400/1 7497/8401/1 
f 7501/8405/1 7500/8404/1 7497/8401/1 7499/8403/1 
f 7499/8403/1 7502/8406/1 7393/8297/1 7501/8405/1 
f 7402/8306/1 7500/8404/1 7501/8405/1 7397/8301/1 
f 7394/8298/1 7397/8301/1 7501/8405/1 7393/8297/1 
f 7503/8407/1 7504/8408/1 7390/8294/1 7502/8406/1 
f 7498/8402/1 7503/8407/1 7502/8406/1 7499/8403/1 
f 7391/8295/1 7393/8297/1 7502/8406/1 7390/8294/1 
f 7505/8409/1 7506/8410/1 7504/8408/1 7503/8407/1 
f 7507/8411/1 7505/8409/1 7503/8407/1 7498/8402/1 
f 7508/8412/1 7509/8413/1 7505/8409/1 7507/8411/1 
f 7510/8414/1 7508/8412/1 7507/8411/1 7494/8398/1 
f 7498/8402/1 7495/8399/1 7494/8398/1 7507/8411/1 
f 7511/8415/1 7512/8416/1 7508/8412/1 7510/8414/1 
f 7513/8417/1 7511/8415/1 7510/8414/1 7491/8395/1 
f 7494/8398/1 7492/8396/1 7491/8395/1 7510/8414/1 
f 7514/8418/1 7515/8419/1 7511/8415/1 7513/8417/1 
f 7516/8420/1 7514/8418/1 7513/8417/1 7517/8421/1 
f 7491/8395/1 7490/8394/1 7517/8421/1 7513/8417/1 
f 7518/8422/1 7516/8420/1 7517/8421/1 7519/8423/1 
f 7490/8394/1 7485/8389/1 7519/8423/1 7517/8421/1 
f 7520/8424/1 7518/8422/1 7519/8423/1 7481/8385/1 
f 7485/8389/1 7482/8386/1 7481/8385/1 7519/8423/1 
f 7521/8425/1 7522/8426/1 7518/8422/1 7520/8424/1 
f 7523/8427/1 7521/8425/1 7520/8424/1 7477/8381/1 
f 7481/8385/1 7478/8382/1 7477/8381/1 7520/8424/1 
f 7524/8428/1 7521/8425/1 7523/8427/1 7525/8429/1 
f 7473/8377/1 7526/8430/1 7525/8429/1 7523/8427/1 
f 7474/8378/1 7473/8377/1 7523/8427/1 7477/8381/1 
f 7525/8429/1 7526/8430/1 7527/8431/1 7528/8432/1 
f 7527/8431/1 7526/8430/1 7529/8433/1 7530/8434/1 
f 7475/8379/1 7529/8433/1 7526/8430/1 7473/8377/1 
f 7530/8434/1 7529/8433/1 7531/8435/1 7532/8436/1 
f 7467/8371/1 7531/8435/1 7529/8433/1 7475/8379/1 
f 4485/5019/1 7532/8436/1 7531/8435/1 4492/5020/1 
f 7469/8373/1 4492/5020/1 7531/8435/1 7467/8371/1 
f 7530/8437/1 7532/8438/1 7533/8439/1 7534/8440/1 
f 7533/8439/1 7532/8438/1 4485/5008/1 4476/4999/1 
f 7535/8441/1 7534/8440/1 7533/8439/1 7536/8442/1 
f 4476/4999/1 4479/5002/1 7536/8442/1 7533/8439/1 
f 7537/8443/1 7535/8441/1 7536/8442/1 7538/8444/1 
f 4479/5002/1 7539/8445/1 7538/8444/1 7536/8442/1 
f 7540/8446/1 7538/8444/1 7539/8445/1 7541/8447/1 
f 7542/8448/1 7543/8449/1 7541/8447/1 7539/8445/1 
f 4478/5001/1 7542/8448/1 7539/8445/1 4479/5002/1 
f 7544/8450/1 7545/8451/1 7543/8449/1 7542/8448/1 
f 7544/8450/1 7542/8448/1 4478/5001/1 4481/5004/1 
f 7546/8452/1 7547/8453/1 7545/8451/1 7544/8450/1 
f 4491/5017/1 7546/8452/1 7544/8450/1 4481/5004/1 
f 7548/8454/1 7549/8455/1 7547/8453/1 7546/8452/1 
f 7550/8456/1 7548/8454/1 7546/8452/1 4491/5017/1 
f 7551/8457/1 7552/8458/1 7548/8454/1 7550/8456/1 
f 7553/8459/1 7551/8457/1 7550/8456/1 7554/8460/1 
f 4491/5017/1 4489/5016/1 7554/8460/1 7550/8456/1 
f 7451/8355/1 7553/8461/1 7554/8462/1 7555/8463/1 
f 4489/5012/1 4488/5011/1 7555/8463/1 7554/8462/1 
f 7455/8359/1 7452/8356/1 7451/8355/1 7555/8463/1 
f 7461/8365/1 7455/8359/1 7555/8463/1 4488/5011/1 
f 7447/8464/1 7556/8465/1 7551/8457/1 7553/8459/1 
f 7448/8352/1 7447/8351/1 7553/8461/1 7451/8355/1 
f 7552/8458/1 7551/8457/1 7556/8465/1 7557/8466/1 
f 7558/8467/1 7559/8468/1 7557/8466/1 7556/8465/1 
f 7449/8469/1 7558/8467/1 7556/8465/1 7447/8464/1 
f 4429/8470/1 7560/8471/1 7559/8468/1 7558/8467/1 
f 4430/4939/1 4429/4938/1 7558/8472/1 7449/8353/1 
f 7561/8473/1 7557/8466/1 7559/8468/1 7562/8474/1 
f 7560/8471/1 4508/5044/1 7562/8474/1 7559/8468/1 
f 7563/8475/1 7564/8476/1 7561/8473/1 7562/8474/1 
f 4507/5043/1 7563/8475/1 7562/8474/1 4508/5044/1 
f 7565/8477/1 7566/8478/1 7564/8476/1 7563/8475/1 
f 7567/8479/1 7565/8480/1 7563/8481/1 4507/8482/1 
f 7568/8483/1 7569/8484/1 7565/8480/1 7567/8479/1 
f 7570/8485/1 7568/8483/1 7567/8479/1 7571/8486/1 
f 4507/8482/1 4506/5048/1 7571/8486/1 7567/8479/1 
f 7572/8487/1 7570/8485/1 7571/8486/1 7573/8488/1 
f 4506/5048/1 4511/5047/1 7573/8488/1 7571/8486/1 
f 7574/8489/1 7572/8487/1 7573/8488/1 7575/8490/1 
f 4511/5047/1 7576/8491/1 7575/8490/1 7573/8488/1 
f 7577/8492/1 7575/8490/1 7576/8491/1 7578/8493/1 
f 7579/8494/1 7578/8493/1 7576/8491/1 7580/8495/1 
f 4510/5046/1 7580/8495/1 7576/8491/1 4511/5047/1 
f 7581/8496/1 7582/8497/1 7578/8493/1 7579/8494/1 
f 7583/8498/1 7581/8496/1 7579/8494/1 7584/8499/1 
f 7580/8500/1 7585/8501/1 7584/8502/1 7579/8503/1 
f 7187/8067/1 7583/8504/1 7584/8505/1 7586/8506/1 
f 7585/8507/1 4432/8508/1 7586/8506/1 7584/8505/1 
f 7185/8065/1 7187/8067/1 7586/8506/1 4438/4947/1 
f 4432/8508/1 4431/4948/1 4438/4947/1 7586/8506/1 
f 7587/8509/1 7581/8496/1 7583/8498/1 7588/8510/1 
f 7187/8067/1 7188/8068/1 7588/8511/1 7583/8504/1 
f 7589/8512/1 7587/8509/1 7588/8510/1 7590/8513/1 
f 7188/8514/1 7189/8515/1 7590/8513/1 7588/8510/1 
f 7591/8516/1 7589/8512/1 7590/8513/1 7592/8517/1 
f 7189/8515/1 7191/8518/1 7592/8517/1 7590/8513/1 
f 7593/8519/1 7591/8516/1 7592/8517/1 7594/8520/1 
f 7191/8518/1 7193/8521/1 7594/8520/1 7592/8517/1 
f 7595/8522/1 7593/8519/1 7594/8520/1 7596/8523/1 
f 7193/8521/1 7195/8524/1 7596/8523/1 7594/8520/1 
f 7597/8525/1 7595/8522/1 7596/8523/1 7598/8526/1 
f 7197/8077/1 7598/8527/1 7596/8528/1 7195/8075/1 
f 7205/8085/1 7597/8525/1 7598/8526/1 7203/8086/1 
f 7199/8079/1 7203/8083/1 7598/8527/1 7197/8077/1 
f 7599/8529/1 7600/8530/1 7595/8522/1 7597/8525/1 
f 7207/8089/1 7599/8529/1 7597/8525/1 7205/8085/1 
f 7601/8531/1 7602/8532/1 7600/8530/1 7599/8529/1 
f 7210/8092/1 7601/8531/1 7599/8529/1 7207/8089/1 
f 7603/8533/1 7604/8534/1 7602/8532/1 7601/8531/1 
f 7212/8094/1 7603/8533/1 7601/8531/1 7210/8092/1 
f 7605/8535/1 7606/8536/1 7604/8534/1 7603/8533/1 
f 7607/8537/1 7605/8535/1 7603/8533/1 7212/8094/1 
f 7608/8538/1 7609/8539/1 7605/8535/1 7607/8537/1 
f 7610/8540/1 7608/8538/1 7607/8537/1 7215/8097/1 
f 7212/8094/1 7211/8093/1 7215/8097/1 7607/8537/1 
f 7611/8541/1 7608/8538/1 7610/8540/1 7612/8542/1 
f 7613/8543/1 7612/8542/1 7610/8540/1 7218/8100/1 
f 7214/8096/1 7218/8100/1 7610/8540/1 7215/8097/1 
f 7614/8544/1 7612/8542/1 7613/8543/1 7615/8545/1 
f 7616/8546/1 7615/8545/1 7613/8543/1 7617/8547/1 
f 7217/8099/1 7617/8547/1 7613/8543/1 7218/8100/1 
f 7618/8548/1 7616/8546/1 7617/8547/1 7619/8549/1 
f 7217/8099/1 7219/8101/1 7619/8549/1 7617/8547/1 
f 7620/8550/1 7618/8548/1 7619/8549/1 7621/8551/1 
f 7219/8101/1 7221/8103/1 7621/8551/1 7619/8549/1 
f 7622/8552/1 7620/8553/1 7621/8554/1 7623/8555/1 
f 7221/8106/1 7223/8105/1 7623/8555/1 7621/8554/1 
f 7624/8556/1 7622/8552/1 7623/8555/1 7625/8557/1 
f 7223/8105/1 7225/8109/1 7625/8557/1 7623/8555/1 
f 7626/8558/1 7624/8556/1 7625/8557/1 7627/8559/1 
f 7225/8109/1 7227/8111/1 7627/8559/1 7625/8557/1 
f 7628/8560/1 7626/8558/1 7627/8559/1 7629/8561/1 
f 7227/8111/1 7229/8113/1 7629/8561/1 7627/8559/1 
f 7630/8562/1 7628/8560/1 7629/8561/1 7631/8563/1 
f 7229/8113/1 7231/8115/1 7631/8563/1 7629/8561/1 
f 7632/8564/1 7630/8562/1 7631/8563/1 7633/8565/1 
f 7231/8115/1 7233/8117/1 7633/8565/1 7631/8563/1 
f 7634/8566/1 7632/8564/1 7633/8565/1 7635/8567/1 
f 7235/8119/1 7635/8567/1 7633/8565/1 7233/8117/1 
f 7636/8568/1 7634/8566/1 7635/8567/1 7637/8569/1 
f 7237/8121/1 7637/8569/1 7635/8567/1 7235/8119/1 
f 7638/8570/1 7636/8568/1 7637/8569/1 7639/8571/1 
f 7237/8121/1 7239/8123/1 7639/8571/1 7637/8569/1 
f 7640/8572/1 7638/8570/1 7639/8571/1 7641/8573/1 
f 7239/8123/1 7241/8125/1 7641/8573/1 7639/8571/1 
f 7642/8574/1 7640/8572/1 7641/8573/1 7643/8575/1 
f 7241/8125/1 7243/8127/1 7643/8575/1 7641/8573/1 
f 7644/8576/1 7642/8574/1 7643/8575/1 7645/8577/1 
f 7243/8127/1 7245/8129/1 7645/8577/1 7643/8575/1 
f 7646/8578/1 7647/8579/1 7644/8576/1 7645/8577/1 
f 7247/8131/1 7646/8578/1 7645/8577/1 7245/8129/1 
f 7648/8580/1 7649/8581/1 7647/8579/1 7646/8578/1 
f 7249/8134/1 7648/8580/1 7646/8578/1 7247/8131/1 
f 7650/8582/1 7651/8583/1 7649/8581/1 7648/8580/1 
f 7251/8137/1 7650/8582/1 7648/8580/1 7249/8134/1 
f 7652/8584/1 7653/8585/1 7651/8583/1 7650/8582/1 
f 7253/8140/1 7652/8584/1 7650/8582/1 7251/8137/1 
f 7654/8586/1 7655/8587/1 7653/8585/1 7652/8584/1 
f 7255/8143/1 7654/8586/1 7652/8584/1 7253/8140/1 
f 7656/8588/1 7657/8589/1 7655/8587/1 7654/8586/1 
f 7258/8148/1 7656/8588/1 7654/8586/1 7255/8143/1 
f 7658/8590/1 7659/8591/1 7657/8589/1 7656/8588/1 
f 7260/8592/1 7658/8590/1 7656/8588/1 7258/8148/1 
f 7660/8593/1 7661/8594/1 7659/8591/1 7658/8590/1 
f 7262/8595/1 7660/8593/1 7658/8590/1 7260/8592/1 
f 7662/8596/1 7663/8597/1 7661/8594/1 7660/8593/1 
f 7264/8156/1 7662/8598/1 7660/8599/1 7262/8154/1 
f 7664/8600/1 7665/8601/1 7663/8597/1 7662/8596/1 
f 7266/8158/1 7664/8602/1 7662/8598/1 7264/8156/1 
f 7666/8603/1 7667/8604/1 7665/8601/1 7664/8600/1 
f 7268/8160/1 7666/8605/1 7664/8602/1 7266/8158/1 
f 7668/8606/1 7669/8607/1 7667/8608/1 7666/8605/1 
f 7270/8162/1 7668/8606/1 7666/8605/1 7268/8160/1 
f 7670/8609/1 7671/8610/1 7669/8607/1 7668/8606/1 
f 7272/8164/1 7670/8609/1 7668/8606/1 7270/8162/1 
f 7672/8611/1 7673/8612/1 7671/8610/1 7670/8609/1 
f 7674/8613/1 7672/8611/1 7670/8609/1 7272/8164/1 
f 7675/8614/1 7676/8615/1 7672/8611/1 7674/8613/1 
f 7677/8616/1 7675/8614/1 7674/8613/1 7275/8167/1 
f 7272/8164/1 7271/8163/1 7275/8167/1 7674/8613/1 
f 7678/8617/1 7679/8618/1 7675/8614/1 7677/8616/1 
f 7680/8619/1 7678/8617/1 7677/8616/1 7277/8169/1 
f 7274/8166/1 7277/8169/1 7677/8616/1 7275/8167/1 
f 7681/8620/1 7682/8621/1 7678/8617/1 7680/8619/1 
f 7683/8622/1 7681/8620/1 7680/8619/1 7280/8172/1 
f 7278/8170/1 7280/8172/1 7680/8619/1 7277/8169/1 
f 7684/8623/1 7685/8624/1 7681/8620/1 7683/8622/1 
f 7283/8175/1 7686/8625/1 7684/8623/1 7683/8622/1 
f 7281/8173/1 7283/8175/1 7683/8622/1 7280/8172/1 
f 7687/8626/1 7684/8623/1 7686/8625/1 7688/8627/1 
f 7286/8178/1 7689/8628/1 7688/8627/1 7686/8625/1 
f 7284/8176/1 7286/8178/1 7686/8625/1 7283/8175/1 
f 7690/8629/1 7688/8627/1 7689/8628/1 7691/8630/1 
f 7289/8181/1 7692/8631/1 7691/8630/1 7689/8628/1 
f 7287/8179/1 7289/8181/1 7689/8628/1 7286/8178/1 
f 7693/8632/1 7691/8630/1 7692/8631/1 7694/8633/1 
f 7292/8184/1 7296/8188/1 7694/8633/1 7692/8631/1 
f 7290/8182/1 7292/8184/1 7692/8631/1 7289/8181/1 
f 7695/8634/1 7693/8632/1 7694/8633/1 7696/8635/1 
f 7296/8188/1 7298/8190/1 7696/8635/1 7694/8633/1 
f 7697/8636/1 7698/8637/1 7695/8638/1 7696/8639/1 
f 7300/8192/1 7697/8636/1 7696/8639/1 7298/8193/1 
f 7699/8640/1 7698/8637/1 7697/8636/1 7700/8641/1 
f 7302/8197/1 7700/8641/1 7697/8636/1 7300/8192/1 
f 7701/8642/1 7699/8640/1 7700/8641/1 7702/8643/1 
f 7302/8197/1 7304/8199/1 7702/8643/1 7700/8641/1 
f 7703/8644/1 7701/8642/1 7702/8643/1 7704/8645/1 
f 7705/8646/1 7704/8645/1 7702/8643/1 7304/8199/1 
f 7706/8647/1 7707/8648/1 7704/8645/1 7705/8646/1 
f 7708/8649/1 7706/8647/1 7705/8646/1 7307/8202/1 
f 7304/8199/1 7303/8198/1 7307/8202/1 7705/8646/1 
f 7709/8650/1 7710/8651/1 7706/8647/1 7708/8649/1 
f 7711/8652/1 7712/8653/1 7709/8650/1 7708/8649/1 
f 7306/8201/1 7711/8652/1 7708/8649/1 7307/8202/1 
f 7713/8654/1 7714/8655/1 7712/8653/1 7711/8652/1 
f 7309/8204/1 7713/8654/1 7711/8652/1 7306/8201/1 
f 7715/8656/1 7716/8657/1 7714/8655/1 7713/8654/1 
f 7713/8654/1 7309/8204/1 7311/8206/1 7715/8656/1 
f 7716/8657/1 7715/8656/1 7717/8658/1 7718/8659/1 
f 7717/8658/1 7715/8656/1 7311/8206/1 7313/8208/1 
f 7719/8660/1 7720/8661/1 7718/8662/1 7717/8663/1 
f 7719/8660/1 7717/8663/1 7313/8210/1 7315/8213/1 
f 7721/8664/1 7722/8665/1 7720/8661/1 7719/8660/1 
f 7315/8213/1 7317/8215/1 7721/8664/1 7719/8660/1 
f 7723/8666/1 7724/8667/1 7722/8665/1 7721/8664/1 
f 7319/8217/1 7723/8666/1 7721/8664/1 7317/8215/1 
f 7725/8668/1 7726/8669/1 7724/8667/1 7723/8666/1 
f 7727/8670/1 7725/8668/1 7723/8666/1 7319/8217/1 
f 7319/8217/1 7318/8216/1 7322/8220/1 7727/8670/1 
f 7330/8228/1 7332/8230/1 7725/8668/1 7727/8670/1 
f 7328/8226/1 7330/8228/1 7727/8670/1 7322/8220/1 
f 7332/8230/1 7334/8232/1 7726/8669/1 7725/8668/1 
f 7728/8671/1 7724/8667/1 7726/8669/1 7729/8672/1 
f 7334/8232/1 7341/8239/1 7729/8672/1 7726/8669/1 
f 7730/8673/1 7728/8671/1 7729/8672/1 7731/8674/1 
f 7341/8239/1 7340/8238/1 7731/8674/1 7729/8672/1 
f 7732/8675/1 7730/8673/1 7731/8674/1 7733/8676/1 
f 7340/8238/1 7342/8240/1 7733/8676/1 7731/8674/1 
f 7734/8677/1 7732/8675/1 7733/8676/1 7735/8678/1 
f 7342/8240/1 7344/8242/1 7735/8678/1 7733/8676/1 
f 7736/8679/1 7734/8677/1 7735/8678/1 7350/8248/1 
f 7344/8242/1 7346/8244/1 7350/8248/1 7735/8678/1 
f 7737/8680/1 7738/8681/1 7734/8677/1 7736/8679/1 
f 7739/8682/1 7737/8680/1 7736/8679/1 7740/8683/1 
f 7350/8248/1 7349/8247/1 7740/8683/1 7736/8679/1 
f 7741/8684/1 7739/8682/1 7740/8683/1 7742/8685/1 
f 7349/8247/1 7351/8249/1 7742/8685/1 7740/8683/1 
f 7743/8686/1 7741/8684/1 7742/8685/1 7357/8255/1 
f 7351/8249/1 7353/8251/1 7357/8255/1 7742/8685/1 
f 7744/8687/1 7745/8688/1 7741/8684/1 7743/8686/1 
f 7746/8689/1 7744/8687/1 7743/8686/1 7360/8258/1 
f 7357/8255/1 7356/8254/1 7360/8258/1 7743/8686/1 
f 7747/8690/1 7748/8691/1 7744/8687/1 7746/8689/1 
f 7749/8692/1 7747/8690/1 7746/8689/1 7363/8261/1 
f 7360/8258/1 7359/8257/1 7363/8261/1 7746/8689/1 
f 7750/8693/1 7751/8694/1 7747/8690/1 7749/8692/1 
f 7752/8695/1 7750/8693/1 7749/8692/1 7753/8696/1 
f 7363/8261/1 7362/8260/1 7753/8696/1 7749/8692/1 
f 4605/5168/1 7752/8695/1 7753/8696/1 7754/8697/1 
f 7362/8260/1 7364/8262/1 7754/8697/1 7753/8696/1 
f 4601/5164/1 4605/5168/1 7754/8697/1 7755/8698/1 
f 7364/8262/1 7366/8264/1 7755/8698/1 7754/8697/1 
f 4602/5165/1 4601/5164/1 7755/8698/1 7756/8699/1 
f 7366/8264/1 7368/8266/1 7756/8699/1 7755/8698/1 
f 7757/8700/1 4602/5165/1 7756/8699/1 7758/8701/1 
f 7368/8266/1 7370/8268/1 7758/8701/1 7756/8699/1 
f 7759/8702/1 7757/8700/1 7758/8701/1 7760/8703/1 
f 7370/8268/1 7372/8270/1 7760/8703/1 7758/8701/1 
f 7761/8704/1 7759/8705/1 7760/8706/1 7762/8707/1 
f 7372/8273/1 7374/8272/1 7762/8707/1 7760/8706/1 
f 7763/8708/1 7764/8709/1 7761/8704/1 7762/8707/1 
f 7374/8272/1 7376/8278/1 7763/8708/1 7762/8707/1 
f 7765/8710/1 7766/8711/1 7764/8709/1 7763/8708/1 
f 7376/8278/1 7378/8281/1 7765/8710/1 7763/8708/1 
f 7767/8712/1 7768/8713/1 7766/8711/1 7765/8710/1 
f 7378/8281/1 7380/8284/1 7767/8712/1 7765/8710/1 
f 7769/8714/1 7770/8715/1 7768/8713/1 7767/8712/1 
f 7380/8284/1 7382/8286/1 7769/8714/1 7767/8712/1 
f 7771/8716/1 7770/8715/1 7769/8714/1 7772/8717/1 
f 7382/8286/1 7384/8288/1 7772/8717/1 7769/8714/1 
f 7773/8718/1 7771/8716/1 7772/8717/1 7774/8719/1 
f 7384/8288/1 7775/8720/1 7774/8719/1 7772/8717/1 
f 7776/8721/1 7774/8719/1 7775/8720/1 7506/8410/1 
f 7387/8291/1 7504/8408/1 7506/8410/1 7775/8720/1 
f 7385/8289/1 7387/8291/1 7775/8720/1 7384/8288/1 
f 7777/8722/1 7773/8718/1 7774/8719/1 7776/8721/1 
f 7778/8723/1 7777/8722/1 7776/8721/1 7509/8413/1 
f 7506/8410/1 7505/8409/1 7509/8413/1 7776/8721/1 
f 7779/8724/1 7777/8722/1 7778/8723/1 7780/8725/1 
f 7781/8726/1 7780/8725/1 7778/8723/1 7512/8416/1 
f 7509/8413/1 7508/8412/1 7512/8416/1 7778/8723/1 
f 7782/8727/1 7780/8725/1 7781/8726/1 7783/8728/1 
f 7515/8419/1 7784/8729/1 7783/8728/1 7781/8726/1 
f 7512/8416/1 7511/8415/1 7515/8419/1 7781/8726/1 
f 7785/8730/1 7783/8728/1 7784/8729/1 7786/8731/1 
f 7787/8732/1 7788/8733/1 7786/8731/1 7784/8729/1 
f 7514/8418/1 7787/8732/1 7784/8729/1 7515/8419/1 
f 7789/8734/1 7790/8735/1 7788/8733/1 7787/8732/1 
f 7516/8420/1 7789/8734/1 7787/8732/1 7514/8418/1 
f 7522/8426/1 7791/8736/1 7790/8735/1 7789/8734/1 
f 7518/8422/1 7522/8426/1 7789/8734/1 7516/8420/1 
f 7790/8735/1 7791/8736/1 7792/8737/1 7793/8738/1 
f 7792/8737/1 7791/8736/1 7524/8428/1 7794/8739/1 
f 7521/8425/1 7524/8428/1 7791/8736/1 7522/8426/1 
f 7792/8740/1 7794/8741/1 7795/8742/1 7796/8743/1 
f 7795/8742/1 7794/8741/1 7528/8744/1 7797/8745/1 
f 7794/8739/1 7524/8428/1 7525/8429/1 7528/8432/1 
f 7797/8745/1 7798/8746/1 7799/8747/1 7795/8742/1 
f 7800/8748/1 7801/8749/1 7798/8746/1 7797/8745/1 
f 7800/8748/1 7797/8745/1 7528/8744/1 7527/8750/1 
f 7534/8440/1 7535/8441/1 7801/8749/1 7800/8748/1 
f 7534/8440/1 7800/8748/1 7527/8750/1 7530/8437/1 
f 7802/8751/1 7798/8746/1 7801/8749/1 7803/8752/1 
f 7535/8441/1 7537/8443/1 7803/8752/1 7801/8749/1 
f 7804/8753/1 7802/8751/1 7803/8752/1 7805/8754/1 
f 7537/8443/1 7806/8755/1 7805/8754/1 7803/8752/1 
f 7807/8756/1 7805/8754/1 7806/8755/1 7808/8757/1 
f 7540/8446/1 7809/8758/1 7808/8757/1 7806/8755/1 
f 7538/8444/1 7540/8446/1 7806/8755/1 7537/8443/1 
f 7810/8759/1 7808/8757/1 7809/8758/1 7811/8760/1 
f 7812/8761/1 7813/8762/1 7811/8760/1 7809/8758/1 
f 7541/8447/1 7812/8761/1 7809/8758/1 7540/8446/1 
f 7814/8763/1 7815/8764/1 7813/8762/1 7812/8761/1 
f 7543/8449/1 7814/8763/1 7812/8761/1 7541/8447/1 
f 7816/8765/1 7815/8764/1 7814/8763/1 7817/8766/1 
f 7545/8451/1 7817/8766/1 7814/8763/1 7543/8449/1 
f 7818/8767/1 7816/8765/1 7817/8766/1 7819/8768/1 
f 7547/8453/1 7819/8768/1 7817/8766/1 7545/8451/1 
f 7820/8769/1 7818/8767/1 7819/8768/1 7821/8770/1 
f 7549/8455/1 7821/8770/1 7819/8768/1 7547/8453/1 
f 7822/8771/1 7820/8769/1 7821/8770/1 7823/8772/1 
f 7549/8455/1 7824/8773/1 7823/8772/1 7821/8770/1 
f 7564/8476/1 7823/8772/1 7824/8773/1 7561/8473/1 
f 7557/8466/1 7561/8473/1 7824/8773/1 7552/8458/1 
f 7549/8455/1 7548/8454/1 7552/8458/1 7824/8773/1 
f 7566/8478/1 7822/8771/1 7823/8772/1 7564/8476/1 
f 7825/8774/1 7826/8775/1 7820/8769/1 7822/8771/1 
f 7827/8776/1 7825/8777/1 7822/8778/1 7566/8779/1 
f 7828/8780/1 7829/8781/1 7825/8777/1 7827/8776/1 
f 7830/8782/1 7828/8780/1 7827/8776/1 7569/8484/1 
f 7566/8779/1 7565/8480/1 7569/8484/1 7827/8776/1 
f 7831/8783/1 7832/8784/1 7828/8780/1 7830/8782/1 
f 7833/8785/1 7831/8783/1 7830/8782/1 7834/8786/1 
f 7569/8484/1 7568/8483/1 7834/8786/1 7830/8782/1 
f 7835/8787/1 7833/8785/1 7834/8786/1 7836/8788/1 
f 7568/8483/1 7570/8485/1 7836/8788/1 7834/8786/1 
f 7837/8789/1 7835/8787/1 7836/8788/1 7838/8790/1 
f 7570/8485/1 7572/8487/1 7838/8790/1 7836/8788/1 
f 7839/8791/1 7837/8789/1 7838/8790/1 7840/8792/1 
f 7572/8487/1 7574/8489/1 7840/8792/1 7838/8790/1 
f 7841/8793/1 7839/8791/1 7840/8792/1 7842/8794/1 
f 7574/8489/1 7843/8795/1 7842/8794/1 7840/8792/1 
f 7844/8796/1 7842/8794/1 7843/8795/1 7845/8797/1 
f 7577/8492/1 7846/8798/1 7845/8797/1 7843/8795/1 
f 7575/8490/1 7577/8492/1 7843/8795/1 7574/8489/1 
f 7847/8799/1 7845/8797/1 7846/8798/1 7848/8800/1 
f 7582/8497/1 7849/8801/1 7848/8800/1 7846/8798/1 
f 7578/8493/1 7582/8497/1 7846/8798/1 7577/8492/1 
f 7850/8802/1 7848/8800/1 7849/8801/1 7851/8803/1 
f 7587/8509/1 7589/8512/1 7851/8803/1 7849/8801/1 
f 7581/8496/1 7587/8509/1 7849/8801/1 7582/8497/1 
f 7852/8804/1 7850/8802/1 7851/8803/1 7853/8805/1 
f 7589/8512/1 7591/8516/1 7853/8805/1 7851/8803/1 
f 7854/8806/1 7852/8804/1 7853/8805/1 7855/8807/1 
f 7591/8516/1 7593/8519/1 7855/8807/1 7853/8805/1 
f 7602/8532/1 7854/8806/1 7855/8807/1 7600/8530/1 
f 7593/8519/1 7595/8522/1 7600/8530/1 7855/8807/1 
f 7856/8808/1 7857/8809/1 7852/8804/1 7854/8806/1 
f 7604/8534/1 7856/8808/1 7854/8806/1 7602/8532/1 
f 7858/8810/1 7859/8811/1 7857/8809/1 7856/8808/1 
f 7606/8536/1 7858/8810/1 7856/8808/1 7604/8534/1 
f 7860/8812/1 7861/8813/1 7859/8811/1 7858/8810/1 
f 7862/8814/1 7860/8812/1 7858/8810/1 7606/8536/1 
f 7863/8815/1 7864/8816/1 7860/8812/1 7862/8814/1 
f 7865/8817/1 7863/8815/1 7862/8814/1 7609/8539/1 
f 7606/8536/1 7605/8535/1 7609/8539/1 7862/8814/1 
f 7866/8818/1 7867/8819/1 7863/8815/1 7865/8817/1 
f 7868/8820/1 7866/8818/1 7865/8817/1 7611/8541/1 
f 7608/8538/1 7611/8541/1 7865/8817/1 7609/8539/1 
f 3517/3880/1 7866/8818/1 7868/8820/1 3518/3881/1 
f 7614/8544/1 3519/3882/1 3518/3881/1 7868/8820/1 
f 7612/8542/1 7614/8544/1 7868/8820/1 7611/8541/1 
f 7615/8545/1 3520/3883/1 3519/3882/1 7614/8544/1 
f 7616/8546/1 3521/3884/1 3520/3883/1 7615/8545/1 
f 7620/8553/1 7622/8552/1 3522/3885/1 3523/3886/1 
f 7618/8548/1 7620/8550/1 3523/3887/1 3524/3888/1 
f 7624/8556/1 3525/3889/1 3522/3885/1 7622/8552/1 
f 7626/8558/1 3526/3890/1 3525/3889/1 7624/8556/1 
f 7628/8560/1 3527/3891/1 3526/3890/1 7626/8558/1 
f 7630/8562/1 3528/3892/1 3527/3891/1 7628/8560/1 
f 7634/8566/1 7636/8568/1 3529/3893/1 3530/3894/1 
f 7632/8564/1 7634/8566/1 3530/3894/1 3531/3895/1 
f 7636/8568/1 7638/8570/1 3532/3896/1 3529/3893/1 
f 7638/8570/1 7640/8572/1 3533/3897/1 3532/3896/1 
f 7640/8572/1 7642/8574/1 3534/3898/1 3533/3897/1 
f 7644/8576/1 3535/3899/1 3534/3898/1 7642/8574/1 
f 7651/8583/1 3537/3901/1 3536/3900/1 7649/8581/1 
f 3538/3902/1 7647/8579/1 7649/8581/1 3536/3900/1 
f 7653/8585/1 3539/3903/1 3537/3901/1 7651/8583/1 
f 7655/8587/1 3540/3904/1 3539/3903/1 7653/8585/1 
f 7657/8589/1 3541/3905/1 3540/3904/1 7655/8587/1 
f 7659/8591/1 3542/3906/1 3541/3905/1 7657/8589/1 
f 7665/8601/1 3544/3908/1 3543/3907/1 7663/8597/1 
f 3545/3909/1 7661/8594/1 7663/8597/1 3543/3907/1 
f 7667/8604/1 3546/3910/1 3544/3908/1 7665/8601/1 
f 7669/8607/1 3547/3912/1 3546/3911/1 7667/8608/1 
f 7671/8610/1 3548/3913/1 3547/3912/1 7669/8607/1 
f 7673/8612/1 3549/3915/1 3548/3913/1 7671/8610/1 
f 7869/8821/1 3551/3918/1 3550/3917/1 7870/8822/1 
f 3555/3922/1 7871/8823/1 7870/8822/1 3550/3917/1 
f 3549/3915/1 7673/8612/1 7871/8823/1 3555/3922/1 
f 7872/8824/1 7870/8822/1 7871/8823/1 7676/8615/1 
f 7673/8612/1 7672/8611/1 7676/8615/1 7871/8823/1 
f 7873/8825/1 7869/8821/1 7870/8822/1 7872/8824/1 
f 7874/8826/1 7873/8825/1 7872/8824/1 7679/8618/1 
f 7676/8615/1 7675/8614/1 7679/8618/1 7872/8824/1 
f 7875/8827/1 7876/8828/1 7873/8825/1 7874/8826/1 
f 7877/8829/1 7875/8827/1 7874/8826/1 7682/8621/1 
f 7679/8618/1 7678/8617/1 7682/8621/1 7874/8826/1 
f 7878/8830/1 7879/8831/1 7875/8827/1 7877/8829/1 
f 7880/8832/1 7878/8830/1 7877/8829/1 7685/8624/1 
f 7682/8621/1 7681/8620/1 7685/8624/1 7877/8829/1 
f 7881/8833/1 7882/8834/1 7878/8830/1 7880/8832/1 
f 7883/8835/1 7881/8833/1 7880/8832/1 7687/8626/1 
f 7685/8624/1 7684/8623/1 7687/8626/1 7880/8832/1 
f 7884/8836/1 7885/8837/1 7881/8833/1 7883/8835/1 
f 7690/8629/1 7886/8838/1 7884/8836/1 7883/8835/1 
f 7688/8627/1 7690/8629/1 7883/8835/1 7687/8626/1 
f 7887/8839/1 7884/8836/1 7886/8838/1 7888/8840/1 
f 7693/8632/1 7695/8634/1 7888/8840/1 7886/8838/1 
f 7691/8630/1 7693/8632/1 7886/8838/1 7690/8629/1 
f 7889/8841/1 7887/8842/1 7888/8843/1 7890/8844/1 
f 7695/8638/1 7698/8637/1 7890/8844/1 7888/8843/1 
f 7891/8845/1 7889/8841/1 7890/8844/1 7892/8846/1 
f 7698/8637/1 7699/8640/1 7892/8846/1 7890/8844/1 
f 7893/8847/1 7891/8845/1 7892/8846/1 7894/8848/1 
f 7699/8640/1 7701/8642/1 7894/8848/1 7892/8846/1 
f 7895/8849/1 7893/8847/1 7894/8848/1 7896/8850/1 
f 7701/8642/1 7703/8644/1 7896/8850/1 7894/8848/1 
f 7897/8851/1 7895/8849/1 7896/8850/1 7898/8852/1 
f 7703/8644/1 7899/8853/1 7898/8852/1 7896/8850/1 
f 7900/8854/1 7898/8852/1 7899/8853/1 7901/8855/1 
f 7707/8648/1 7902/8856/1 7901/8855/1 7899/8853/1 
f 7704/8645/1 7707/8648/1 7899/8853/1 7703/8644/1 
f 7903/8857/1 7901/8855/1 7902/8856/1 7904/8858/1 
f 7710/8651/1 7905/8859/1 7904/8858/1 7902/8856/1 
f 7706/8647/1 7710/8651/1 7902/8856/1 7707/8648/1 
f 7906/8860/1 7904/8858/1 7905/8859/1 7907/8861/1 
f 7908/8862/1 7907/8861/1 7905/8859/1 7909/8863/1 
f 7709/8650/1 7909/8863/1 7905/8859/1 7710/8651/1 
f 7910/8864/1 7911/8865/1 7908/8862/1 7909/8863/1 
f 7712/8653/1 7910/8864/1 7909/8863/1 7709/8650/1 
f 7912/8866/1 7913/8867/1 7911/8865/1 7910/8864/1 
f 7714/8655/1 7912/8866/1 7910/8864/1 7712/8653/1 
f 7914/8868/1 7913/8867/1 7912/8866/1 7915/8869/1 
f 7716/8657/1 7915/8869/1 7912/8866/1 7714/8655/1 
f 7914/8868/1 7915/8869/1 7916/8870/1 7917/8871/1 
f 7916/8870/1 7915/8869/1 7716/8657/1 7718/8659/1 
f 7918/8872/1 7917/8873/1 7916/8874/1 7919/8875/1 
f 7720/8661/1 7919/8875/1 7916/8874/1 7718/8662/1 
f 7920/8876/1 7921/8877/1 7918/8872/1 7919/8875/1 
f 7722/8665/1 7920/8876/1 7919/8875/1 7720/8661/1 
f 7728/8671/1 7730/8673/1 7921/8877/1 7920/8876/1 
f 7724/8667/1 7728/8671/1 7920/8876/1 7722/8665/1 
f 7922/8878/1 7918/8872/1 7921/8877/1 7923/8879/1 
f 7730/8673/1 7732/8675/1 7923/8879/1 7921/8877/1 
f 7924/8880/1 7922/8878/1 7923/8879/1 7738/8681/1 
f 7732/8675/1 7734/8677/1 7738/8681/1 7923/8879/1 
f 7922/8878/1 7924/8880/1 7925/8881/1 7926/8882/1 
f 7925/8881/1 7924/8880/1 7927/8883/1 7928/8884/1 
f 7738/8681/1 7737/8680/1 7927/8883/1 7924/8880/1 
f 7929/8885/1 7928/8884/1 7927/8883/1 7930/8886/1 
f 7737/8680/1 7739/8682/1 7930/8886/1 7927/8883/1 
f 7931/8887/1 7929/8885/1 7930/8886/1 7745/8688/1 
f 7739/8682/1 7741/8684/1 7745/8688/1 7930/8886/1 
f 7932/8888/1 7933/8889/1 7929/8885/1 7931/8887/1 
f 7934/8890/1 7932/8888/1 7931/8887/1 7748/8691/1 
f 7745/8688/1 7744/8687/1 7748/8691/1 7931/8887/1 
f 7935/8891/1 7936/8892/1 7932/8888/1 7934/8890/1 
f 7937/8893/1 7935/8891/1 7934/8890/1 7751/8694/1 
f 7748/8691/1 7747/8690/1 7751/8694/1 7934/8890/1 
f 7938/8894/1 7939/8895/1 7935/8896/1 7937/8897/1 
f 7940/8898/1 7938/8899/1 7937/8893/1 7941/8900/1 
f 7751/8694/1 7750/8693/1 7941/8900/1 7937/8893/1 
f 7942/8901/1 7940/8898/1 7941/8900/1 7943/8902/1 
f 7750/8693/1 7752/8695/1 7943/8902/1 7941/8900/1 
f 4603/5166/1 7942/8901/1 7943/8902/1 4604/5167/1 
f 7752/8695/1 4605/5168/1 4604/5167/1 7943/8902/1 
f 7944/8903/1 7940/8904/1 7942/8905/1 7945/8906/1 
f 4603/8907/1 7946/8908/1 7945/8906/1 7942/8905/1 
f 7947/8909/1 7945/8906/1 7946/8908/1 7948/8910/1 
f 7949/8911/1 7950/8912/1 7948/8910/1 7946/8908/1 
f 4597/8913/1 7949/8911/1 7946/8908/1 4603/8907/1 
f 7951/8914/1 7952/8915/1 7950/8912/1 7949/8911/1 
f 4596/8916/1 7951/8914/1 7949/8911/1 4597/8913/1 
f 7953/8917/1 7954/8918/1 7952/8915/1 7951/8914/1 
f 7955/8919/1 7953/8917/1 7951/8914/1 4596/8916/1 
f 4566/5120/1 7953/8917/1 7955/8919/1 4582/5143/1 
f 4582/5143/1 7955/8919/1 7956/8920/1 4581/5142/1 
f 4595/5158/1 7956/8921/1 7955/8922/1 4596/5159/1 
f 4581/8923/1 7956/8921/1 7957/8924/1 7958/8925/1 
f 4600/5163/1 7957/8924/1 7956/8921/1 4595/5158/1 
f 7958/8925/1 7957/8924/1 7959/8926/1 7960/8927/1 
f 7957/8924/1 4600/5163/1 7961/8928/1 7959/8926/1 
f 7959/8929/1 7961/8930/1 7962/8931/1 7963/8932/1 
f 7964/8933/1 7962/8934/1 7961/8928/1 7965/8935/1 
f 4600/5163/1 4599/5162/1 7965/8935/1 7961/8928/1 
f 7759/8702/1 7964/8933/1 7965/8935/1 7757/8700/1 
f 4599/5162/1 4602/5165/1 7757/8700/1 7965/8935/1 
f 7966/8936/1 7967/8937/1 7962/8931/1 7964/8938/1 
f 7761/8704/1 7966/8936/1 7964/8938/1 7759/8705/1 
f 7968/8939/1 7969/8940/1 7967/8937/1 7966/8936/1 
f 7764/8709/1 7968/8939/1 7966/8936/1 7761/8704/1 
f 7970/8941/1 7971/8942/1 7969/8940/1 7968/8939/1 
f 7766/8711/1 7970/8941/1 7968/8939/1 7764/8709/1 
f 7972/8943/1 7973/8944/1 7971/8942/1 7970/8941/1 
f 7768/8713/1 7972/8943/1 7970/8941/1 7766/8711/1 
f 7974/8945/1 7973/8944/1 7972/8943/1 7975/8946/1 
f 7770/8715/1 7975/8946/1 7972/8943/1 7768/8713/1 
f 7976/8947/1 7977/8948/1 7974/8945/1 7975/8946/1 
f 7771/8716/1 7976/8947/1 7975/8946/1 7770/8715/1 
f 7978/8949/1 7979/8950/1 7977/8948/1 7976/8947/1 
f 7771/8716/1 7773/8718/1 7978/8949/1 7976/8947/1 
f 7779/8724/1 7980/8951/1 7979/8950/1 7978/8949/1 
f 7773/8718/1 7777/8722/1 7779/8724/1 7978/8949/1 
f 7981/8952/1 7979/8950/1 7980/8951/1 7982/8953/1 
f 7782/8727/1 7983/8954/1 7982/8953/1 7980/8951/1 
f 7780/8725/1 7782/8727/1 7980/8951/1 7779/8724/1 
f 7984/8955/1 7982/8953/1 7983/8954/1 7985/8956/1 
f 7985/8956/1 7983/8954/1 7785/8730/1 7986/8957/1 
f 7783/8728/1 7785/8730/1 7983/8954/1 7782/8727/1 
f 7985/8958/1 7986/8959/1 7987/8960/1 7988/8961/1 
f 7987/8960/1 7986/8959/1 7989/8962/1 7990/8963/1 
f 7989/8964/1 7986/8957/1 7785/8730/1 7786/8731/1 
f 7990/8963/1 7989/8962/1 7991/8965/1 7992/8966/1 
f 7991/8967/1 7989/8964/1 7786/8731/1 7788/8733/1 
f 7992/8966/1 7991/8965/1 7793/8968/1 7993/8969/1 
f 7793/8738/1 7991/8967/1 7788/8733/1 7790/8735/1 
f 7994/8970/1 7992/8966/1 7993/8969/1 7995/8971/1 
f 7995/8971/1 7993/8969/1 7796/8743/1 7996/8972/1 
f 7796/8743/1 7993/8969/1 7793/8968/1 7792/8740/1 
f 7997/8973/1 7995/8971/1 7996/8972/1 7998/8974/1 
f 7799/8747/1 7999/8975/1 7998/8974/1 7996/8972/1 
f 7799/8747/1 7996/8972/1 7796/8743/1 7795/8742/1 
f 8000/8976/1 7998/8974/1 7999/8975/1 8001/8977/1 
f 7802/8751/1 7804/8753/1 8001/8977/1 7999/8975/1 
f 7798/8746/1 7802/8751/1 7999/8975/1 7799/8747/1 
f 8002/8978/1 8000/8976/1 8001/8977/1 8003/8979/1 
f 7804/8753/1 8004/8980/1 8003/8979/1 8001/8977/1 
f 8005/8981/1 8003/8979/1 8004/8980/1 8006/8982/1 
f 7807/8756/1 8007/8983/1 8006/8982/1 8004/8980/1 
f 7805/8754/1 7807/8756/1 8004/8980/1 7804/8753/1 
f 8008/8984/1 8006/8982/1 8007/8983/1 8009/8985/1 
f 8010/8986/1 8009/8985/1 8007/8983/1 7810/8759/1 
f 7808/8757/1 7810/8759/1 8007/8983/1 7807/8756/1 
f 8011/8987/1 8009/8985/1 8010/8986/1 8012/8988/1 
f 8013/8989/1 8012/8988/1 8010/8986/1 8014/8990/1 
f 7811/8760/1 8014/8990/1 8010/8986/1 7810/8759/1 
f 8015/8991/1 8013/8989/1 8014/8990/1 8016/8992/1 
f 7813/8762/1 8016/8992/1 8014/8990/1 7811/8760/1 
f 8017/8993/1 8015/8991/1 8016/8992/1 8018/8994/1 
f 7815/8764/1 8018/8994/1 8016/8992/1 7813/8762/1 
f 8019/8995/1 8017/8993/1 8018/8994/1 8020/8996/1 
f 7815/8764/1 7816/8765/1 8020/8996/1 8018/8994/1 
f 8021/8997/1 8019/8995/1 8020/8996/1 8022/8998/1 
f 7816/8765/1 7818/8767/1 8022/8998/1 8020/8996/1 
f 8023/8999/1 8021/8997/1 8022/8998/1 7826/8775/1 
f 7818/8767/1 7820/8769/1 7826/8775/1 8022/8998/1 
f 8024/9000/1 8025/9001/1 8021/8997/1 8023/8999/1 
f 8026/9002/1 8024/9003/1 8023/9004/1 7829/8781/1 
f 7826/8775/1 7825/8774/1 7829/9005/1 8023/8999/1 
f 8027/9006/1 8028/9007/1 8024/9003/1 8026/9002/1 
f 8029/9008/1 8027/9006/1 8026/9002/1 7832/8784/1 
f 7829/8781/1 7828/8780/1 7832/8784/1 8026/9002/1 
f 8030/9009/1 8031/9010/1 8027/9006/1 8029/9008/1 
f 8032/9011/1 8030/9009/1 8029/9008/1 8033/9012/1 
f 7832/8784/1 7831/8783/1 8033/9012/1 8029/9008/1 
f 8034/9013/1 8032/9011/1 8033/9012/1 8035/9014/1 
f 7831/8783/1 7833/8785/1 8035/9014/1 8033/9012/1 
f 8036/9015/1 8034/9013/1 8035/9014/1 8037/9016/1 
f 7833/8785/1 7835/8787/1 8037/9016/1 8035/9014/1 
f 8038/9017/1 8036/9015/1 8037/9016/1 8039/9018/1 
f 7835/8787/1 7837/8789/1 8039/9018/1 8037/9016/1 
f 8040/9019/1 8038/9017/1 8039/9018/1 8041/9020/1 
f 7837/8789/1 7839/8791/1 8041/9020/1 8039/9018/1 
f 8042/9021/1 8040/9019/1 8041/9020/1 8043/9022/1 
f 7839/8791/1 7841/8793/1 8043/9022/1 8041/9020/1 
f 8044/9023/1 8042/9021/1 8043/9022/1 8045/9024/1 
f 7841/8793/1 8046/9025/1 8045/9024/1 8043/9022/1 
f 8047/9026/1 8045/9024/1 8046/9025/1 8048/9027/1 
f 7844/8796/1 8049/9028/1 8048/9027/1 8046/9025/1 
f 7842/8794/1 7844/8796/1 8046/9025/1 7841/8793/1 
f 8050/9029/1 8048/9027/1 8049/9028/1 8051/9030/1 
f 7847/8799/1 8052/9031/1 8051/9030/1 8049/9028/1 
f 7845/8797/1 7847/8799/1 8049/9028/1 7844/8796/1 
f 7859/8811/1 8051/9030/1 8052/9031/1 7857/8809/1 
f 7850/8802/1 7852/8804/1 7857/8809/1 8052/9031/1 
f 7848/8800/1 7850/8802/1 8052/9031/1 7847/8799/1 
f 7861/8813/1 8050/9029/1 8051/9030/1 7859/8811/1 
f 8053/9032/1 8047/9026/1 8048/9027/1 8050/9029/1 
f 8054/9033/1 8053/9032/1 8050/9029/1 7861/8813/1 
f 8055/9034/1 8056/9035/1 8053/9032/1 8054/9033/1 
f 8057/9036/1 8055/9034/1 8054/9033/1 7864/8816/1 
f 7861/8813/1 7860/8812/1 7864/8816/1 8054/9033/1 
f 3742/4134/1 8055/9034/1 8057/9036/1 3743/4135/1 
f 3744/4136/1 3743/4135/1 8057/9036/1 7867/8819/1 
f 7864/8816/1 7863/8815/1 7867/8819/1 8057/9036/1 
f 7866/8818/1 3517/3880/1 3744/4136/1 7867/8819/1 
f 8058/9037/1 3746/9038/1 3745/9039/1 8059/9040/1 
f 3750/4144/1 8060/9041/1 8059/9042/1 3745/9043/1 
f 3551/3918/1 7869/8821/1 8060/9041/1 3750/4144/1 
f 8061/9044/1 8059/9042/1 8060/9041/1 7876/8828/1 
f 7869/8821/1 7873/8825/1 7876/8828/1 8060/9041/1 
f 8062/9045/1 8058/9037/1 8059/9040/1 8061/9046/1 
f 8063/9047/1 8062/9048/1 8061/9044/1 7879/8831/1 
f 7876/8828/1 7875/8827/1 7879/8831/1 8061/9044/1 
f 8064/9049/1 8065/9050/1 8062/9045/1 8063/9051/1 
f 8066/9052/1 8064/9053/1 8063/9047/1 7882/8834/1 
f 7879/8831/1 7878/8830/1 7882/8834/1 8063/9047/1 
f 8067/9054/1 8064/9049/1 8066/9055/1 8068/9056/1 
f 7885/8837/1 8069/9057/1 8068/9058/1 8066/9052/1 
f 7881/8833/1 7885/8837/1 8066/9052/1 7882/8834/1 
f 8070/9059/1 8068/9056/1 8069/9060/1 8071/9061/1 
f 7887/8842/1 7889/8841/1 8071/9061/1 8069/9060/1 
f 7884/8836/1 7887/8839/1 8069/9057/1 7885/8837/1 
f 8072/9062/1 8070/9059/1 8071/9061/1 8073/9063/1 
f 7889/8841/1 7891/8845/1 8073/9063/1 8071/9061/1 
f 8074/9064/1 8072/9062/1 8073/9063/1 8075/9065/1 
f 7891/8845/1 7893/8847/1 8075/9065/1 8073/9063/1 
f 8076/9066/1 8074/9064/1 8075/9065/1 8077/9067/1 
f 7893/8847/1 7895/8849/1 8077/9067/1 8075/9065/1 
f 8078/9068/1 8076/9066/1 8077/9067/1 8079/9069/1 
f 7895/8849/1 7897/8851/1 8079/9069/1 8077/9067/1 
f 8080/9070/1 8078/9068/1 8079/9069/1 8081/9071/1 
f 7897/8851/1 8082/9072/1 8081/9071/1 8079/9069/1 
f 8083/9073/1 8081/9071/1 8082/9072/1 8084/9074/1 
f 7900/8854/1 8085/9075/1 8084/9074/1 8082/9072/1 
f 7898/8852/1 7900/8854/1 8082/9072/1 7897/8851/1 
f 8086/9076/1 8084/9074/1 8085/9075/1 8087/9077/1 
f 7903/8857/1 8088/9078/1 8087/9077/1 8085/9075/1 
f 7901/8855/1 7903/8857/1 8085/9075/1 7900/8854/1 
f 8089/9079/1 8087/9077/1 8088/9078/1 8090/9080/1 
f 7906/8860/1 8091/9081/1 8090/9080/1 8088/9078/1 
f 7904/8858/1 7906/8860/1 8088/9078/1 7903/8857/1 
f 8092/9082/1 8090/9080/1 8091/9081/1 8093/9083/1 
f 8094/9084/1 8095/9085/1 8093/9083/1 8091/9081/1 
f 7907/8861/1 8094/9084/1 8091/9081/1 7906/8860/1 
f 8096/9086/1 8097/9087/1 8095/9085/1 8094/9084/1 
f 7908/8862/1 8096/9086/1 8094/9084/1 7907/8861/1 
f 8098/9088/1 8099/9089/1 8097/9087/1 8096/9086/1 
f 7911/8865/1 8098/9088/1 8096/9086/1 7908/8862/1 
f 8100/9090/1 8101/9091/1 8099/9089/1 8098/9088/1 
f 7913/8867/1 8100/9090/1 8098/9088/1 7911/8865/1 
f 8101/9091/1 8100/9090/1 8102/9092/1 8103/9093/1 
f 8102/9092/1 8100/9090/1 7913/8867/1 7914/8868/1 
f 8103/9094/1 8102/9095/1 7926/8882/1 7925/8881/1 
f 7926/9096/1 8102/9092/1 7914/8868/1 7917/8871/1 
f 8101/9091/1 8103/9093/1 8104/9097/1 8105/9098/1 
f 8104/9099/1 8103/9094/1 7925/8881/1 7928/8884/1 
f 7933/9100/1 8106/9101/1 8105/9098/1 8104/9097/1 
f 7928/8884/1 7929/8885/1 7933/8889/1 8104/9099/1 
f 8107/9102/1 8108/9103/1 8105/9098/1 8106/9101/1 
f 8109/9104/1 8107/9102/1 8106/9101/1 7936/9105/1 
f 7933/8889/1 7932/8888/1 7936/8892/1 8106/9106/1 
f 8110/9107/1 8111/9108/1 8107/9102/1 8109/9104/1 
f 8112/9109/1 8110/9107/1 8109/9104/1 7939/8895/1 
f 7936/9105/1 7935/8896/1 7939/8895/1 8109/9104/1 
f 8113/9110/1 8114/9111/1 8110/9107/1 8112/9109/1 
f 8115/9112/1 8113/9110/1 8112/9109/1 8116/9113/1 
f 7939/8895/1 7938/8894/1 8116/9113/1 8112/9109/1 
f 7944/8903/1 8117/9114/1 8115/9112/1 8116/9113/1 
f 7938/8894/1 7940/8904/1 7944/8903/1 8116/9113/1 
f 8118/9115/1 8115/9112/1 8117/9114/1 8119/9116/1 
f 7947/8909/1 8120/9117/1 8119/9116/1 8117/9114/1 
f 7945/8906/1 7947/8909/1 8117/9114/1 7944/8903/1 
f 8121/9118/1 8119/9116/1 8120/9117/1 8122/9119/1 
f 8123/9120/1 8124/9121/1 8122/9119/1 8120/9117/1 
f 7948/8910/1 8123/9120/1 8120/9117/1 7947/8909/1 
f 8125/9122/1 8126/9123/1 8124/9121/1 8123/9120/1 
f 7950/8912/1 8125/9122/1 8123/9120/1 7948/8910/1 
f 8127/9124/1 8128/9125/1 8126/9123/1 8125/9122/1 
f 7952/8915/1 8127/9124/1 8125/9122/1 7950/8912/1 
f 8129/9126/1 8130/9127/1 8128/9125/1 8127/9124/1 
f 7954/8918/1 8129/9126/1 8127/9124/1 7952/8915/1 
f 8131/9128/1 8132/9129/1 8130/9127/1 8129/9126/1 
f 4567/5121/1 8131/9128/1 8129/9126/1 7954/8918/1 
f 8133/9130/1 8134/9131/1 8132/9129/1 8131/9128/1 
f 4565/5119/1 8133/9130/1 8131/9128/1 4567/5121/1 
f 8135/9132/1 8136/9133/1 8134/9131/1 8133/9130/1 
f 8135/9132/1 8133/9130/1 4565/5119/1 4550/5098/1 
f 8137/9134/1 8138/9135/1 8136/9133/1 8135/9132/1 
f 8137/9134/1 8135/9132/1 4550/5098/1 4548/5096/1 
f 8139/9136/1 8140/9137/1 8138/9135/1 8137/9134/1 
f 4547/5095/1 8139/9136/1 8137/9134/1 4548/5096/1 
f 8141/9138/1 8142/9139/1 8140/9137/1 8139/9136/1 
f 8143/9140/1 8141/9138/1 8139/9136/1 4547/5095/1 
f 8144/9141/1 8145/9142/1 8141/9138/1 8143/9140/1 
f 8146/9143/1 8144/9141/1 8143/9140/1 8147/9144/1 
f 4547/5095/1 4543/5091/1 8147/9144/1 8143/9140/1 
f 8148/9145/1 8146/9143/1 8147/9144/1 8149/9146/1 
f 8149/9146/1 8147/9144/1 4543/5091/1 4546/5094/1 
f 8150/9147/1 8148/9148/1 8149/9149/1 8151/9150/1 
f 8149/9149/1 4546/9151/1 8152/9152/1 8151/9150/1 
f 4546/9151/1 4545/5103/1 8153/9153/1 8152/9152/1 
f 7971/8942/1 8151/9150/1 8152/9152/1 7969/8940/1 
f 8153/9153/1 7967/8937/1 7969/8940/1 8152/9152/1 
f 8153/9153/1 4545/5103/1 4555/5106/1 7963/8932/1 
f 7963/8932/1 7962/8931/1 7967/8937/1 8153/9153/1 
f 7973/8944/1 8150/9147/1 8151/9150/1 7971/8942/1 
f 8154/9154/1 8155/9155/1 8148/9148/1 8150/9147/1 
f 7974/8945/1 8154/9154/1 8150/9147/1 7973/8944/1 
f 8156/9156/1 8157/9157/1 8155/9155/1 8154/9154/1 
f 7977/8948/1 8156/9156/1 8154/9154/1 7974/8945/1 
f 7981/8952/1 8158/9158/1 8157/9157/1 8156/9156/1 
f 7979/8950/1 7981/8952/1 8156/9156/1 7977/8948/1 
f 8159/9159/1 8157/9160/1 8158/9161/1 8160/9162/1 
f 8161/9163/1 8160/9162/1 8158/9161/1 7984/9164/1 
f 7982/8953/1 7984/8955/1 8158/9158/1 7981/8952/1 
f 8162/9165/1 8163/9166/1 8160/9162/1 8161/9163/1 
f 8164/9167/1 8162/9165/1 8161/9163/1 7988/8961/1 
f 7984/9164/1 7985/8958/1 7988/8961/1 8161/9163/1 
f 8165/9168/1 8166/9169/1 8162/9165/1 8164/9167/1 
f 8167/9170/1 8165/9168/1 8164/9167/1 8168/9171/1 
f 7988/8961/1 7987/8960/1 8168/9171/1 8164/9167/1 
f 8169/9172/1 8170/9173/1 8167/9170/1 8168/9171/1 
f 7987/8960/1 7990/8963/1 8169/9172/1 8168/9171/1 
f 7994/8970/1 8171/9174/1 8170/9173/1 8169/9172/1 
f 7992/8966/1 7994/8970/1 8169/9172/1 7990/8963/1 
f 8172/9175/1 8170/9173/1 8171/9174/1 8173/9176/1 
f 7997/8973/1 8174/9177/1 8173/9176/1 8171/9174/1 
f 7995/8971/1 7997/8973/1 8171/9174/1 7994/8970/1 
f 8175/9178/1 8173/9176/1 8174/9177/1 8176/9179/1 
f 8000/8976/1 8002/8978/1 8176/9179/1 8174/9177/1 
f 7998/8974/1 8000/8976/1 8174/9177/1 7997/8973/1 
f 8177/9180/1 8175/9178/1 8176/9179/1 8178/9181/1 
f 8002/8978/1 8179/9182/1 8178/9181/1 8176/9179/1 
f 8180/9183/1 8178/9181/1 8179/9182/1 8181/9184/1 
f 8005/8981/1 8182/9185/1 8181/9184/1 8179/9182/1 
f 8003/8979/1 8005/8981/1 8179/9182/1 8002/8978/1 
f 8183/9186/1 8181/9184/1 8182/9185/1 8184/9187/1 
f 8185/9188/1 8184/9187/1 8182/9185/1 8008/8984/1 
f 8006/8982/1 8008/8984/1 8182/9185/1 8005/8981/1 
f 8186/9189/1 8184/9187/1 8185/9188/1 8187/9190/1 
f 8011/8987/1 8188/9191/1 8187/9190/1 8185/9188/1 
f 8009/8985/1 8011/8987/1 8185/9188/1 8008/8984/1 
f 8189/9192/1 8187/9190/1 8188/9191/1 8190/9193/1 
f 8191/9194/1 8192/9195/1 8190/9193/1 8188/9191/1 
f 8012/8988/1 8191/9194/1 8188/9191/1 8011/8987/1 
f 8193/9196/1 8194/9197/1 8192/9195/1 8191/9194/1 
f 8013/8989/1 8193/9196/1 8191/9194/1 8012/8988/1 
f 8195/9198/1 8196/9199/1 8194/9197/1 8193/9196/1 
f 8013/8989/1 8015/8991/1 8195/9198/1 8193/9196/1 
f 8197/9200/1 8196/9199/1 8195/9198/1 8198/9201/1 
f 8015/8991/1 8017/8993/1 8198/9201/1 8195/9198/1 
f 8199/9202/1 8197/9203/1 8198/9204/1 8200/9205/1 
f 8017/8993/1 8019/8995/1 8200/9206/1 8198/9201/1 
f 8201/9207/1 8199/9202/1 8200/9205/1 8025/9208/1 
f 8021/8997/1 8025/9001/1 8200/9206/1 8019/8995/1 
f 8202/9209/1 8203/9210/1 8199/9202/1 8201/9207/1 
f 8204/9211/1 8202/9209/1 8201/9207/1 8028/9007/1 
f 8025/9208/1 8024/9003/1 8028/9007/1 8201/9207/1 
f 3896/4309/1 3895/4308/1 8202/9209/1 8204/9211/1 
f 3897/4310/1 3896/4309/1 8204/9211/1 8031/9010/1 
f 8028/9007/1 8027/9006/1 8031/9010/1 8204/9211/1 
f 8031/9010/1 8030/9009/1 3898/4311/1 3897/4310/1 
f 8032/9011/1 3899/4312/1 3898/4311/1 8030/9009/1 
f 8038/9017/1 3900/4313/1 3901/4314/1 8036/9015/1 
f 8034/9013/1 8036/9015/1 3901/4314/1 3902/4315/1 
f 8038/9017/1 8040/9019/1 3903/4316/1 3900/4313/1 
f 8040/9019/1 8042/9021/1 3904/4317/1 3903/4316/1 
f 8042/9021/1 8044/9023/1 3905/4318/1 3904/4317/1 
f 8044/9023/1 8205/9212/1 3906/4319/1 3905/4318/1 
f 8056/9035/1 8055/9034/1 3742/4134/1 3908/4321/1 
f 8205/9212/1 8056/9035/1 3908/4321/1 3906/4319/1 
f 8047/9026/1 8053/9032/1 8056/9035/1 8205/9212/1 
f 8045/9024/1 8047/9026/1 8205/9212/1 8044/9023/1 
f 3912/9213/1 3911/9214/1 8206/9215/1 8207/9216/1 
f 8206/9215/1 3911/9214/1 305/5236/1 4661/5235/1 
f 8208/9217/1 8209/9218/1 8207/9216/1 8206/9215/1 
f 8208/9217/1 8206/9215/1 4661/5235/1 4663/5238/1 
f 8210/9219/1 8211/9220/1 8209/9218/1 8208/9217/1 
f 4665/5240/1 8210/9219/1 8208/9217/1 4663/5238/1 
f 8212/9221/1 8213/9222/1 8211/9220/1 8210/9219/1 
f 8214/9223/1 8212/9221/1 8210/9219/1 4665/5240/1 
f 4665/5240/1 4664/5239/1 8215/9224/1 8214/9223/1 
f 8216/9225/1 8217/9226/1 8212/9221/1 8214/9223/1 
f 8218/9227/1 8216/9225/1 8214/9223/1 8215/9224/1 
f 8215/9224/1 8219/9228/1 8220/9229/1 8218/9227/1 
f 8076/9066/1 8078/9068/1 8216/9225/1 8218/9227/1 
f 8074/9064/1 8076/9066/1 8218/9227/1 8220/9229/1 
f 4666/5241/1 4699/5274/1 4703/5280/1 8219/9228/1 
f 4664/5239/1 4666/5241/1 8219/9228/1 8215/9224/1 
f 8221/9230/1 8220/9229/1 8219/9228/1 4703/5280/1 
f 4703/5280/1 4702/5279/1 8222/9231/1 8221/9230/1 
f 8072/9062/1 8074/9064/1 8220/9229/1 8221/9230/1 
f 8070/9059/1 8072/9062/1 8221/9230/1 8222/9231/1 
f 4705/5282/1 8067/9054/1 8222/9231/1 4702/5279/1 
f 8068/9056/1 8070/9059/1 8222/9231/1 8067/9054/1 
f 8078/9068/1 8080/9070/1 8217/9226/1 8216/9225/1 
f 8213/9222/1 8212/9221/1 8217/9226/1 8223/9232/1 
f 8080/9070/1 8224/9233/1 8223/9232/1 8217/9226/1 
f 8225/9234/1 8223/9232/1 8224/9233/1 8226/9235/1 
f 8083/9073/1 8227/9236/1 8226/9235/1 8224/9233/1 
f 8081/9071/1 8083/9073/1 8224/9233/1 8080/9070/1 
f 8228/9237/1 8226/9235/1 8227/9236/1 8229/9238/1 
f 8086/9076/1 8230/9239/1 8229/9238/1 8227/9236/1 
f 8084/9074/1 8086/9076/1 8227/9236/1 8083/9073/1 
f 8231/9240/1 8229/9238/1 8230/9239/1 8232/9241/1 
f 8089/9079/1 8233/9242/1 8232/9241/1 8230/9239/1 
f 8087/9077/1 8089/9079/1 8230/9239/1 8086/9076/1 
f 8234/9243/1 8232/9241/1 8233/9242/1 8235/9244/1 
f 8092/9082/1 8236/9245/1 8235/9244/1 8233/9242/1 
f 8090/9080/1 8092/9082/1 8233/9242/1 8089/9079/1 
f 8237/9246/1 8235/9244/1 8236/9245/1 8238/9247/1 
f 8239/9248/1 8240/9249/1 8238/9247/1 8236/9245/1 
f 8093/9083/1 8239/9248/1 8236/9245/1 8092/9082/1 
f 8241/9250/1 8242/9251/1 8240/9249/1 8239/9248/1 
f 8095/9085/1 8241/9250/1 8239/9248/1 8093/9083/1 
f 8243/9252/1 8111/9108/1 8242/9251/1 8241/9250/1 
f 8097/9087/1 8243/9252/1 8241/9250/1 8095/9085/1 
f 8108/9103/1 8107/9102/1 8111/9108/1 8243/9252/1 
f 8099/9089/1 8108/9103/1 8243/9252/1 8097/9087/1 
f 8244/9253/1 8240/9249/1 8242/9251/1 8114/9111/1 
f 8111/9108/1 8110/9107/1 8114/9111/1 8242/9251/1 
f 8245/9254/1 8238/9247/1 8240/9249/1 8244/9253/1 
f 8246/9255/1 8245/9254/1 8244/9253/1 8247/9256/1 
f 8114/9111/1 8113/9110/1 8247/9256/1 8244/9253/1 
f 8118/9115/1 8248/9257/1 8246/9255/1 8247/9256/1 
f 8113/9110/1 8115/9112/1 8118/9115/1 8247/9256/1 
f 8249/9258/1 8246/9255/1 8248/9257/1 8250/9259/1 
f 8121/9118/1 8251/9260/1 8250/9259/1 8248/9257/1 
f 8119/9116/1 8121/9118/1 8248/9257/1 8118/9115/1 
f 8252/9261/1 8250/9259/1 8251/9260/1 8253/9262/1 
f 8254/9263/1 8255/9264/1 8253/9262/1 8251/9260/1 
f 8122/9119/1 8254/9263/1 8251/9260/1 8121/9118/1 
f 8256/9265/1 8257/9266/1 8255/9264/1 8254/9263/1 
f 8124/9121/1 8256/9265/1 8254/9263/1 8122/9119/1 
f 8258/9267/1 8259/9268/1 8257/9266/1 8256/9265/1 
f 8126/9123/1 8258/9267/1 8256/9265/1 8124/9121/1 
f 8260/9269/1 8261/9270/1 8259/9268/1 8258/9267/1 
f 8128/9125/1 8260/9269/1 8258/9267/1 8126/9123/1 
f 8262/9271/1 8263/9272/1 8261/9270/1 8260/9269/1 
f 8128/9125/1 8130/9127/1 8262/9271/1 8260/9269/1 
f 8264/9273/1 8265/9274/1 8263/9272/1 8262/9271/1 
f 8132/9129/1 8264/9273/1 8262/9271/1 8130/9127/1 
f 8266/9275/1 8267/9276/1 8265/9274/1 8264/9273/1 
f 8134/9131/1 8266/9275/1 8264/9273/1 8132/9129/1 
f 8268/9277/1 8269/9278/1 8267/9276/1 8266/9275/1 
f 8136/9133/1 8268/9277/1 8266/9275/1 8134/9131/1 
f 8270/9279/1 8269/9278/1 8268/9277/1 8271/9280/1 
f 8138/9135/1 8271/9280/1 8268/9277/1 8136/9133/1 
f 8272/9281/1 8273/9282/1 8270/9279/1 8271/9280/1 
f 8140/9137/1 8272/9281/1 8271/9280/1 8138/9135/1 
f 8274/9283/1 8275/9284/1 8273/9282/1 8272/9281/1 
f 8142/9139/1 8274/9283/1 8272/9281/1 8140/9137/1 
f 8276/9285/1 8277/9286/1 8275/9284/1 8274/9283/1 
f 8278/9287/1 8276/9285/1 8274/9283/1 8142/9139/1 
f 8279/9288/1 8280/9289/1 8276/9285/1 8278/9287/1 
f 8281/9290/1 8279/9288/1 8278/9287/1 8145/9142/1 
f 8142/9139/1 8141/9138/1 8145/9142/1 8278/9287/1 
f 8282/9291/1 8283/9292/1 8279/9288/1 8281/9290/1 
f 8284/9293/1 8282/9291/1 8281/9290/1 8285/9294/1 
f 8145/9142/1 8144/9141/1 8285/9294/1 8281/9290/1 
f 8286/9295/1 8159/9159/1 8284/9293/1 8285/9294/1 
f 8144/9141/1 8146/9143/1 8286/9295/1 8285/9294/1 
f 8155/9296/1 8157/9160/1 8159/9159/1 8286/9295/1 
f 8146/9143/1 8148/9145/1 8155/9296/1 8286/9295/1 
f 8163/9166/1 8287/9297/1 8282/9291/1 8284/9293/1 
f 8159/9159/1 8160/9162/1 8163/9166/1 8284/9293/1 
f 8283/9292/1 8282/9291/1 8287/9297/1 8288/9298/1 
f 8166/9169/1 8289/9299/1 8288/9298/1 8287/9297/1 
f 8162/9165/1 8166/9169/1 8287/9297/1 8163/9166/1 
f 8290/9300/1 8288/9298/1 8289/9299/1 8291/9301/1 
f 8292/9302/1 8293/9303/1 8291/9301/1 8289/9299/1 
f 8165/9168/1 8292/9302/1 8289/9299/1 8166/9169/1 
f 8294/9304/1 8295/9305/1 8293/9303/1 8292/9302/1 
f 8167/9170/1 8294/9304/1 8292/9302/1 8165/9168/1 
f 8172/9175/1 8296/9306/1 8295/9305/1 8294/9304/1 
f 8170/9173/1 8172/9175/1 8294/9304/1 8167/9170/1 
f 8297/9307/1 8295/9305/1 8296/9306/1 8298/9308/1 
f 8175/9178/1 8177/9180/1 8298/9308/1 8296/9306/1 
f 8173/9176/1 8175/9178/1 8296/9306/1 8172/9175/1 
f 8299/9309/1 8297/9307/1 8298/9308/1 8300/9310/1 
f 8177/9180/1 8301/9311/1 8300/9310/1 8298/9308/1 
f 8302/9312/1 8300/9310/1 8301/9311/1 8303/9313/1 
f 8304/9314/1 8303/9313/1 8301/9311/1 8180/9183/1 
f 8178/9181/1 8180/9183/1 8301/9311/1 8177/9180/1 
f 8305/9315/1 8306/9316/1 8303/9313/1 8304/9314/1 
f 8307/9317/1 8305/9315/1 8304/9314/1 8183/9186/1 
f 8181/9184/1 8183/9186/1 8304/9314/1 8180/9183/1 
f 8308/9318/1 8305/9315/1 8307/9317/1 8309/9319/1 
f 8186/9189/1 8310/9320/1 8309/9319/1 8307/9317/1 
f 8184/9187/1 8186/9189/1 8307/9317/1 8183/9186/1 
f 8311/9321/1 8309/9319/1 8310/9320/1 8312/9322/1 
f 8189/9192/1 8313/9323/1 8312/9322/1 8310/9320/1 
f 8187/9190/1 8189/9192/1 8310/9320/1 8186/9189/1 
f 8314/9324/1 8312/9322/1 8313/9323/1 8315/9325/1 
f 8316/9326/1 8317/9327/1 8315/9325/1 8313/9323/1 
f 8190/9193/1 8316/9326/1 8313/9323/1 8189/9192/1 
f 8318/9328/1 8319/9329/1 8317/9327/1 8316/9326/1 
f 8192/9195/1 8318/9328/1 8316/9326/1 8190/9193/1 
f 8320/9330/1 8321/9331/1 8319/9329/1 8318/9328/1 
f 8194/9197/1 8320/9330/1 8318/9328/1 8192/9195/1 
f 4382/4875/1 8317/9327/1 8319/9329/1 4027/9332/1 
f 4383/4878/1 8315/9325/1 8317/9327/1 4382/4875/1 
f 8322/9333/1 8314/9324/1 8315/9325/1 4383/4878/1 
f 8323/9334/1 8322/9333/1 4030/9335/1 4029/9336/1 
f 4030/9335/1 8322/9333/1 4383/4878/1 2/4877/1 
f 8324/9337/1 8314/9324/1 8322/9333/1 8323/9334/1 
f 8323/9334/1 8325/9338/1 8326/9339/1 8324/9337/1 
f 8312/9322/1 8314/9324/1 8324/9337/1 8311/9321/1 
f 8327/9340/1 8311/9321/1 8324/9337/1 8326/9339/1 
f 8328/9341/1 8329/9342/1 8327/9340/1 8326/9339/1 
f 8309/9319/1 8311/9321/1 8327/9340/1 8308/9318/1 
f 8330/9343/1 8308/9318/1 8327/9340/1 8329/9342/1 
f 8329/9342/1 8331/9344/1 8332/9345/1 8330/9343/1 
f 8306/9316/1 8305/9315/1 8308/9318/1 8330/9343/1 
f 8333/9346/1 8306/9316/1 8330/9343/1 8332/9345/1 
f 8332/9345/1 8334/9347/1 8335/9348/1 8333/9346/1 
f 8302/9312/1 8303/9313/1 8306/9316/1 8333/9346/1 
f 8336/9349/1 8302/9312/1 8333/9346/1 8335/9348/1 
f 8335/9348/1 8337/9350/1 8338/9351/1 8336/9349/1 
f 8300/9310/1 8302/9312/1 8336/9349/1 8299/9309/1 
f 8339/9352/1 8299/9309/1 8336/9349/1 8338/9351/1 
f 8340/9353/1 8341/9354/1 8339/9352/1 8338/9351/1 
f 8297/9307/1 8299/9309/1 8339/9352/1 8342/9355/1 
f 8343/9356/1 8342/9355/1 8339/9352/1 8341/9354/1 
f 8344/9357/1 8345/9358/1 8343/9356/1 8341/9354/1 
f 8293/9303/1 8342/9355/1 8343/9356/1 8291/9301/1 
f 8345/9358/1 8290/9300/1 8291/9301/1 8343/9356/1 
f 8346/9359/1 8347/9360/1 8344/9357/1 8348/9361/1 
f 8340/9353/1 8348/9361/1 8344/9357/1 8341/9354/1 
f 8347/9360/1 8349/9362/1 8345/9358/1 8344/9357/1 
f 8350/9363/1 8351/9364/1 8349/9362/1 8347/9360/1 
f 8290/9300/1 8345/9358/1 8349/9362/1 8352/9365/1 
f 8351/9364/1 8280/9289/1 8352/9365/1 8349/9362/1 
f 8288/9298/1 8290/9300/1 8352/9365/1 8283/9292/1 
f 8280/9289/1 8279/9288/1 8283/9292/1 8352/9365/1 
f 8353/9366/1 8354/9367/1 8350/9363/1 8355/9368/1 
f 8347/9360/1 8346/9359/1 8355/9368/1 8350/9363/1 
f 8354/9367/1 8277/9286/1 8351/9364/1 8350/9363/1 
f 8356/9369/1 8357/9370/1 8353/9366/1 8355/9368/1 
f 8358/9371/1 8356/9369/1 8355/9368/1 8346/9359/1 
f 8359/9372/1 8360/9373/1 8356/9369/1 8358/9371/1 
f 8361/9374/1 8359/9372/1 8358/9371/1 8362/9375/1 
f 8346/9359/1 8348/9361/1 8362/9375/1 8358/9371/1 
f 8363/9376/1 8361/9374/1 8362/9375/1 8364/9377/1 
f 8348/9361/1 8340/9353/1 8364/9377/1 8362/9375/1 
f 8365/9378/1 8363/9376/1 8364/9377/1 8337/9350/1 
f 8340/9353/1 8338/9351/1 8337/9350/1 8364/9377/1 
f 8366/9379/1 8363/9376/1 8365/9378/1 8367/9380/1 
f 8368/9381/1 8367/9380/1 8365/9378/1 8334/9347/1 
f 8337/9350/1 8335/9348/1 8334/9347/1 8365/9378/1 
f 8369/9382/1 8367/9380/1 8368/9381/1 8370/9383/1 
f 8331/9344/1 8371/9384/1 8370/9383/1 8368/9381/1 
f 8334/9347/1 8332/9345/1 8331/9344/1 8368/9381/1 
f 8370/9385/1 8371/9386/1 8372/9387/1 8373/9388/1 
f 8372/9389/1 8371/9384/1 8328/9341/1 8374/9390/1 
f 8329/9342/1 8328/9341/1 8371/9384/1 8331/9344/1 
f 8372/9389/1 8374/9390/1 4084/9391/1 4083/9392/1 
f 4084/9391/1 8374/9390/1 8325/9338/1 4085/9393/1 
f 8326/9339/1 8325/9338/1 8374/9390/1 8328/9341/1 
f 4029/9336/1 4085/9393/1 8325/9338/1 8323/9334/1 
f 4089/9394/1 4088/9395/1 8375/9396/1 8376/9397/1 
f 8207/9216/1 8375/9396/1 4088/9395/1 3912/9213/1 
f 8377/9398/1 8378/9399/1 8376/9397/1 8375/9396/1 
f 8209/9218/1 8377/9398/1 8375/9396/1 8207/9216/1 
f 8379/9400/1 8380/9401/1 8378/9399/1 8377/9398/1 
f 8211/9220/1 8379/9400/1 8377/9398/1 8209/9218/1 
f 8381/9402/1 8382/9403/1 8380/9401/1 8379/9400/1 
f 8213/9222/1 8381/9402/1 8379/9400/1 8211/9220/1 
f 8225/9234/1 8383/9404/1 8382/9403/1 8381/9402/1 
f 8223/9232/1 8225/9234/1 8381/9402/1 8213/9222/1 
f 8384/9405/1 8382/9403/1 8383/9404/1 8385/9406/1 
f 8228/9237/1 8386/9407/1 8385/9406/1 8383/9404/1 
f 8226/9235/1 8228/9237/1 8383/9404/1 8225/9234/1 
f 8387/9408/1 8385/9406/1 8386/9407/1 8388/9409/1 
f 8231/9240/1 8389/9410/1 8388/9409/1 8386/9407/1 
f 8229/9238/1 8231/9240/1 8386/9407/1 8228/9237/1 
f 8390/9411/1 8388/9409/1 8389/9410/1 8391/9412/1 
f 8234/9243/1 8392/9413/1 8391/9412/1 8389/9410/1 
f 8232/9241/1 8234/9243/1 8389/9410/1 8231/9240/1 
f 8393/9414/1 8391/9412/1 8392/9413/1 8394/9415/1 
f 8237/9246/1 8395/9416/1 8394/9415/1 8392/9413/1 
f 8235/9244/1 8237/9246/1 8392/9413/1 8234/9243/1 
f 8396/9417/1 8394/9415/1 8395/9416/1 8249/9258/1 
f 8245/9254/1 8246/9255/1 8249/9258/1 8395/9416/1 
f 8238/9247/1 8245/9254/1 8395/9416/1 8237/9246/1 
f 8397/9418/1 8393/9414/1 8394/9415/1 8396/9417/1 
f 8398/9419/1 8397/9418/1 8396/9417/1 8252/9261/1 
f 8250/9259/1 8252/9261/1 8396/9417/1 8249/9258/1 
f 8399/9420/1 8397/9418/1 8398/9419/1 8400/9421/1 
f 8401/9422/1 8402/9423/1 8400/9421/1 8398/9419/1 
f 8253/9262/1 8401/9422/1 8398/9419/1 8252/9261/1 
f 8403/9424/1 8404/9425/1 8402/9423/1 8401/9422/1 
f 8255/9264/1 8403/9424/1 8401/9422/1 8253/9262/1 
f 8405/9426/1 8406/9427/1 8404/9425/1 8403/9424/1 
f 8257/9266/1 8405/9426/1 8403/9424/1 8255/9264/1 
f 8407/9428/1 8408/9429/1 8406/9427/1 8405/9426/1 
f 8259/9268/1 8407/9428/1 8405/9426/1 8257/9266/1 
f 8409/9430/1 8410/9431/1 8408/9429/1 8407/9428/1 
f 8261/9270/1 8409/9430/1 8407/9428/1 8259/9268/1 
f 8411/9432/1 8412/9433/1 8410/9431/1 8409/9430/1 
f 8263/9272/1 8411/9432/1 8409/9430/1 8261/9270/1 
f 8413/9434/1 8414/9435/1 8412/9433/1 8411/9432/1 
f 8265/9274/1 8413/9434/1 8411/9432/1 8263/9272/1 
f 8415/9436/1 8416/9437/1 8414/9435/1 8413/9434/1 
f 8267/9276/1 8415/9436/1 8413/9434/1 8265/9274/1 
f 8417/9438/1 8418/9439/1 8416/9437/1 8415/9436/1 
f 8269/9278/1 8417/9438/1 8415/9436/1 8267/9276/1 
f 8419/9440/1 8420/9441/1 8418/9439/1 8417/9438/1 
f 8270/9279/1 8419/9440/1 8417/9438/1 8269/9278/1 
f 8421/9442/1 8422/9443/1 8420/9441/1 8419/9440/1 
f 8273/9282/1 8421/9442/1 8419/9440/1 8270/9279/1 
f 8423/9444/1 8424/9445/1 8422/9443/1 8421/9442/1 
f 8275/9284/1 8423/9444/1 8421/9442/1 8273/9282/1 
f 8354/9367/1 8353/9366/1 8424/9445/1 8423/9444/1 
f 8277/9286/1 8354/9367/1 8423/9444/1 8275/9284/1 
f 8425/9446/1 8422/9443/1 8424/9445/1 8426/9447/1 
f 8357/9370/1 8426/9447/1 8424/9445/1 8353/9366/1 
f 8427/9448/1 8428/9449/1 8425/9450/1 8426/9451/1 
f 8429/9452/1 8427/9448/1 8426/9451/1 8357/9453/1 
f 8430/9454/1 8431/9455/1 8427/9448/1 8429/9452/1 
f 8432/9456/1 8430/9454/1 8429/9452/1 8360/9457/1 
f 8357/9370/1 8356/9369/1 8360/9373/1 8429/9458/1 
f 8433/9459/1 8434/9460/1 8430/9454/1 8432/9456/1 
f 8435/9461/1 8433/9459/1 8432/9456/1 8436/9462/1 
f 8360/9457/1 8359/9463/1 8436/9462/1 8432/9456/1 
f 8437/9464/1 8438/9465/1 8435/9461/1 8436/9462/1 
f 8359/9372/1 8361/9374/1 8437/9466/1 8436/9467/1 
f 8366/9468/1 8439/9469/1 8438/9465/1 8437/9464/1 
f 8363/9376/1 8366/9379/1 8437/9466/1 8361/9374/1 
f 8440/9470/1 8438/9465/1 8439/9469/1 8441/9471/1 
f 8369/9472/1 8442/9473/1 8441/9471/1 8439/9469/1 
f 8367/9380/1 8369/9382/1 8439/9474/1 8366/9379/1 
f 4156/4575/1 8441/9471/1 8442/9473/1 4157/4576/1 
f 4157/4576/1 8442/9473/1 8373/9388/1 4158/4577/1 
f 8370/9385/1 8373/9388/1 8442/9473/1 8369/9472/1 
f 4083/4500/1 4158/4577/1 8373/9388/1 8372/9387/1 
f 4162/9475/1 4161/9476/1 8443/9477/1 8444/9478/1 
f 8443/9477/1 4161/9476/1 4089/9394/1 8376/9397/1 
f 8443/9477/1 8445/9479/1 8446/9480/1 8444/9478/1 
f 8378/9399/1 8445/9479/1 8443/9477/1 8376/9397/1 
f 8447/9481/1 8446/9480/1 8445/9479/1 8448/9482/1 
f 8378/9399/1 8380/9401/1 8448/9482/1 8445/9479/1 
f 8384/9405/1 8449/9483/1 8447/9481/1 8448/9482/1 
f 8382/9403/1 8384/9405/1 8448/9482/1 8380/9401/1 
f 8450/9484/1 8451/9485/1 8447/9481/1 8449/9483/1 
f 8387/9408/1 8452/9486/1 8450/9484/1 8449/9483/1 
f 8385/9406/1 8387/9408/1 8449/9483/1 8384/9405/1 
f 8453/9487/1 8450/9484/1 8452/9486/1 8454/9488/1 
f 8390/9411/1 8455/9489/1 8454/9488/1 8452/9486/1 
f 8388/9409/1 8390/9411/1 8452/9486/1 8387/9408/1 
f 8456/9490/1 8454/9488/1 8455/9489/1 8399/9420/1 
f 8393/9414/1 8397/9418/1 8399/9420/1 8455/9489/1 
f 8391/9412/1 8393/9414/1 8455/9489/1 8390/9411/1 
f 8453/9487/1 8454/9488/1 8456/9490/1 8457/9491/1 
f 8458/9492/1 8457/9491/1 8456/9490/1 8459/9493/1 
f 8399/9420/1 8400/9421/1 8459/9493/1 8456/9490/1 
f 8460/9494/1 8458/9492/1 8459/9493/1 8461/9495/1 
f 8402/9423/1 8461/9495/1 8459/9493/1 8400/9421/1 
f 8462/9496/1 8460/9494/1 8461/9495/1 8463/9497/1 
f 8404/9425/1 8463/9497/1 8461/9495/1 8402/9423/1 
f 8464/9498/1 8465/9499/1 8462/9496/1 8463/9497/1 
f 8406/9427/1 8464/9498/1 8463/9497/1 8404/9425/1 
f 8466/9500/1 8467/9501/1 8465/9499/1 8464/9498/1 
f 8408/9429/1 8466/9500/1 8464/9498/1 8406/9427/1 
f 8468/9502/1 8467/9501/1 8466/9500/1 8469/9503/1 
f 8410/9431/1 8469/9503/1 8466/9500/1 8408/9429/1 
f 8470/9504/1 8468/9502/1 8469/9503/1 8471/9505/1 
f 8412/9433/1 8471/9505/1 8469/9503/1 8410/9431/1 
f 8472/9506/1 8470/9504/1 8471/9505/1 8473/9507/1 
f 8414/9435/1 8473/9507/1 8471/9505/1 8412/9433/1 
f 8474/9508/1 8472/9506/1 8473/9507/1 8475/9509/1 
f 8416/9437/1 8475/9509/1 8473/9507/1 8414/9435/1 
f 8476/9510/1 8474/9508/1 8475/9509/1 8477/9511/1 
f 8418/9439/1 8477/9511/1 8475/9509/1 8416/9437/1 
f 8478/9512/1 8476/9513/1 8477/9514/1 8479/9515/1 
f 8420/9516/1 8479/9515/1 8477/9514/1 8418/9517/1 
f 8428/9449/1 8478/9512/1 8479/9515/1 8425/9450/1 
f 8422/9443/1 8425/9446/1 8479/9518/1 8420/9441/1 
f 8480/9519/1 8476/9513/1 8478/9512/1 8481/9520/1 
f 8482/9521/1 8481/9520/1 8478/9512/1 8428/9449/1 
f 8483/9522/1 8484/9523/1 8481/9520/1 8482/9521/1 
f 8485/9524/1 8483/9522/1 8482/9521/1 8431/9455/1 
f 8428/9449/1 8427/9448/1 8431/9455/1 8482/9521/1 
f 8486/9525/1 4387/4882/1 8483/9522/1 8485/9524/1 
f 8434/9460/1 8487/9526/1 8486/9525/1 8485/9524/1 
f 8431/9455/1 8430/9454/1 8434/9460/1 8485/9524/1 
f 4206/4627/1 8486/9525/1 8487/9526/1 4207/4628/1 
f 4208/4629/1 4207/4628/1 8487/9526/1 8488/9527/1 
f 8433/9459/1 8488/9527/1 8487/9526/1 8434/9460/1 
f 8489/9528/1 4210/4631/1 4208/4629/1 8488/9527/1 
f 8435/9461/1 8489/9528/1 8488/9527/1 8433/9459/1 
f 8440/9470/1 4212/4633/1 4210/4631/1 8489/9528/1 
f 8438/9465/1 8440/9470/1 8489/9528/1 8435/9461/1 
f 8441/9471/1 4156/4575/1 4212/4633/1 8440/9470/1 
f 8490/9529/1 4214/9530/1 4213/9531/1 8491/9532/1 
f 8491/9532/1 4213/9531/1 4162/9475/1 8444/9478/1 
f 8492/9533/1 8490/9529/1 8491/9532/1 8493/9534/1 
f 8444/9478/1 8446/9480/1 8493/9534/1 8491/9532/1 
f 8494/9535/1 8492/9533/1 8493/9534/1 8451/9485/1 
f 8446/9480/1 8447/9481/1 8451/9485/1 8493/9534/1 
f 8495/9536/1 8496/9537/1 8492/9533/1 8494/9535/1 
f 8457/9491/1 8495/9536/1 8494/9535/1 8453/9487/1 
f 8451/9485/1 8450/9484/1 8453/9487/1 8494/9535/1 
f 8497/9538/1 8498/9539/1 8496/9537/1 8495/9536/1 
f 8458/9492/1 8497/9538/1 8495/9536/1 8457/9491/1 
f 8499/9540/1 8498/9539/1 8497/9538/1 8500/9541/1 
f 8458/9492/1 8460/9494/1 8500/9541/1 8497/9538/1 
f 8501/9542/1 8499/9540/1 8500/9541/1 8502/9543/1 
f 8460/9494/1 8462/9496/1 8502/9543/1 8500/9541/1 
f 8503/9544/1 8501/9542/1 8502/9543/1 8504/9545/1 
f 8465/9499/1 8504/9545/1 8502/9543/1 8462/9496/1 
f 8505/9546/1 8506/9547/1 8503/9544/1 8504/9545/1 
f 8467/9501/1 8505/9546/1 8504/9545/1 8465/9499/1 
f 8507/9548/1 8508/9549/1 8506/9547/1 8505/9546/1 
f 8468/9502/1 8507/9548/1 8505/9546/1 8467/9501/1 
f 8509/9550/1 8510/9551/1 8508/9549/1 8507/9548/1 
f 8470/9504/1 8509/9550/1 8507/9548/1 8468/9502/1 
f 8511/9552/1 4542/5090/1 8510/9551/1 8509/9550/1 
f 8472/9506/1 8511/9552/1 8509/9550/1 8470/9504/1 
f 8512/9553/1 4540/5089/1 4542/5090/1 8511/9552/1 
f 8474/9508/1 8512/9553/1 8511/9552/1 8472/9506/1 
f 4540/5087/1 8512/9554/1 8480/9519/1 4541/5088/1 
f 8476/9510/1 8480/9555/1 8512/9553/1 8474/9508/1 
f 8513/9556/1 8508/9549/1 8510/9551/1 8514/9557/1 
f 8514/9557/1 8510/9551/1 4542/5090/1 4503/5037/1 
f 4241/9558/1 4240/9559/1 8513/9556/1 8514/9557/1 
f 4503/5037/1 146/5036/1 4241/9558/1 8514/9557/1 
f 8515/9560/1 4243/9561/1 4242/9562/1 8516/9563/1 
f 4214/9530/1 8490/9529/1 8516/9563/1 4242/9562/1 
f 8498/9539/1 8515/9560/1 8516/9563/1 8496/9537/1 
f 8490/9529/1 8492/9533/1 8496/9537/1 8516/9563/1 
f 8517/9564/1 4246/9565/1 4243/9561/1 8515/9560/1 
f 8499/9540/1 8517/9564/1 8515/9560/1 8498/9539/1 
f 4248/9566/1 4246/9565/1 8517/9564/1 8518/9567/1 
f 8499/9540/1 8501/9542/1 8518/9567/1 8517/9564/1 
f 4250/9568/1 4248/9566/1 8518/9567/1 8519/9569/1 
f 8501/9542/1 8503/9544/1 8519/9569/1 8518/9567/1 
f 4252/9570/1 4250/9568/1 8519/9569/1 8520/9571/1 
f 8503/9544/1 8506/9547/1 8520/9571/1 8519/9569/1 
f 4240/9559/1 4252/9570/1 8520/9571/1 8513/9556/1 
f 8508/9549/1 8513/9556/1 8520/9571/1 8506/9547/1 
f 4387/4882/1 8486/9525/1 4206/4627/1 11/12/1 
f 8483/9522/1 4387/4882/1 4386/4881/1 8484/9523/1 
f 8484/9523/1 4386/4881/1 4388/4884/1 4541/5088/1 
f 4541/5088/1 8480/9519/1 8481/9520/1 8484/9523/1 
f 8521/9572/1 8203/9210/1 4254/4677/1 4256/4679/1 
f 8521/9573/1 4256/9574/1 4258/9575/1 8522/9576/1 
f 8197/9203/1 8199/9202/1 8203/9210/1 8521/9572/1 
f 8196/9199/1 8197/9200/1 8521/9573/1 8522/9576/1 
f 8203/9210/1 8202/9209/1 3895/4308/1 4254/4677/1 
f 8523/9577/1 4260/9578/1 4259/9579/1 8321/9331/1 
f 8524/9580/1 4262/4686/1 4260/4683/1 8523/9581/1 
f 8525/9582/1 4264/4688/1 4262/4686/1 8524/9580/1 
f 8525/9582/1 4266/9583/1 4268/9584/1 8526/9585/1 
f 8527/9586/1 8526/9585/1 4268/9584/1 4270/9587/1 
f 4271/4695/1 8526/9585/1 8527/9586/1 4272/4696/1 
f 8528/9588/1 4273/4697/1 4272/4696/1 8527/9586/1 
f 4275/9589/1 8528/9588/1 8527/9586/1 4270/9587/1 
f 8528/9588/1 4275/9589/1 4277/9590/1 8529/9591/1 
f 8529/9591/1 4277/9590/1 116/4998/1 4475/4996/1 
f 4264/4688/1 8525/9582/1 8526/9585/1 4271/4695/1 
f 8524/9580/1 4278/9592/1 4266/9583/1 8525/9582/1 
f 8277/9286/1 8276/9285/1 8280/9289/1 8351/9364/1 
f 8295/9305/1 8297/9307/1 8342/9355/1 8293/9303/1 
f 8032/9011/1 8034/9013/1 3902/4315/1 3899/4312/1 
f 8320/9330/1 8194/9197/1 8196/9199/1 8522/9576/1 
f 8101/9091/1 8105/9098/1 8108/9103/1 8099/9089/1 
f 8065/9050/1 8064/9049/1 8067/9054/1 4705/5282/1 
f 8058/9037/1 8062/9045/1 8065/9050/1 8530/9593/1 
f 4705/5282/1 4704/5281/1 8530/9593/1 8065/9050/1 
f 3746/9038/1 8058/9037/1 8530/9593/1 4280/4708/1 
f 4704/5281/1 349/435/1 4280/4708/1 8530/9593/1 
f 7959/8929/1 7963/8932/1 4555/5106/1 7960/9594/1 
f 7954/8918/1 7953/8917/1 4566/5120/1 4567/5121/1 
f 7917/8873/1 7918/8872/1 7922/8878/1 7926/8882/1 
f 3542/3906/1 7659/8591/1 7661/8594/1 3545/3909/1 
f 3535/3899/1 7644/8576/1 7647/8579/1 3538/3902/1 
f 7630/8562/1 7632/8564/1 3531/3895/1 3528/3892/1 
f 7616/8546/1 7618/8548/1 3524/3888/1 3521/3884/1 
f 7388/8292/1 7390/8294/1 7504/8408/1 7387/8291/1 
f 7403/8307/1 7405/8309/1 7500/8404/1 7402/8306/1 
f 7406/8310/1 7408/8312/1 7496/8400/1 7405/8309/1 
f 7415/8319/1 7419/8323/1 7483/8387/1 7414/8318/1 
f 7418/8322/1 7422/8326/1 7479/8383/1 7419/8323/1 
f 7462/8366/1 4487/5010/1 4492/5020/1 7469/8373/1 
f 4488/5011/1 4487/5010/1 7462/8366/1 7461/8365/1 
f 7436/8340/1 7438/8342/1 7457/8361/1 7432/8336/1 
f 7439/8343/1 7441/8345/1 7453/8357/1 7438/8342/1 
f 7396/8300/1 7400/8304/1 7402/8306/1 7397/8301/1 
f 7335/8233/1 7337/8235/1 7341/8239/1 7334/8232/1 
f 7321/8219/1 7325/8223/1 7328/8226/1 7322/8220/1 
f 4482/5005/1 4486/5009/1 7179/9595/1 4495/5024/1 
f 4498/5029/1 7179/8053/1 4486/9596/1 4490/5030/1 
f 4501/5034/1 4435/4944/1 7172/8046/1 7171/8045/1 
f 7107/7979/1 7109/7978/1 7113/7983/1 7115/9597/1 
f 7047/7906/1 7046/7905/1 7050/7909/1 7052/7911/1 
f 4762/5351/1 4766/7884/1 7025/7883/1 7027/7886/1 
f 4766/5355/1 4765/5354/1 7023/7879/1 7022/7878/1 
f 6854/7661/1 4574/5132/1 4573/5131/1 6856/7663/1 
f 6826/7632/1 6828/7634/1 6832/7638/1 4536/5080/1 
f 4533/5077/1 6824/7630/1 6826/7632/1 4536/5080/1 
f 4533/5077/1 4532/5076/1 6822/7628/1 6824/7630/1 
f 6781/7587/1 6780/7586/1 6784/7590/1 6786/7592/1 
f 6712/7513/1 6711/7512/1 6715/7516/1 6720/7522/1 
f 6619/7761/1 6618/7406/1 6622/7405/1 4694/5269/1 
f 4623/5192/1 6599/7382/1 6600/7383/1 4624/5193/1 
f 6416/7189/1 6418/7191/1 6425/7198/1 6427/7200/1 
f 6245/7010/1 6246/7011/1 6249/7014/1 6252/7017/1 
f 4732/5315/1 6177/6928/1 6180/6931/1 4733/5316/1 
f 4730/5313/1 4735/5318/1 6173/6924/1 6174/6925/1 
f 6135/6884/1 6142/6891/1 6145/6894/1 6133/6882/1 
f 6018/6756/1 6020/6758/1 6024/6762/1 6017/6755/1 
f 5969/6707/1 5971/6709/1 4628/5197/1 4627/5196/1 
f 5967/6705/1 5969/6707/1 4627/5196/1 4631/5200/1 
f 5963/6701/1 5967/6705/1 4631/5200/1 5964/6702/1 
f 4714/5291/1 5937/6669/1 5939/6673/1 4709/5286/1 
f 4416/4924/1 4415/4923/1 5924/6652/1 5926/6651/1 
f 4419/4927/1 4418/4926/1 4675/5250/1 5921/6646/1 
f 5915/6640/1 5917/6642/1 5921/6646/1 4675/5250/1 
f 4674/5249/1 5914/6639/1 5915/6640/1 4675/5250/1 
f 4673/5248/1 5912/6637/1 5914/6639/1 4674/5249/1 
f 5586/6288/1 5588/6290/1 5873/6596/1 5585/6287/1 
f 5730/6447/1 5729/6446/1 5749/6467/1 5752/6470/1 
f 5689/6406/1 5691/6408/1 4645/5214/1 4644/5213/1 
f 5690/6407/1 5689/6406/1 4644/5213/1 4648/5217/1 
f 5589/6291/1 5591/6293/1 5596/6298/1 5588/6290/1 
f 4799/5403/1 4797/5398/1 5583/6285/1 5585/6287/1 
f 4774/5367/1 4768/5363/1 5434/6114/1 5433/6113/1 
f 4806/5410/1 5403/6080/1 4813/5420/1 4802/5406/1 
f 5386/6063/1 5388/6065/1 5393/6070/1 5385/6062/1 
f 5178/5825/1 5180/5827/1 5184/5831/1 5177/5824/1 
f 4776/5930/1 4757/5393/1 4792/5392/1 5060/5697/1 
f 4842/5460/1 4841/5459/1 5038/5664/1 5040/9598/1 
f 4867/5493/1 4970/5596/1 4975/5601/1 4868/5494/1 
f 4867/5493/1 4871/5497/1 4967/5593/1 4970/5596/1 
f 4870/5496/1 4964/5590/1 4965/5591/1 4871/5497/1 
f 4857/5481/1 4860/5484/1 4936/5562/1 4935/5561/1 
f 4833/5449/1 4855/5476/1 4834/5452/1 4831/9599/1 
f 4399/4900/1 4833/5449/1 4831/9599/1 4395/4899/1 
f 4824/5434/1 4829/5441/1 4398/5447/1 4393/4891/1 
f 4747/9600/1 4749/8209/1 4741/5324/1 4737/5320/1 
f 8531/9601/1 4747/9600/1 4737/5320/1 4736/5319/1 
f 4742/9602/1 4743/5333/1 4747/5332/1 8531/9603/1 
f 4736/5319/1 8532/9604/1 8533/9605/1 8531/9601/1 
f 8534/9606/1 4742/9602/1 8531/9603/1 8533/9607/1 
f 8533/9607/1 4724/5307/1 4728/5306/1 8534/9606/1 
f 4739/5326/1 4742/5325/1 8534/9608/1 8535/9609/1 
f 4726/5311/1 8535/9609/1 8534/9608/1 4728/5308/1 
f 4736/5319/1 4739/5322/1 8535/9610/1 8532/9604/1 
f 4726/5303/1 4721/5298/1 8532/9604/1 8535/9610/1 
f 4724/5301/1 8533/9605/1 8532/9604/1 4721/5298/1 
f 8536/9611/1 4286/4728/1 364/452/1 4700/5275/1 
f 8537/9612/1 8536/9611/1 8538/9613/1 8539/9614/1 
f 8536/9611/1 4700/5275/1 4701/5278/1 8538/9613/1 
f 4286/4728/1 8536/9611/1 8537/9612/1 4291/4733/1 
f 4293/4735/1 4291/4733/1 8537/9612/1 8540/9615/1 
f 4296/9616/1 4295/9617/1 8541/9618/1 8539/9614/1 
f 8541/9618/1 4295/9617/1 17/9619/1 4392/9620/1 
f 8539/9614/1 8541/9618/1 8540/9615/1 8537/9612/1 
f 8540/9615/1 8541/9618/1 4392/9620/1 8542/9621/1 
f 4298/9622/1 4296/9616/1 8539/9614/1 8538/9613/1 
f 4701/5278/1 4697/5277/1 4299/9623/1 4300/9624/1 
f 8538/9613/1 4701/5278/1 4300/9624/1 4298/9622/1 
f 301/5234/1 4299/9625/1 4697/5272/1 4659/5231/1 
f 4293/4735/1 8540/9615/1 8542/9621/1 4301/4745/1 
f 4687/9626/1 4686/7771/1 4716/5293/1 4715/5292/1 
f 4660/5232/1 4659/5231/1 4699/5274/1 4666/5241/1 
f 4668/5243/1 4672/5247/1 4695/7755/1 4696/9627/1 
f 4641/5210/1 4678/5253/1 4680/5255/1 4639/5208/1 
f 4637/5206/1 4640/5209/1 4633/5202/1 4632/5201/1 
f 4638/5207/1 4637/5206/1 4632/5201/1 4634/5203/1 
f 4589/5150/1 4613/5179/1 8543/9628/1 4590/5151/1 
f 8543/9628/1 4613/5179/1 4583/5178/1 4586/9629/1 
f 4594/5157/1 4590/5151/1 8543/9628/1 8544/9630/1 
f 4593/9631/1 8544/9630/1 8543/9628/1 4586/9629/1 
f 8545/9632/1 4594/9633/1 8544/9634/1 8546/9635/1 
f 8547/9636/1 8546/9635/1 8544/9634/1 4593/9637/1 
f 4593/5155/1 4592/5154/1 8548/9638/1 8547/9639/1 
f 8549/9640/1 8546/9635/1 8547/9636/1 8550/9641/1 
f 8551/9642/1 8550/9641/1 8547/9636/1 8548/9643/1 
f 8545/9632/1 8552/9644/1 8551/9645/1 8548/9646/1 
f 8553/9647/1 8550/9641/1 8551/9642/1 8554/9648/1 
f 8555/9649/1 8554/9650/1 8551/9645/1 8552/9644/1 
f 8549/9640/1 8556/9651/1 8555/9649/1 8552/9644/1 
f 8557/9652/1 8554/9650/1 8555/9649/1 8558/9653/1 
f 8559/9654/1 8558/9653/1 8555/9649/1 8556/9651/1 
f 8556/9651/1 8553/9647/1 8560/9655/1 8559/9654/1 
f 8558/9653/1 8559/9654/1 8561/9656/1 8562/9657/1 
f 8561/9656/1 8559/9654/1 8560/9655/1 8563/9658/1 
f 8554/9648/1 8557/9659/1 8560/9655/1 8553/9647/1 
f 8563/9658/1 8560/9655/1 8557/9659/1 8564/9660/1 
f 8557/9661/1 8558/9662/1 8562/9663/1 8564/9664/1 
f 8550/9641/1 8553/9647/1 8556/9651/1 8549/9640/1 
f 8545/9632/1 8546/9635/1 8549/9640/1 8552/9644/1 
f 4594/5157/1 8545/9665/1 8548/9638/1 4592/5154/1 
f 4588/5149/1 6853/7659/1 4591/7660/1 4585/5146/1 
f 4562/5116/1 8565/9666/1 4588/5149/1 4587/5148/1 
f 4563/5117/1 4566/5120/1 4582/5143/1 4579/5140/1 
f 4580/9667/1 7960/9594/1 4555/5106/1 4554/5105/1 
f 4563/5117/1 4579/5140/1 4556/5136/1 4564/5118/1 
f 4564/5118/1 4578/5138/1 8566/9668/1 4552/5100/1 
f 8566/9668/1 4578/5138/1 4537/5081/1 8567/9669/1 
f 4538/5082/1 4537/5081/1 4578/5138/1 4576/5137/1 
f 8566/9668/1 8567/9669/1 4539/5084/1 4577/5135/1 
f 4514/5052/1 4517/5055/1 4539/5084/1 8567/9669/1 
f 4514/5052/1 8567/9669/1 4537/5081/1 4515/5053/1 
f 4552/5100/1 8566/9668/1 4577/5135/1 4551/5099/1 
f 4576/5134/1 4577/5135/1 4539/5084/1 4538/5083/1 
f 4522/5102/1 4553/5101/1 4575/5133/1 4572/5129/1 
f 4562/5116/1 4557/5111/1 4558/5110/1 8565/9666/1 
f 6853/7659/1 4588/5149/1 8565/9666/1 4574/5132/1 
f 4558/5110/1 4572/5129/1 4574/5132/1 8565/9666/1 
f 4432/8508/1 7585/8507/1 7560/9670/1 4429/9671/1 
f 7560/8471/1 7585/8501/1 4509/5045/1 4508/5044/1 
f 4510/9672/1 4509/5045/1 7585/8501/1 7580/8500/1 
f 8568/9673/1 4390/4886/1 4505/5041/1 8569/9674/1 
f 4384/4879/1 8569/9675/1 4505/9676/1 4385/4880/1 
f 8570/9677/1 8568/9673/1 8569/9674/1 8571/9678/1 
f 4384/4879/1 8572/9679/1 8571/9680/1 8569/9675/1 
f 8571/9680/1 8572/9679/1 8573/9681/1 8574/9682/1 
f 8573/9681/1 8572/9679/1 4335/4804/1 4334/4803/1 
f 7/7/1 4335/4804/1 8572/9679/1 4384/4879/1 
f 8570/9677/1 4337/4806/1 4336/4805/1 8568/9673/1 
f 8568/9673/1 4336/4805/1 16/18/1 4390/4886/1 
f 83/93/1 4337/4806/1 8570/9677/1 4450/4963/1 
f 4471/4987/1 4338/4807/1 112/132/1 4469/4984/1 
f 4340/4809/1 4338/4807/1 4471/4987/1 8575/9683/1 
f 4461/9684/1 8575/9683/1 4471/4987/1 4462/4986/1 
f 4340/4809/1 8575/9683/1 8573/9681/1 4334/4803/1 
f 8573/9681/1 8575/9683/1 4461/9684/1 8574/9682/1 
f 8574/9685/1 4461/9686/1 4446/4964/1 4450/4963/1 
f 8571/9678/1 8574/9685/1 4450/4963/1 8570/9677/1 
f 8576/9687/1 4473/4990/1 4465/4979/1 4472/4989/1 
f 8576/9687/1 4466/9688/1 4468/4994/1 4473/4990/1 
f 4456/4970/1 8576/9687/1 4472/4989/1 4454/4968/1 
f 4466/9688/1 8576/9687/1 4456/4970/1 4458/4972/1 
f 4448/4961/1 111/4995/1 4342/9689/1 4449/4962/1 
f 4449/4962/1 4342/9689/1 4344/9690/1 8577/9691/1 
f 4344/9692/1 4346/4821/1 8578/9693/1 8577/9694/1 
f 8579/9695/1 4447/4960/1 4449/4962/1 8577/9691/1 
f 8580/9696/1 8578/9693/1 4346/4821/1 4349/4824/1 
f 8581/9697/1 8580/9696/1 4349/4824/1 4350/4825/1 
f 4353/9698/1 4352/9699/1 8578/9693/1 8580/9696/1 
f 8580/9696/1 8581/9697/1 4354/9700/1 4353/9698/1 
f 72/4954/1 4354/9700/1 8581/9697/1 4443/4955/1 
f 8581/9697/1 4350/4825/1 76/84/1 4443/4955/1 
f 4454/4968/1 4472/4989/1 4467/4988/1 4451/4965/1 
f 4467/4981/1 4466/4980/1 4458/9701/1 4451/9702/1 
f 4451/9702/1 4458/9701/1 4457/9703/1 4452/9704/1 
f 4439/4950/1 4356/4833/1 4355/4832/1 4444/4956/1 
f 8582/9705/1 4357/9706/1 73/4957/1 4444/4956/1 
f 8582/9705/1 4444/4956/1 4355/4832/1 4359/4836/1 
f 4361/4838/1 8583/9707/1 8582/9705/1 4359/4836/1 
f 8583/9707/1 8584/9708/1 4362/9709/1 4364/9710/1 
f 8585/9711/1 4365/4846/1 4362/9709/1 8584/9708/1 
f 4368/4845/1 4367/4844/1 8585/9711/1 8584/9708/1 
f 4369/4847/1 4365/4846/1 8585/9711/1 8586/9712/1 
f 4371/4851/1 8586/9713/1 8585/9714/1 4367/4852/1 
f 4373/4855/1 8587/9715/1 8586/9713/1 4371/4851/1 
f 4369/4856/1 8586/9716/1 8587/9717/1 4374/4857/1 
f 4376/4861/1 4374/4860/1 8587/9718/1 8588/9719/1 
f 8587/9715/1 4373/4855/1 4377/4863/1 8588/9720/1 
f 4361/4838/1 4368/4845/1 8584/9708/1 8583/9707/1 
f 4357/9706/1 8582/9705/1 8583/9707/1 4364/9710/1 
f 4378/4864/1 4356/4833/1 4439/4950/1 4442/4953/1 
f 4453/4967/1 4452/4966/1 4457/4971/1 4455/4969/1 
f 4525/5112/1 4526/9721/1 4527/5128/1 4559/5113/1 
f 4521/5061/1 4557/5109/1 4561/9722/1 4518/5060/1 
f 7960/8927/1 4580/9723/1 4581/8923/1 7958/8925/1 
f 4723/5300/1 4722/5299/1 4725/5302/1 4727/9724/1 
f 8564/9664/1 8562/9663/1 8561/9725/1 8563/9726/1 
f 8321/9331/1 4259/9579/1 4027/9332/1 8319/9329/1 
f 4468/4994/1 4470/4997/1 4475/4996/1 4474/4992/1 
f 4789/5387/1 4786/5384/1 4783/5383/1 4782/5388/1 
f 4258/9727/1 4278/9592/1 8524/9580/1 8523/9581/1 
f 8542/9621/1 4392/9620/1 4379/4872/1 4301/4745/1 
f 8529/9591/1 114/134/1 4273/4697/1 8528/9588/1 
f 8579/9695/1 4381/9728/1 4380/9729/1 4447/4960/1 
f 4445/4958/1 4378/4864/1 4442/4953/1 4441/4952/1 
f 4027/4444/2 4/4/3 3/3/4 
f 146/184/5 15/17/6 14/16/7 
f 69/77/8 72/80/9 73/81/10 
f 4375/4858/11 4376/4861/12 4377/9730/13 
f 4261/9731/14 4258/4681/15 4257/4680/16 
f 4261/9731/14 4257/4680/16 4026/4443/17 
f 4261/9731/14 4026/4443/17 4025/4442/18 
f 17/19/19 20/22/20 8589/9732/21 
f 4378/4864/22 76/84/23 75/83/24 
f 114/134/25 115/137/26 4276/4700/27 
f 529/650/28 533/654/29 497/614/30 
f 529/650/28 497/614/30 495/612/31 
f 529/650/28 495/612/31 494/611/32 
f 78/86/33 77/85/34 4380/9729/35 
f 4347/4820/36 4381/4874/37 4352/9733/38 
f 4347/4820/36 4352/9733/38 4345/4818/39 
f 4347/4820/36 4345/4818/39 4343/4816/40 
f 19/21/41 18/20/42 4379/9734/43 
f 19/21/41 8589/9732/21 20/22/20 
f 553/674/44 493/610/45 548/669/46 
f 493/610/45 496/613/47 548/669/46 
f 3/4876/4 4382/4875/48 4027/9332/2 
f 4389/4885/49 15/17/6 146/184/5 
f 73/4957/10 72/4954/9 4440/4951/50 
f 4377/9730/13 4376/4861/12 8588/9719/51 
f 8522/9576/52 4258/9575/15 8523/9577/53 
f 8320/9330/54 8522/9576/52 8523/9577/53 
f 8321/9331/55 8320/9330/54 8523/9577/53 
f 8589/9732/21 4391/9735/56 17/19/19 
f 4445/4958/57 76/84/23 4378/4864/22 
f 8529/9591/58 4475/4996/59 114/134/25 
f 4850/5470/60 4885/5511/61 4881/5507/62 
f 4846/5466/63 4850/5470/60 4881/5507/62 
f 4847/5467/64 4846/5466/63 4881/5507/62 
f 4380/9729/35 77/85/34 4447/4960/65 
f 4352/9736/38 4381/9728/37 8579/9695/66 
f 8578/9737/67 4352/9736/38 8579/9695/66 
f 8577/9691/68 8578/9737/67 8579/9695/66 
f 4379/9738/43 4392/4889/69 19/4888/41 
f 4391/9735/56 8589/9732/21 19/21/41 
f 4900/5526/70 4848/5468/71 4905/5531/72 
f 4900/5526/70 4845/5465/73 4848/5468/71 
# 8576 polygons - 42 triangles

